Copyright 1986-2018 Xilinx, Inc. All Rights Reserved.
-----------------------------------------------------------------------------------------------------------------------------------------------
| Tool Version : Vivado v.2018.3 (lin64) Build 2405991 Thu Dec  6 23:36:41 MST 2018
| Date         : Tue Dec 15 11:47:24 2020
| Host         : heplnw061.pp.rl.ac.uk running 64-bit CentOS Linux release 7.9.2009 (Core)
| Command      : report_methodology -file top_methodology_drc_routed.rpt -pb top_methodology_drc_routed.pb -rpx top_methodology_drc_routed.rpx
| Design       : top
| Device       : xczu9eg-ffvb1156-2-e
| Speed File   : -2
| Design State : Fully Routed
-----------------------------------------------------------------------------------------------------------------------------------------------

Report Methodology

Table of Contents
-----------------
1. REPORT SUMMARY
2. REPORT DETAILS

1. REPORT SUMMARY
-----------------
            Netlist: netlist
          Floorplan: design_1
      Design limits: <entire design considered>
             Max violations: <unlimited>
             Violations found: 1102
+-----------+----------+---------------------------------------------------+------------+
| Rule      | Severity | Description                                       | Violations |
+-----------+----------+---------------------------------------------------+------------+
| LUTAR-1   | Warning  | LUT drives async reset alert                      | 35         |
| SYNTH-12  | Warning  | DSP input not registered                          | 16         |
| TIMING-3  | Warning  | Invalid primary clock on Clock Modifying Block    | 1          |
| TIMING-9  | Warning  | Unknown CDC Logic                                 | 1          |
| TIMING-10 | Warning  | Missing property on synchronizer                  | 1          |
| TIMING-11 | Warning  | Inappropriate max delay with datapath only option | 16         |
| TIMING-17 | Warning  | Non-clocked sequential cell                       | 1000       |
| TIMING-20 | Warning  | Non-clocked latch                                 | 4          |
| TIMING-26 | Warning  | Missing clock on gigabit transceiver (GT)         | 14         |
| TIMING-35 | Warning  | No common node in paths with the same clock       | 1          |
| XDCH-2    | Warning  | Same min and max delay values on IO port          | 12         |
| CLKC-56   | Advisory | MMCME4 with global clock driver has no LOC        | 1          |
+-----------+----------+---------------------------------------------------+------------+

2. REPORT DETAILS
-----------------
LUTAR-1#1 Warning
LUT drives async reset alert  
LUT cell dbg_hub/inst/BSCANID.u_xsdbm_id/CORE_XSDB.UUT_MASTER/U_ICON_INTERFACE/U_CMD6_RD/U_RD_FIFO/SUBCORE_FIFO.xsdbm_v3_0_0_rdfifo_inst/inst_fifo_gen/gconvfifo.rf/grf.rf/rstblk/ngwrdrst.grst.g7serrst.gwrrd_rst_sync_stage[2].rrst_inst/ngwrdrst.grst.g7serrst.rd_rst_reg[2]_i_1, with 2 or more inputs, drives asynchronous preset/clear pin(s) dbg_hub/inst/BSCANID.u_xsdbm_id/CORE_XSDB.UUT_MASTER/U_ICON_INTERFACE/U_CMD6_RD/U_RD_FIFO/SUBCORE_FIFO.xsdbm_v3_0_0_rdfifo_inst/inst_fifo_gen/gconvfifo.rf/grf.rf/rstblk/ngwrdrst.grst.g7serrst.rd_rst_reg_reg[0]/PRE, dbg_hub/inst/BSCANID.u_xsdbm_id/CORE_XSDB.UUT_MASTER/U_ICON_INTERFACE/U_CMD6_RD/U_RD_FIFO/SUBCORE_FIFO.xsdbm_v3_0_0_rdfifo_inst/inst_fifo_gen/gconvfifo.rf/grf.rf/rstblk/ngwrdrst.grst.g7serrst.rd_rst_reg_reg[1]/PRE, dbg_hub/inst/BSCANID.u_xsdbm_id/CORE_XSDB.UUT_MASTER/U_ICON_INTERFACE/U_CMD6_RD/U_RD_FIFO/SUBCORE_FIFO.xsdbm_v3_0_0_rdfifo_inst/inst_fifo_gen/gconvfifo.rf/grf.rf/rstblk/ngwrdrst.grst.g7serrst.rd_rst_reg_reg[2]/PRE. The LUT may glitch and trigger an unexpected reset, even if it is a properly timed path.
Related violations: <none>

LUTAR-1#2 Warning
LUT drives async reset alert  
LUT cell dbg_hub/inst/BSCANID.u_xsdbm_id/CORE_XSDB.UUT_MASTER/U_ICON_INTERFACE/U_CMD6_RD/U_RD_FIFO/SUBCORE_FIFO.xsdbm_v3_0_0_rdfifo_inst/inst_fifo_gen/gconvfifo.rf/grf.rf/rstblk/ngwrdrst.grst.g7serrst.gwrrd_rst_sync_stage[2].wrst_inst/ngwrdrst.grst.g7serrst.wr_rst_reg[2]_i_1, with 2 or more inputs, drives asynchronous preset/clear pin(s) dbg_hub/inst/BSCANID.u_xsdbm_id/CORE_XSDB.UUT_MASTER/U_ICON_INTERFACE/U_CMD6_RD/U_RD_FIFO/SUBCORE_FIFO.xsdbm_v3_0_0_rdfifo_inst/inst_fifo_gen/gconvfifo.rf/grf.rf/rstblk/ngwrdrst.grst.g7serrst.wr_rst_reg_reg[0]/PRE, dbg_hub/inst/BSCANID.u_xsdbm_id/CORE_XSDB.UUT_MASTER/U_ICON_INTERFACE/U_CMD6_RD/U_RD_FIFO/SUBCORE_FIFO.xsdbm_v3_0_0_rdfifo_inst/inst_fifo_gen/gconvfifo.rf/grf.rf/rstblk/ngwrdrst.grst.g7serrst.wr_rst_reg_reg[1]/PRE, dbg_hub/inst/BSCANID.u_xsdbm_id/CORE_XSDB.UUT_MASTER/U_ICON_INTERFACE/U_CMD6_RD/U_RD_FIFO/SUBCORE_FIFO.xsdbm_v3_0_0_rdfifo_inst/inst_fifo_gen/gconvfifo.rf/grf.rf/rstblk/ngwrdrst.grst.g7serrst.wr_rst_reg_reg[2]/PRE. The LUT may glitch and trigger an unexpected reset, even if it is a properly timed path.
Related violations: <none>

LUTAR-1#3 Warning
LUT drives async reset alert  
LUT cell dbg_hub/inst/BSCANID.u_xsdbm_id/CORE_XSDB.UUT_MASTER/U_ICON_INTERFACE/U_CMD6_WR/U_WR_FIFO/SUBCORE_FIFO.xsdbm_v3_0_0_wrfifo_inst/inst_fifo_gen/gconvfifo.rf/grf.rf/rstblk/ngwrdrst.grst.g7serrst.gwrrd_rst_sync_stage[2].rrst_inst/ngwrdrst.grst.g7serrst.rd_rst_reg[2]_i_1, with 2 or more inputs, drives asynchronous preset/clear pin(s) dbg_hub/inst/BSCANID.u_xsdbm_id/CORE_XSDB.UUT_MASTER/U_ICON_INTERFACE/U_CMD6_WR/U_WR_FIFO/SUBCORE_FIFO.xsdbm_v3_0_0_wrfifo_inst/inst_fifo_gen/gconvfifo.rf/grf.rf/rstblk/ngwrdrst.grst.g7serrst.rd_rst_reg_reg[0]/PRE, dbg_hub/inst/BSCANID.u_xsdbm_id/CORE_XSDB.UUT_MASTER/U_ICON_INTERFACE/U_CMD6_WR/U_WR_FIFO/SUBCORE_FIFO.xsdbm_v3_0_0_wrfifo_inst/inst_fifo_gen/gconvfifo.rf/grf.rf/rstblk/ngwrdrst.grst.g7serrst.rd_rst_reg_reg[1]/PRE, dbg_hub/inst/BSCANID.u_xsdbm_id/CORE_XSDB.UUT_MASTER/U_ICON_INTERFACE/U_CMD6_WR/U_WR_FIFO/SUBCORE_FIFO.xsdbm_v3_0_0_wrfifo_inst/inst_fifo_gen/gconvfifo.rf/grf.rf/rstblk/ngwrdrst.grst.g7serrst.rd_rst_reg_reg[2]/PRE. The LUT may glitch and trigger an unexpected reset, even if it is a properly timed path.
Related violations: <none>

LUTAR-1#4 Warning
LUT drives async reset alert  
LUT cell dbg_hub/inst/BSCANID.u_xsdbm_id/CORE_XSDB.UUT_MASTER/U_ICON_INTERFACE/U_CMD6_WR/U_WR_FIFO/SUBCORE_FIFO.xsdbm_v3_0_0_wrfifo_inst/inst_fifo_gen/gconvfifo.rf/grf.rf/rstblk/ngwrdrst.grst.g7serrst.gwrrd_rst_sync_stage[2].wrst_inst/ngwrdrst.grst.g7serrst.wr_rst_reg[2]_i_1, with 2 or more inputs, drives asynchronous preset/clear pin(s) dbg_hub/inst/BSCANID.u_xsdbm_id/CORE_XSDB.UUT_MASTER/U_ICON_INTERFACE/U_CMD6_WR/U_WR_FIFO/SUBCORE_FIFO.xsdbm_v3_0_0_wrfifo_inst/inst_fifo_gen/gconvfifo.rf/grf.rf/rstblk/ngwrdrst.grst.g7serrst.wr_rst_reg_reg[0]/PRE, dbg_hub/inst/BSCANID.u_xsdbm_id/CORE_XSDB.UUT_MASTER/U_ICON_INTERFACE/U_CMD6_WR/U_WR_FIFO/SUBCORE_FIFO.xsdbm_v3_0_0_wrfifo_inst/inst_fifo_gen/gconvfifo.rf/grf.rf/rstblk/ngwrdrst.grst.g7serrst.wr_rst_reg_reg[1]/PRE, dbg_hub/inst/BSCANID.u_xsdbm_id/CORE_XSDB.UUT_MASTER/U_ICON_INTERFACE/U_CMD6_WR/U_WR_FIFO/SUBCORE_FIFO.xsdbm_v3_0_0_wrfifo_inst/inst_fifo_gen/gconvfifo.rf/grf.rf/rstblk/ngwrdrst.grst.g7serrst.wr_rst_reg_reg[2]/PRE. The LUT may glitch and trigger an unexpected reset, even if it is a properly timed path.
Related violations: <none>

LUTAR-1#5 Warning
LUT drives async reset alert  
LUT cell dbg_hub/inst/BSCANID.u_xsdbm_id/SWITCH_N_EXT_BSCAN.bscan_switch/m_bscan_sel[0]_INST_0, with 2 or more inputs, drives asynchronous preset/clear pin(s) dbg_hub/inst/BSCANID.u_xsdbm_id/CORE_XSDB.U_ICON/U_CMD/iTARGET_reg[10]/CLR, dbg_hub/inst/BSCANID.u_xsdbm_id/CORE_XSDB.U_ICON/U_CMD/iTARGET_reg[11]/CLR, dbg_hub/inst/BSCANID.u_xsdbm_id/CORE_XSDB.U_ICON/U_CMD/iTARGET_reg[12]/CLR, dbg_hub/inst/BSCANID.u_xsdbm_id/CORE_XSDB.U_ICON/U_CMD/iTARGET_reg[13]/CLR, dbg_hub/inst/BSCANID.u_xsdbm_id/CORE_XSDB.U_ICON/U_CMD/iTARGET_reg[14]/CLR, dbg_hub/inst/BSCANID.u_xsdbm_id/CORE_XSDB.U_ICON/U_CMD/iTARGET_reg[15]/CLR, dbg_hub/inst/BSCANID.u_xsdbm_id/CORE_XSDB.U_ICON/U_CMD/iTARGET_reg[6]/CLR, dbg_hub/inst/BSCANID.u_xsdbm_id/CORE_XSDB.U_ICON/U_CMD/iTARGET_reg[7]/CLR, dbg_hub/inst/BSCANID.u_xsdbm_id/CORE_XSDB.U_ICON/U_CMD/iTARGET_reg[8]/CLR, dbg_hub/inst/BSCANID.u_xsdbm_id/CORE_XSDB.U_ICON/U_CMD/iTARGET_reg[9]/CLR. The LUT may glitch and trigger an unexpected reset, even if it is a properly timed path.
Related violations: <none>

LUTAR-1#6 Warning
LUT drives async reset alert  
LUT cell infra/eth/mac_i_1, with 2 or more inputs, drives asynchronous preset/clear pin(s) infra/eth/mac/U0/temac_gbe_v9_0_core/sync_glbl_rstn_tx_clk/async_rst0_reg/CLR, infra/eth/mac/U0/temac_gbe_v9_0_core/sync_glbl_rstn_tx_clk/async_rst1_reg/CLR, infra/eth/mac/U0/temac_gbe_v9_0_core/sync_glbl_rstn_tx_clk/async_rst2_reg/CLR, infra/eth/mac/U0/temac_gbe_v9_0_core/sync_glbl_rstn_tx_clk/async_rst3_reg/CLR, infra/eth/mac/U0/temac_gbe_v9_0_core/sync_glbl_rstn_tx_clk/async_rst4_reg/CLR, infra/eth/mac/U0/temac_gbe_v9_0_core/sync_glbl_rstn_rx_clk/async_rst0_reg/CLR, infra/eth/mac/U0/temac_gbe_v9_0_core/sync_glbl_rstn_rx_clk/async_rst1_reg/CLR, infra/eth/mac/U0/temac_gbe_v9_0_core/sync_glbl_rstn_rx_clk/async_rst2_reg/CLR, infra/eth/mac/U0/temac_gbe_v9_0_core/sync_glbl_rstn_rx_clk/async_rst3_reg/CLR, infra/eth/mac/U0/temac_gbe_v9_0_core/sync_glbl_rstn_rx_clk/async_rst4_reg/CLR. The LUT may glitch and trigger an unexpected reset, even if it is a properly timed path.
Related violations: <none>

LUTAR-1#7 Warning
LUT drives async reset alert  
LUT cell infra/eth/phy/U0/pcs_pma_block_i/transceiver_inst/gig_ethernet_pcs_pma_basex_156_25_gt_i/inst/gen_gtwizard_gthe4_top.gig_ethernet_pcs_pma_basex_156_25_gt_gtwizard_gthe4_inst/gen_gtwizard_gthe4.gen_cpll_cal_gthe4.cpll_cal_reset_int, with 2 or more inputs, drives asynchronous preset/clear pin(s) infra/eth/phy/U0/pcs_pma_block_i/transceiver_inst/gig_ethernet_pcs_pma_basex_156_25_gt_i/inst/gen_gtwizard_gthe4_top.gig_ethernet_pcs_pma_basex_156_25_gt_gtwizard_gthe4_inst/gen_gtwizard_gthe4.gen_cpll_cal_gthe4.gen_cpll_cal_inst[0].gen_inst_cpll_cal.gtwizard_ultrascale_v1_7_5_gthe4_cpll_cal_inst/reset_synchronizer_resetin_tx_inst/rst_in_meta_reg/PRE, infra/eth/phy/U0/pcs_pma_block_i/transceiver_inst/gig_ethernet_pcs_pma_basex_156_25_gt_i/inst/gen_gtwizard_gthe4_top.gig_ethernet_pcs_pma_basex_156_25_gt_gtwizard_gthe4_inst/gen_gtwizard_gthe4.gen_cpll_cal_gthe4.gen_cpll_cal_inst[0].gen_inst_cpll_cal.gtwizard_ultrascale_v1_7_5_gthe4_cpll_cal_inst/reset_synchronizer_resetin_tx_inst/rst_in_out_reg/PRE, infra/eth/phy/U0/pcs_pma_block_i/transceiver_inst/gig_ethernet_pcs_pma_basex_156_25_gt_i/inst/gen_gtwizard_gthe4_top.gig_ethernet_pcs_pma_basex_156_25_gt_gtwizard_gthe4_inst/gen_gtwizard_gthe4.gen_cpll_cal_gthe4.gen_cpll_cal_inst[0].gen_inst_cpll_cal.gtwizard_ultrascale_v1_7_5_gthe4_cpll_cal_inst/reset_synchronizer_resetin_tx_inst/rst_in_sync1_reg/PRE, infra/eth/phy/U0/pcs_pma_block_i/transceiver_inst/gig_ethernet_pcs_pma_basex_156_25_gt_i/inst/gen_gtwizard_gthe4_top.gig_ethernet_pcs_pma_basex_156_25_gt_gtwizard_gthe4_inst/gen_gtwizard_gthe4.gen_cpll_cal_gthe4.gen_cpll_cal_inst[0].gen_inst_cpll_cal.gtwizard_ultrascale_v1_7_5_gthe4_cpll_cal_inst/reset_synchronizer_resetin_tx_inst/rst_in_sync2_reg/PRE, infra/eth/phy/U0/pcs_pma_block_i/transceiver_inst/gig_ethernet_pcs_pma_basex_156_25_gt_i/inst/gen_gtwizard_gthe4_top.gig_ethernet_pcs_pma_basex_156_25_gt_gtwizard_gthe4_inst/gen_gtwizard_gthe4.gen_cpll_cal_gthe4.gen_cpll_cal_inst[0].gen_inst_cpll_cal.gtwizard_ultrascale_v1_7_5_gthe4_cpll_cal_inst/reset_synchronizer_resetin_tx_inst/rst_in_sync3_reg/PRE. The LUT may glitch and trigger an unexpected reset, even if it is a properly timed path.
Related violations: <none>

LUTAR-1#8 Warning
LUT drives async reset alert  
LUT cell infra/eth/phy/U0/pcs_pma_block_i/transceiver_inst/gig_ethernet_pcs_pma_basex_156_25_gt_i/inst/gen_gtwizard_gthe4_top.gig_ethernet_pcs_pma_basex_156_25_gt_gtwizard_gthe4_inst/gen_gtwizard_gthe4.gen_reset_controller_internal.gen_single_instance.gtwiz_reset_inst/reset_synchronizer_gtwiz_reset_rx_any_inst/rst_in_meta_i_1__1, with 2 or more inputs, drives asynchronous preset/clear pin(s) infra/eth/phy/U0/pcs_pma_block_i/transceiver_inst/gig_ethernet_pcs_pma_basex_156_25_gt_i/inst/gen_gtwizard_gthe4_top.gig_ethernet_pcs_pma_basex_156_25_gt_gtwizard_gthe4_inst/gen_gtwizard_gthe4.gen_reset_controller_internal.gen_single_instance.gtwiz_reset_inst/reset_synchronizer_gtwiz_reset_rx_any_inst/rst_in_meta_reg/PRE, infra/eth/phy/U0/pcs_pma_block_i/transceiver_inst/gig_ethernet_pcs_pma_basex_156_25_gt_i/inst/gen_gtwizard_gthe4_top.gig_ethernet_pcs_pma_basex_156_25_gt_gtwizard_gthe4_inst/gen_gtwizard_gthe4.gen_reset_controller_internal.gen_single_instance.gtwiz_reset_inst/reset_synchronizer_gtwiz_reset_rx_any_inst/rst_in_out_reg/PRE, infra/eth/phy/U0/pcs_pma_block_i/transceiver_inst/gig_ethernet_pcs_pma_basex_156_25_gt_i/inst/gen_gtwizard_gthe4_top.gig_ethernet_pcs_pma_basex_156_25_gt_gtwizard_gthe4_inst/gen_gtwizard_gthe4.gen_reset_controller_internal.gen_single_instance.gtwiz_reset_inst/reset_synchronizer_gtwiz_reset_rx_any_inst/rst_in_sync1_reg/PRE, infra/eth/phy/U0/pcs_pma_block_i/transceiver_inst/gig_ethernet_pcs_pma_basex_156_25_gt_i/inst/gen_gtwizard_gthe4_top.gig_ethernet_pcs_pma_basex_156_25_gt_gtwizard_gthe4_inst/gen_gtwizard_gthe4.gen_reset_controller_internal.gen_single_instance.gtwiz_reset_inst/reset_synchronizer_gtwiz_reset_rx_any_inst/rst_in_sync2_reg/PRE, infra/eth/phy/U0/pcs_pma_block_i/transceiver_inst/gig_ethernet_pcs_pma_basex_156_25_gt_i/inst/gen_gtwizard_gthe4_top.gig_ethernet_pcs_pma_basex_156_25_gt_gtwizard_gthe4_inst/gen_gtwizard_gthe4.gen_reset_controller_internal.gen_single_instance.gtwiz_reset_inst/reset_synchronizer_gtwiz_reset_rx_any_inst/rst_in_sync3_reg/PRE. The LUT may glitch and trigger an unexpected reset, even if it is a properly timed path.
Related violations: <none>

LUTAR-1#9 Warning
LUT drives async reset alert  
LUT cell infra/eth/phy/U0/pcs_pma_block_i/transceiver_inst/gig_ethernet_pcs_pma_basex_156_25_gt_i/inst/gen_gtwizard_gthe4_top.gig_ethernet_pcs_pma_basex_156_25_gt_gtwizard_gthe4_inst/gen_gtwizard_gthe4.gen_reset_controller_internal.gen_single_instance.gtwiz_reset_inst/reset_synchronizer_gtwiz_reset_rx_datapath_inst/rst_in_meta_i_1__3, with 2 or more inputs, drives asynchronous preset/clear pin(s) infra/eth/phy/U0/pcs_pma_block_i/transceiver_inst/gig_ethernet_pcs_pma_basex_156_25_gt_i/inst/gen_gtwizard_gthe4_top.gig_ethernet_pcs_pma_basex_156_25_gt_gtwizard_gthe4_inst/gen_gtwizard_gthe4.gen_reset_controller_internal.gen_single_instance.gtwiz_reset_inst/reset_synchronizer_gtwiz_reset_rx_datapath_inst/rst_in_meta_reg/PRE, infra/eth/phy/U0/pcs_pma_block_i/transceiver_inst/gig_ethernet_pcs_pma_basex_156_25_gt_i/inst/gen_gtwizard_gthe4_top.gig_ethernet_pcs_pma_basex_156_25_gt_gtwizard_gthe4_inst/gen_gtwizard_gthe4.gen_reset_controller_internal.gen_single_instance.gtwiz_reset_inst/reset_synchronizer_gtwiz_reset_rx_datapath_inst/rst_in_out_reg/PRE, infra/eth/phy/U0/pcs_pma_block_i/transceiver_inst/gig_ethernet_pcs_pma_basex_156_25_gt_i/inst/gen_gtwizard_gthe4_top.gig_ethernet_pcs_pma_basex_156_25_gt_gtwizard_gthe4_inst/gen_gtwizard_gthe4.gen_reset_controller_internal.gen_single_instance.gtwiz_reset_inst/reset_synchronizer_gtwiz_reset_rx_datapath_inst/rst_in_sync1_reg/PRE, infra/eth/phy/U0/pcs_pma_block_i/transceiver_inst/gig_ethernet_pcs_pma_basex_156_25_gt_i/inst/gen_gtwizard_gthe4_top.gig_ethernet_pcs_pma_basex_156_25_gt_gtwizard_gthe4_inst/gen_gtwizard_gthe4.gen_reset_controller_internal.gen_single_instance.gtwiz_reset_inst/reset_synchronizer_gtwiz_reset_rx_datapath_inst/rst_in_sync2_reg/PRE, infra/eth/phy/U0/pcs_pma_block_i/transceiver_inst/gig_ethernet_pcs_pma_basex_156_25_gt_i/inst/gen_gtwizard_gthe4_top.gig_ethernet_pcs_pma_basex_156_25_gt_gtwizard_gthe4_inst/gen_gtwizard_gthe4.gen_reset_controller_internal.gen_single_instance.gtwiz_reset_inst/reset_synchronizer_gtwiz_reset_rx_datapath_inst/rst_in_sync3_reg/PRE. The LUT may glitch and trigger an unexpected reset, even if it is a properly timed path.
Related violations: <none>

LUTAR-1#10 Warning
LUT drives async reset alert  
LUT cell infra/eth/phy/U0/pcs_pma_block_i/transceiver_inst/gig_ethernet_pcs_pma_basex_156_25_gt_i/inst/gen_gtwizard_gthe4_top.gig_ethernet_pcs_pma_basex_156_25_gt_gtwizard_gthe4_inst/gen_gtwizard_gthe4.gen_reset_controller_internal.gen_single_instance.gtwiz_reset_inst/reset_synchronizer_gtwiz_reset_tx_any_inst/rst_in_meta_i_1, with 2 or more inputs, drives asynchronous preset/clear pin(s) infra/eth/phy/U0/pcs_pma_block_i/transceiver_inst/gig_ethernet_pcs_pma_basex_156_25_gt_i/inst/gen_gtwizard_gthe4_top.gig_ethernet_pcs_pma_basex_156_25_gt_gtwizard_gthe4_inst/gen_gtwizard_gthe4.gen_reset_controller_internal.gen_single_instance.gtwiz_reset_inst/reset_synchronizer_gtwiz_reset_tx_any_inst/rst_in_meta_reg/PRE, infra/eth/phy/U0/pcs_pma_block_i/transceiver_inst/gig_ethernet_pcs_pma_basex_156_25_gt_i/inst/gen_gtwizard_gthe4_top.gig_ethernet_pcs_pma_basex_156_25_gt_gtwizard_gthe4_inst/gen_gtwizard_gthe4.gen_reset_controller_internal.gen_single_instance.gtwiz_reset_inst/reset_synchronizer_gtwiz_reset_tx_any_inst/rst_in_out_reg/PRE, infra/eth/phy/U0/pcs_pma_block_i/transceiver_inst/gig_ethernet_pcs_pma_basex_156_25_gt_i/inst/gen_gtwizard_gthe4_top.gig_ethernet_pcs_pma_basex_156_25_gt_gtwizard_gthe4_inst/gen_gtwizard_gthe4.gen_reset_controller_internal.gen_single_instance.gtwiz_reset_inst/reset_synchronizer_gtwiz_reset_tx_any_inst/rst_in_sync1_reg/PRE, infra/eth/phy/U0/pcs_pma_block_i/transceiver_inst/gig_ethernet_pcs_pma_basex_156_25_gt_i/inst/gen_gtwizard_gthe4_top.gig_ethernet_pcs_pma_basex_156_25_gt_gtwizard_gthe4_inst/gen_gtwizard_gthe4.gen_reset_controller_internal.gen_single_instance.gtwiz_reset_inst/reset_synchronizer_gtwiz_reset_tx_any_inst/rst_in_sync2_reg/PRE, infra/eth/phy/U0/pcs_pma_block_i/transceiver_inst/gig_ethernet_pcs_pma_basex_156_25_gt_i/inst/gen_gtwizard_gthe4_top.gig_ethernet_pcs_pma_basex_156_25_gt_gtwizard_gthe4_inst/gen_gtwizard_gthe4.gen_reset_controller_internal.gen_single_instance.gtwiz_reset_inst/reset_synchronizer_gtwiz_reset_tx_any_inst/rst_in_sync3_reg/PRE. The LUT may glitch and trigger an unexpected reset, even if it is a properly timed path.
Related violations: <none>

LUTAR-1#11 Warning
LUT drives async reset alert  
LUT cell infra/eth/phy/U0/pcs_pma_block_i/transceiver_inst/gig_ethernet_pcs_pma_basex_156_25_gt_i_i_1, with 2 or more inputs, drives asynchronous preset/clear pin(s) infra/eth/phy/U0/pcs_pma_block_i/transceiver_inst/gig_ethernet_pcs_pma_basex_156_25_gt_i/inst/gen_gtwizard_gthe4_top.gig_ethernet_pcs_pma_basex_156_25_gt_gtwizard_gthe4_inst/gen_gtwizard_gthe4.gen_reset_controller_internal.gen_single_instance.gtwiz_reset_inst/reset_synchronizer_gtwiz_reset_tx_datapath_inst/rst_in_meta_reg/PRE, infra/eth/phy/U0/pcs_pma_block_i/transceiver_inst/gig_ethernet_pcs_pma_basex_156_25_gt_i/inst/gen_gtwizard_gthe4_top.gig_ethernet_pcs_pma_basex_156_25_gt_gtwizard_gthe4_inst/gen_gtwizard_gthe4.gen_reset_controller_internal.gen_single_instance.gtwiz_reset_inst/reset_synchronizer_gtwiz_reset_tx_datapath_inst/rst_in_out_reg/PRE, infra/eth/phy/U0/pcs_pma_block_i/transceiver_inst/gig_ethernet_pcs_pma_basex_156_25_gt_i/inst/gen_gtwizard_gthe4_top.gig_ethernet_pcs_pma_basex_156_25_gt_gtwizard_gthe4_inst/gen_gtwizard_gthe4.gen_reset_controller_internal.gen_single_instance.gtwiz_reset_inst/reset_synchronizer_gtwiz_reset_tx_datapath_inst/rst_in_sync1_reg/PRE, infra/eth/phy/U0/pcs_pma_block_i/transceiver_inst/gig_ethernet_pcs_pma_basex_156_25_gt_i/inst/gen_gtwizard_gthe4_top.gig_ethernet_pcs_pma_basex_156_25_gt_gtwizard_gthe4_inst/gen_gtwizard_gthe4.gen_reset_controller_internal.gen_single_instance.gtwiz_reset_inst/reset_synchronizer_gtwiz_reset_tx_datapath_inst/rst_in_sync2_reg/PRE, infra/eth/phy/U0/pcs_pma_block_i/transceiver_inst/gig_ethernet_pcs_pma_basex_156_25_gt_i/inst/gen_gtwizard_gthe4_top.gig_ethernet_pcs_pma_basex_156_25_gt_gtwizard_gthe4_inst/gen_gtwizard_gthe4.gen_reset_controller_internal.gen_single_instance.gtwiz_reset_inst/reset_synchronizer_gtwiz_reset_tx_datapath_inst/rst_in_sync3_reg/PRE. The LUT may glitch and trigger an unexpected reset, even if it is a properly timed path.
Related violations: <none>

LUTAR-1#12 Warning
LUT drives async reset alert  
LUT cell mgt/mgt/example_checking_inst0/example_checking_reset_synchronizer_inst_i_1, with 2 or more inputs, drives asynchronous preset/clear pin(s) mgt/mgt/example_checking_inst0/example_checking_reset_synchronizer_inst/rst_in_meta_reg/PRE, mgt/mgt/example_checking_inst0/example_checking_reset_synchronizer_inst/rst_in_out_reg/PRE, mgt/mgt/example_checking_inst0/example_checking_reset_synchronizer_inst/rst_in_sync1_reg/PRE, mgt/mgt/example_checking_inst0/example_checking_reset_synchronizer_inst/rst_in_sync2_reg/PRE, mgt/mgt/example_checking_inst0/example_checking_reset_synchronizer_inst/rst_in_sync3_reg/PRE. The LUT may glitch and trigger an unexpected reset, even if it is a properly timed path.
Related violations: <none>

LUTAR-1#13 Warning
LUT drives async reset alert  
LUT cell mgt/mgt/example_checking_inst1/example_checking_reset_synchronizer_inst_i_1, with 2 or more inputs, drives asynchronous preset/clear pin(s) mgt/mgt/example_checking_inst1/example_checking_reset_synchronizer_inst/rst_in_meta_reg/PRE, mgt/mgt/example_checking_inst1/example_checking_reset_synchronizer_inst/rst_in_out_reg/PRE, mgt/mgt/example_checking_inst1/example_checking_reset_synchronizer_inst/rst_in_sync1_reg/PRE, mgt/mgt/example_checking_inst1/example_checking_reset_synchronizer_inst/rst_in_sync2_reg/PRE, mgt/mgt/example_checking_inst1/example_checking_reset_synchronizer_inst/rst_in_sync3_reg/PRE. The LUT may glitch and trigger an unexpected reset, even if it is a properly timed path.
Related violations: <none>

LUTAR-1#14 Warning
LUT drives async reset alert  
LUT cell mgt/mgt/example_checking_inst2/example_checking_reset_synchronizer_inst_i_1, with 2 or more inputs, drives asynchronous preset/clear pin(s) mgt/mgt/example_checking_inst2/example_checking_reset_synchronizer_inst/rst_in_meta_reg/PRE, mgt/mgt/example_checking_inst2/example_checking_reset_synchronizer_inst/rst_in_out_reg/PRE, mgt/mgt/example_checking_inst2/example_checking_reset_synchronizer_inst/rst_in_sync1_reg/PRE, mgt/mgt/example_checking_inst2/example_checking_reset_synchronizer_inst/rst_in_sync2_reg/PRE, mgt/mgt/example_checking_inst2/example_checking_reset_synchronizer_inst/rst_in_sync3_reg/PRE. The LUT may glitch and trigger an unexpected reset, even if it is a properly timed path.
Related violations: <none>

LUTAR-1#15 Warning
LUT drives async reset alert  
LUT cell mgt/mgt/example_checking_inst3/example_checking_reset_synchronizer_inst_i_1, with 2 or more inputs, drives asynchronous preset/clear pin(s) mgt/mgt/example_checking_inst3/example_checking_reset_synchronizer_inst/rst_in_meta_reg/PRE, mgt/mgt/example_checking_inst3/example_checking_reset_synchronizer_inst/rst_in_out_reg/PRE, mgt/mgt/example_checking_inst3/example_checking_reset_synchronizer_inst/rst_in_sync1_reg/PRE, mgt/mgt/example_checking_inst3/example_checking_reset_synchronizer_inst/rst_in_sync2_reg/PRE, mgt/mgt/example_checking_inst3/example_checking_reset_synchronizer_inst/rst_in_sync3_reg/PRE. The LUT may glitch and trigger an unexpected reset, even if it is a properly timed path.
Related violations: <none>

LUTAR-1#16 Warning
LUT drives async reset alert  
LUT cell mgt/mgt/example_checking_inst4/example_checking_reset_synchronizer_inst_i_1, with 2 or more inputs, drives asynchronous preset/clear pin(s) mgt/mgt/example_checking_inst4/example_checking_reset_synchronizer_inst/rst_in_meta_reg/PRE, mgt/mgt/example_checking_inst4/example_checking_reset_synchronizer_inst/rst_in_out_reg/PRE, mgt/mgt/example_checking_inst4/example_checking_reset_synchronizer_inst/rst_in_sync1_reg/PRE, mgt/mgt/example_checking_inst4/example_checking_reset_synchronizer_inst/rst_in_sync2_reg/PRE, mgt/mgt/example_checking_inst4/example_checking_reset_synchronizer_inst/rst_in_sync3_reg/PRE. The LUT may glitch and trigger an unexpected reset, even if it is a properly timed path.
Related violations: <none>

LUTAR-1#17 Warning
LUT drives async reset alert  
LUT cell mgt/mgt/example_checking_inst5/example_checking_reset_synchronizer_inst_i_1, with 2 or more inputs, drives asynchronous preset/clear pin(s) mgt/mgt/example_checking_inst5/example_checking_reset_synchronizer_inst/rst_in_meta_reg/PRE, mgt/mgt/example_checking_inst5/example_checking_reset_synchronizer_inst/rst_in_out_reg/PRE, mgt/mgt/example_checking_inst5/example_checking_reset_synchronizer_inst/rst_in_sync1_reg/PRE, mgt/mgt/example_checking_inst5/example_checking_reset_synchronizer_inst/rst_in_sync2_reg/PRE, mgt/mgt/example_checking_inst5/example_checking_reset_synchronizer_inst/rst_in_sync3_reg/PRE. The LUT may glitch and trigger an unexpected reset, even if it is a properly timed path.
Related violations: <none>

LUTAR-1#18 Warning
LUT drives async reset alert  
LUT cell mgt/mgt/example_checking_inst6/example_checking_reset_synchronizer_inst_i_1, with 2 or more inputs, drives asynchronous preset/clear pin(s) mgt/mgt/example_checking_inst6/example_checking_reset_synchronizer_inst/rst_in_meta_reg/PRE, mgt/mgt/example_checking_inst6/example_checking_reset_synchronizer_inst/rst_in_out_reg/PRE, mgt/mgt/example_checking_inst6/example_checking_reset_synchronizer_inst/rst_in_sync1_reg/PRE, mgt/mgt/example_checking_inst6/example_checking_reset_synchronizer_inst/rst_in_sync2_reg/PRE, mgt/mgt/example_checking_inst6/example_checking_reset_synchronizer_inst/rst_in_sync3_reg/PRE. The LUT may glitch and trigger an unexpected reset, even if it is a properly timed path.
Related violations: <none>

LUTAR-1#19 Warning
LUT drives async reset alert  
LUT cell mgt/mgt/example_checking_inst7/example_checking_reset_synchronizer_inst_i_1, with 2 or more inputs, drives asynchronous preset/clear pin(s) mgt/mgt/example_checking_inst7/example_checking_reset_synchronizer_inst/rst_in_meta_reg/PRE, mgt/mgt/example_checking_inst7/example_checking_reset_synchronizer_inst/rst_in_out_reg/PRE, mgt/mgt/example_checking_inst7/example_checking_reset_synchronizer_inst/rst_in_sync1_reg/PRE, mgt/mgt/example_checking_inst7/example_checking_reset_synchronizer_inst/rst_in_sync2_reg/PRE, mgt/mgt/example_checking_inst7/example_checking_reset_synchronizer_inst/rst_in_sync3_reg/PRE. The LUT may glitch and trigger an unexpected reset, even if it is a properly timed path.
Related violations: <none>

LUTAR-1#20 Warning
LUT drives async reset alert  
LUT cell mgt/mgt/example_stimulus_inst0/example_stimulus_reset_synchronizer_inst_i_1, with 2 or more inputs, drives asynchronous preset/clear pin(s) mgt/mgt/example_stimulus_inst0/example_stimulus_reset_synchronizer_inst/rst_in_meta_reg/PRE, mgt/mgt/example_stimulus_inst0/example_stimulus_reset_synchronizer_inst/rst_in_out_reg/PRE, mgt/mgt/example_stimulus_inst0/example_stimulus_reset_synchronizer_inst/rst_in_sync1_reg/PRE, mgt/mgt/example_stimulus_inst0/example_stimulus_reset_synchronizer_inst/rst_in_sync2_reg/PRE, mgt/mgt/example_stimulus_inst0/example_stimulus_reset_synchronizer_inst/rst_in_sync3_reg/PRE. The LUT may glitch and trigger an unexpected reset, even if it is a properly timed path.
Related violations: <none>

LUTAR-1#21 Warning
LUT drives async reset alert  
LUT cell mgt/mgt/example_stimulus_inst1/example_stimulus_reset_synchronizer_inst_i_1, with 2 or more inputs, drives asynchronous preset/clear pin(s) mgt/mgt/example_stimulus_inst1/example_stimulus_reset_synchronizer_inst/rst_in_meta_reg/PRE, mgt/mgt/example_stimulus_inst1/example_stimulus_reset_synchronizer_inst/rst_in_out_reg/PRE, mgt/mgt/example_stimulus_inst1/example_stimulus_reset_synchronizer_inst/rst_in_sync1_reg/PRE, mgt/mgt/example_stimulus_inst1/example_stimulus_reset_synchronizer_inst/rst_in_sync2_reg/PRE, mgt/mgt/example_stimulus_inst1/example_stimulus_reset_synchronizer_inst/rst_in_sync3_reg/PRE. The LUT may glitch and trigger an unexpected reset, even if it is a properly timed path.
Related violations: <none>

LUTAR-1#22 Warning
LUT drives async reset alert  
LUT cell mgt/mgt/example_stimulus_inst2/example_stimulus_reset_synchronizer_inst_i_1, with 2 or more inputs, drives asynchronous preset/clear pin(s) mgt/mgt/example_stimulus_inst2/example_stimulus_reset_synchronizer_inst/rst_in_meta_reg/PRE, mgt/mgt/example_stimulus_inst2/example_stimulus_reset_synchronizer_inst/rst_in_out_reg/PRE, mgt/mgt/example_stimulus_inst2/example_stimulus_reset_synchronizer_inst/rst_in_sync1_reg/PRE, mgt/mgt/example_stimulus_inst2/example_stimulus_reset_synchronizer_inst/rst_in_sync2_reg/PRE, mgt/mgt/example_stimulus_inst2/example_stimulus_reset_synchronizer_inst/rst_in_sync3_reg/PRE. The LUT may glitch and trigger an unexpected reset, even if it is a properly timed path.
Related violations: <none>

LUTAR-1#23 Warning
LUT drives async reset alert  
LUT cell mgt/mgt/example_stimulus_inst3/example_stimulus_reset_synchronizer_inst_i_1, with 2 or more inputs, drives asynchronous preset/clear pin(s) mgt/mgt/example_stimulus_inst3/example_stimulus_reset_synchronizer_inst/rst_in_meta_reg/PRE, mgt/mgt/example_stimulus_inst3/example_stimulus_reset_synchronizer_inst/rst_in_out_reg/PRE, mgt/mgt/example_stimulus_inst3/example_stimulus_reset_synchronizer_inst/rst_in_sync1_reg/PRE, mgt/mgt/example_stimulus_inst3/example_stimulus_reset_synchronizer_inst/rst_in_sync2_reg/PRE, mgt/mgt/example_stimulus_inst3/example_stimulus_reset_synchronizer_inst/rst_in_sync3_reg/PRE. The LUT may glitch and trigger an unexpected reset, even if it is a properly timed path.
Related violations: <none>

LUTAR-1#24 Warning
LUT drives async reset alert  
LUT cell mgt/mgt/example_stimulus_inst4/example_stimulus_reset_synchronizer_inst_i_1, with 2 or more inputs, drives asynchronous preset/clear pin(s) mgt/mgt/example_stimulus_inst4/example_stimulus_reset_synchronizer_inst/rst_in_meta_reg/PRE, mgt/mgt/example_stimulus_inst4/example_stimulus_reset_synchronizer_inst/rst_in_out_reg/PRE, mgt/mgt/example_stimulus_inst4/example_stimulus_reset_synchronizer_inst/rst_in_sync1_reg/PRE, mgt/mgt/example_stimulus_inst4/example_stimulus_reset_synchronizer_inst/rst_in_sync2_reg/PRE, mgt/mgt/example_stimulus_inst4/example_stimulus_reset_synchronizer_inst/rst_in_sync3_reg/PRE. The LUT may glitch and trigger an unexpected reset, even if it is a properly timed path.
Related violations: <none>

LUTAR-1#25 Warning
LUT drives async reset alert  
LUT cell mgt/mgt/example_stimulus_inst5/example_stimulus_reset_synchronizer_inst_i_1, with 2 or more inputs, drives asynchronous preset/clear pin(s) mgt/mgt/example_stimulus_inst5/example_stimulus_reset_synchronizer_inst/rst_in_meta_reg/PRE, mgt/mgt/example_stimulus_inst5/example_stimulus_reset_synchronizer_inst/rst_in_out_reg/PRE, mgt/mgt/example_stimulus_inst5/example_stimulus_reset_synchronizer_inst/rst_in_sync1_reg/PRE, mgt/mgt/example_stimulus_inst5/example_stimulus_reset_synchronizer_inst/rst_in_sync2_reg/PRE, mgt/mgt/example_stimulus_inst5/example_stimulus_reset_synchronizer_inst/rst_in_sync3_reg/PRE. The LUT may glitch and trigger an unexpected reset, even if it is a properly timed path.
Related violations: <none>

LUTAR-1#26 Warning
LUT drives async reset alert  
LUT cell mgt/mgt/example_stimulus_inst6/example_stimulus_reset_synchronizer_inst_i_1, with 2 or more inputs, drives asynchronous preset/clear pin(s) mgt/mgt/example_stimulus_inst6/example_stimulus_reset_synchronizer_inst/rst_in_meta_reg/PRE, mgt/mgt/example_stimulus_inst6/example_stimulus_reset_synchronizer_inst/rst_in_out_reg/PRE, mgt/mgt/example_stimulus_inst6/example_stimulus_reset_synchronizer_inst/rst_in_sync1_reg/PRE, mgt/mgt/example_stimulus_inst6/example_stimulus_reset_synchronizer_inst/rst_in_sync2_reg/PRE, mgt/mgt/example_stimulus_inst6/example_stimulus_reset_synchronizer_inst/rst_in_sync3_reg/PRE. The LUT may glitch and trigger an unexpected reset, even if it is a properly timed path.
Related violations: <none>

LUTAR-1#27 Warning
LUT drives async reset alert  
LUT cell mgt/mgt/example_stimulus_inst7/example_stimulus_reset_synchronizer_inst_i_1, with 2 or more inputs, drives asynchronous preset/clear pin(s) mgt/mgt/example_stimulus_inst7/example_stimulus_reset_synchronizer_inst/rst_in_meta_reg/PRE, mgt/mgt/example_stimulus_inst7/example_stimulus_reset_synchronizer_inst/rst_in_out_reg/PRE, mgt/mgt/example_stimulus_inst7/example_stimulus_reset_synchronizer_inst/rst_in_sync1_reg/PRE, mgt/mgt/example_stimulus_inst7/example_stimulus_reset_synchronizer_inst/rst_in_sync2_reg/PRE, mgt/mgt/example_stimulus_inst7/example_stimulus_reset_synchronizer_inst/rst_in_sync3_reg/PRE. The LUT may glitch and trigger an unexpected reset, even if it is a properly timed path.
Related violations: <none>

LUTAR-1#28 Warning
LUT drives async reset alert  
LUT cell mgt/mgt/example_wrapper_inst/fmc0_8chan_9g6_inst/inst/gen_gtwizard_gthe4_top.fmc0_8chan_9g6_gtwizard_gthe4_inst/gen_gtwizard_gthe4.gen_common.gen_common_container[26].gen_enabled_common.gthe4_common_wrapper_inst/common_inst/rst_in_meta_i_1__4, with 2 or more inputs, drives asynchronous preset/clear pin(s) mgt/mgt/example_wrapper_inst/fmc0_8chan_9g6_inst/inst/gen_gtwizard_gthe4_top.fmc0_8chan_9g6_gtwizard_gthe4_inst/gen_gtwizard_gthe4.gen_reset_controller_internal.gen_single_instance.gtwiz_reset_inst/reset_synchronizer_txprogdivreset_inst/rst_in_meta_reg/PRE, mgt/mgt/example_wrapper_inst/fmc0_8chan_9g6_inst/inst/gen_gtwizard_gthe4_top.fmc0_8chan_9g6_gtwizard_gthe4_inst/gen_gtwizard_gthe4.gen_reset_controller_internal.gen_single_instance.gtwiz_reset_inst/reset_synchronizer_txprogdivreset_inst/rst_in_out_reg/PRE, mgt/mgt/example_wrapper_inst/fmc0_8chan_9g6_inst/inst/gen_gtwizard_gthe4_top.fmc0_8chan_9g6_gtwizard_gthe4_inst/gen_gtwizard_gthe4.gen_reset_controller_internal.gen_single_instance.gtwiz_reset_inst/reset_synchronizer_txprogdivreset_inst/rst_in_sync1_reg/PRE, mgt/mgt/example_wrapper_inst/fmc0_8chan_9g6_inst/inst/gen_gtwizard_gthe4_top.fmc0_8chan_9g6_gtwizard_gthe4_inst/gen_gtwizard_gthe4.gen_reset_controller_internal.gen_single_instance.gtwiz_reset_inst/reset_synchronizer_txprogdivreset_inst/rst_in_sync2_reg/PRE, mgt/mgt/example_wrapper_inst/fmc0_8chan_9g6_inst/inst/gen_gtwizard_gthe4_top.fmc0_8chan_9g6_gtwizard_gthe4_inst/gen_gtwizard_gthe4.gen_reset_controller_internal.gen_single_instance.gtwiz_reset_inst/reset_synchronizer_txprogdivreset_inst/rst_in_sync3_reg/PRE. The LUT may glitch and trigger an unexpected reset, even if it is a properly timed path.
Related violations: <none>

LUTAR-1#29 Warning
LUT drives async reset alert  
LUT cell mgt/mgt/example_wrapper_inst/fmc0_8chan_9g6_inst/inst/gen_gtwizard_gthe4_top.fmc0_8chan_9g6_gtwizard_gthe4_inst/gen_gtwizard_gthe4.gen_reset_controller_internal.gen_single_instance.gtwiz_reset_inst/reset_synchronizer_gtwiz_reset_rx_any_inst/rst_in_meta_i_1__1, with 2 or more inputs, drives asynchronous preset/clear pin(s) mgt/mgt/example_wrapper_inst/fmc0_8chan_9g6_inst/inst/gen_gtwizard_gthe4_top.fmc0_8chan_9g6_gtwizard_gthe4_inst/gen_gtwizard_gthe4.gen_reset_controller_internal.gen_single_instance.gtwiz_reset_inst/reset_synchronizer_gtwiz_reset_rx_any_inst/rst_in_meta_reg/PRE, mgt/mgt/example_wrapper_inst/fmc0_8chan_9g6_inst/inst/gen_gtwizard_gthe4_top.fmc0_8chan_9g6_gtwizard_gthe4_inst/gen_gtwizard_gthe4.gen_reset_controller_internal.gen_single_instance.gtwiz_reset_inst/reset_synchronizer_gtwiz_reset_rx_any_inst/rst_in_out_reg/PRE, mgt/mgt/example_wrapper_inst/fmc0_8chan_9g6_inst/inst/gen_gtwizard_gthe4_top.fmc0_8chan_9g6_gtwizard_gthe4_inst/gen_gtwizard_gthe4.gen_reset_controller_internal.gen_single_instance.gtwiz_reset_inst/reset_synchronizer_gtwiz_reset_rx_any_inst/rst_in_sync1_reg/PRE, mgt/mgt/example_wrapper_inst/fmc0_8chan_9g6_inst/inst/gen_gtwizard_gthe4_top.fmc0_8chan_9g6_gtwizard_gthe4_inst/gen_gtwizard_gthe4.gen_reset_controller_internal.gen_single_instance.gtwiz_reset_inst/reset_synchronizer_gtwiz_reset_rx_any_inst/rst_in_sync2_reg/PRE, mgt/mgt/example_wrapper_inst/fmc0_8chan_9g6_inst/inst/gen_gtwizard_gthe4_top.fmc0_8chan_9g6_gtwizard_gthe4_inst/gen_gtwizard_gthe4.gen_reset_controller_internal.gen_single_instance.gtwiz_reset_inst/reset_synchronizer_gtwiz_reset_rx_any_inst/rst_in_sync3_reg/PRE. The LUT may glitch and trigger an unexpected reset, even if it is a properly timed path.
Related violations: <none>

LUTAR-1#30 Warning
LUT drives async reset alert  
LUT cell mgt/mgt/example_wrapper_inst/fmc0_8chan_9g6_inst/inst/gen_gtwizard_gthe4_top.fmc0_8chan_9g6_gtwizard_gthe4_inst/gen_gtwizard_gthe4.gen_reset_controller_internal.gen_single_instance.gtwiz_reset_inst/reset_synchronizer_gtwiz_reset_rx_datapath_inst/rst_in_meta_i_1__3, with 2 or more inputs, drives asynchronous preset/clear pin(s) mgt/mgt/example_wrapper_inst/fmc0_8chan_9g6_inst/inst/gen_gtwizard_gthe4_top.fmc0_8chan_9g6_gtwizard_gthe4_inst/gen_gtwizard_gthe4.gen_reset_controller_internal.gen_single_instance.gtwiz_reset_inst/reset_synchronizer_gtwiz_reset_rx_datapath_inst/rst_in_meta_reg/PRE, mgt/mgt/example_wrapper_inst/fmc0_8chan_9g6_inst/inst/gen_gtwizard_gthe4_top.fmc0_8chan_9g6_gtwizard_gthe4_inst/gen_gtwizard_gthe4.gen_reset_controller_internal.gen_single_instance.gtwiz_reset_inst/reset_synchronizer_gtwiz_reset_rx_datapath_inst/rst_in_out_reg/PRE, mgt/mgt/example_wrapper_inst/fmc0_8chan_9g6_inst/inst/gen_gtwizard_gthe4_top.fmc0_8chan_9g6_gtwizard_gthe4_inst/gen_gtwizard_gthe4.gen_reset_controller_internal.gen_single_instance.gtwiz_reset_inst/reset_synchronizer_gtwiz_reset_rx_datapath_inst/rst_in_sync1_reg/PRE, mgt/mgt/example_wrapper_inst/fmc0_8chan_9g6_inst/inst/gen_gtwizard_gthe4_top.fmc0_8chan_9g6_gtwizard_gthe4_inst/gen_gtwizard_gthe4.gen_reset_controller_internal.gen_single_instance.gtwiz_reset_inst/reset_synchronizer_gtwiz_reset_rx_datapath_inst/rst_in_sync2_reg/PRE, mgt/mgt/example_wrapper_inst/fmc0_8chan_9g6_inst/inst/gen_gtwizard_gthe4_top.fmc0_8chan_9g6_gtwizard_gthe4_inst/gen_gtwizard_gthe4.gen_reset_controller_internal.gen_single_instance.gtwiz_reset_inst/reset_synchronizer_gtwiz_reset_rx_datapath_inst/rst_in_sync3_reg/PRE. The LUT may glitch and trigger an unexpected reset, even if it is a properly timed path.
Related violations: <none>

LUTAR-1#31 Warning
LUT drives async reset alert  
LUT cell mgt/mgt/example_wrapper_inst/fmc0_8chan_9g6_inst/inst/gen_gtwizard_gthe4_top.fmc0_8chan_9g6_gtwizard_gthe4_inst/gen_gtwizard_gthe4.gen_reset_controller_internal.gen_single_instance.gtwiz_reset_inst/reset_synchronizer_gtwiz_reset_tx_any_inst/rst_in_meta_i_1, with 2 or more inputs, drives asynchronous preset/clear pin(s) mgt/mgt/example_wrapper_inst/fmc0_8chan_9g6_inst/inst/gen_gtwizard_gthe4_top.fmc0_8chan_9g6_gtwizard_gthe4_inst/gen_gtwizard_gthe4.gen_reset_controller_internal.gen_single_instance.gtwiz_reset_inst/reset_synchronizer_gtwiz_reset_tx_any_inst/rst_in_meta_reg/PRE, mgt/mgt/example_wrapper_inst/fmc0_8chan_9g6_inst/inst/gen_gtwizard_gthe4_top.fmc0_8chan_9g6_gtwizard_gthe4_inst/gen_gtwizard_gthe4.gen_reset_controller_internal.gen_single_instance.gtwiz_reset_inst/reset_synchronizer_gtwiz_reset_tx_any_inst/rst_in_out_reg/PRE, mgt/mgt/example_wrapper_inst/fmc0_8chan_9g6_inst/inst/gen_gtwizard_gthe4_top.fmc0_8chan_9g6_gtwizard_gthe4_inst/gen_gtwizard_gthe4.gen_reset_controller_internal.gen_single_instance.gtwiz_reset_inst/reset_synchronizer_gtwiz_reset_tx_any_inst/rst_in_sync1_reg/PRE, mgt/mgt/example_wrapper_inst/fmc0_8chan_9g6_inst/inst/gen_gtwizard_gthe4_top.fmc0_8chan_9g6_gtwizard_gthe4_inst/gen_gtwizard_gthe4.gen_reset_controller_internal.gen_single_instance.gtwiz_reset_inst/reset_synchronizer_gtwiz_reset_tx_any_inst/rst_in_sync2_reg/PRE, mgt/mgt/example_wrapper_inst/fmc0_8chan_9g6_inst/inst/gen_gtwizard_gthe4_top.fmc0_8chan_9g6_gtwizard_gthe4_inst/gen_gtwizard_gthe4.gen_reset_controller_internal.gen_single_instance.gtwiz_reset_inst/reset_synchronizer_gtwiz_reset_tx_any_inst/rst_in_sync3_reg/PRE. The LUT may glitch and trigger an unexpected reset, even if it is a properly timed path.
Related violations: <none>

LUTAR-1#32 Warning
LUT drives async reset alert  
LUT cell mgt/mgt/example_wrapper_inst/fmc0_8chan_9g6_inst/inst/gen_gtwizard_gthe4_top.fmc0_8chan_9g6_gtwizard_gthe4_inst/gen_gtwizard_gthe4.gen_reset_controller_internal.gen_single_instance.gtwiz_reset_inst/reset_synchronizer_gtwiz_reset_tx_pll_and_datapath_inst/rst_in_meta_i_1__0, with 2 or more inputs, drives asynchronous preset/clear pin(s) mgt/mgt/example_wrapper_inst/fmc0_8chan_9g6_inst/inst/gen_gtwizard_gthe4_top.fmc0_8chan_9g6_gtwizard_gthe4_inst/gen_gtwizard_gthe4.gen_reset_controller_internal.gen_single_instance.gtwiz_reset_inst/reset_synchronizer_gtwiz_reset_tx_pll_and_datapath_inst/rst_in_meta_reg/PRE, mgt/mgt/example_wrapper_inst/fmc0_8chan_9g6_inst/inst/gen_gtwizard_gthe4_top.fmc0_8chan_9g6_gtwizard_gthe4_inst/gen_gtwizard_gthe4.gen_reset_controller_internal.gen_single_instance.gtwiz_reset_inst/reset_synchronizer_gtwiz_reset_tx_pll_and_datapath_inst/rst_in_out_reg/PRE, mgt/mgt/example_wrapper_inst/fmc0_8chan_9g6_inst/inst/gen_gtwizard_gthe4_top.fmc0_8chan_9g6_gtwizard_gthe4_inst/gen_gtwizard_gthe4.gen_reset_controller_internal.gen_single_instance.gtwiz_reset_inst/reset_synchronizer_gtwiz_reset_tx_pll_and_datapath_inst/rst_in_sync1_reg/PRE, mgt/mgt/example_wrapper_inst/fmc0_8chan_9g6_inst/inst/gen_gtwizard_gthe4_top.fmc0_8chan_9g6_gtwizard_gthe4_inst/gen_gtwizard_gthe4.gen_reset_controller_internal.gen_single_instance.gtwiz_reset_inst/reset_synchronizer_gtwiz_reset_tx_pll_and_datapath_inst/rst_in_sync2_reg/PRE, mgt/mgt/example_wrapper_inst/fmc0_8chan_9g6_inst/inst/gen_gtwizard_gthe4_top.fmc0_8chan_9g6_gtwizard_gthe4_inst/gen_gtwizard_gthe4.gen_reset_controller_internal.gen_single_instance.gtwiz_reset_inst/reset_synchronizer_gtwiz_reset_tx_pll_and_datapath_inst/rst_in_sync3_reg/PRE. The LUT may glitch and trigger an unexpected reset, even if it is a properly timed path.
Related violations: <none>

LUTAR-1#33 Warning
LUT drives async reset alert  
LUT cell mgt/mgt/example_wrapper_inst_i_1, with 2 or more inputs, drives asynchronous preset/clear pin(s) mgt/mgt/example_wrapper_inst/gtwiz_userclk_tx_inst/gen_gtwiz_userclk_tx_main.gtwiz_userclk_tx_active_meta_reg/CLR, mgt/mgt/example_wrapper_inst/gtwiz_userclk_tx_inst/gen_gtwiz_userclk_tx_main.gtwiz_userclk_tx_active_sync_reg/CLR, mgt/mgt/example_wrapper_inst/fmc0_8chan_9g6_inst/inst/gen_gtwizard_gthe4_top.fmc0_8chan_9g6_gtwizard_gthe4_inst/gen_gtwizard_gthe4.gen_channel_container[25].gen_enabled_channel.gthe4_channel_wrapper_inst/channel_inst/BUFG_GT_SYNC_1/CLR. The LUT may glitch and trigger an unexpected reset, even if it is a properly timed path.
Related violations: <none>

LUTAR-1#34 Warning
LUT drives async reset alert  
LUT cell mgt/mgt/example_wrapper_inst_i_2, with 2 or more inputs, drives asynchronous preset/clear pin(s) mgt/mgt/example_wrapper_inst/gtwiz_userclk_rx_inst/gen_gtwiz_userclk_rx_main.gtwiz_userclk_rx_active_meta_reg/CLR, mgt/mgt/example_wrapper_inst/gtwiz_userclk_rx_inst/gen_gtwiz_userclk_rx_main.gtwiz_userclk_rx_active_sync_reg/CLR, mgt/mgt/example_wrapper_inst/fmc0_8chan_9g6_inst/inst/gen_gtwizard_gthe4_top.fmc0_8chan_9g6_gtwizard_gthe4_inst/gen_gtwizard_gthe4.gen_channel_container[25].gen_enabled_channel.gthe4_channel_wrapper_inst/channel_inst/BUFG_GT_SYNC/CLR. The LUT may glitch and trigger an unexpected reset, even if it is a properly timed path.
Related violations: <none>

LUTAR-1#35 Warning
LUT drives async reset alert  
LUT cell mgt/mgt/example_wrapper_inst_i_3, with 2 or more inputs, drives asynchronous preset/clear pin(s) mgt/mgt/example_wrapper_inst/fmc0_8chan_9g6_inst/inst/gen_gtwizard_gthe4_top.fmc0_8chan_9g6_gtwizard_gthe4_inst/gen_gtwizard_gthe4.gen_reset_controller_internal.gen_single_instance.gtwiz_reset_inst/reset_synchronizer_gtwiz_reset_all_inst/rst_in_meta_reg/PRE, mgt/mgt/example_wrapper_inst/fmc0_8chan_9g6_inst/inst/gen_gtwizard_gthe4_top.fmc0_8chan_9g6_gtwizard_gthe4_inst/gen_gtwizard_gthe4.gen_reset_controller_internal.gen_single_instance.gtwiz_reset_inst/reset_synchronizer_gtwiz_reset_all_inst/rst_in_out_reg/PRE, mgt/mgt/example_wrapper_inst/fmc0_8chan_9g6_inst/inst/gen_gtwizard_gthe4_top.fmc0_8chan_9g6_gtwizard_gthe4_inst/gen_gtwizard_gthe4.gen_reset_controller_internal.gen_single_instance.gtwiz_reset_inst/reset_synchronizer_gtwiz_reset_all_inst/rst_in_sync1_reg/PRE, mgt/mgt/example_wrapper_inst/fmc0_8chan_9g6_inst/inst/gen_gtwizard_gthe4_top.fmc0_8chan_9g6_gtwizard_gthe4_inst/gen_gtwizard_gthe4.gen_reset_controller_internal.gen_single_instance.gtwiz_reset_inst/reset_synchronizer_gtwiz_reset_all_inst/rst_in_sync2_reg/PRE, mgt/mgt/example_wrapper_inst/fmc0_8chan_9g6_inst/inst/gen_gtwizard_gthe4_top.fmc0_8chan_9g6_gtwizard_gthe4_inst/gen_gtwizard_gthe4.gen_reset_controller_internal.gen_single_instance.gtwiz_reset_inst/reset_synchronizer_gtwiz_reset_all_inst/rst_in_sync3_reg/PRE, mgt/mgt/example_init_inst/reset_synchronizer_reset_all_inst/rst_in_meta_reg/PRE, mgt/mgt/example_init_inst/reset_synchronizer_reset_all_inst/rst_in_out_reg/PRE, mgt/mgt/example_init_inst/reset_synchronizer_reset_all_inst/rst_in_sync1_reg/PRE, mgt/mgt/example_init_inst/reset_synchronizer_reset_all_inst/rst_in_sync2_reg/PRE, mgt/mgt/example_init_inst/reset_synchronizer_reset_all_inst/rst_in_sync3_reg/PRE. The LUT may glitch and trigger an unexpected reset, even if it is a properly timed path.
Related violations: <none>

SYNTH-12#1 Warning
DSP input not registered  
DSP instance payload/sgen[0].hitFinder/singleChain_inst/g_fir.FIR_inst/gen_fir.fir_ssr/FIR32_v0_inst/s_add_l1_reg[2] is not fully pipelined on the input side. AREG/BREG/CREG/DREG are not used.
Related violations: <none>

SYNTH-12#2 Warning
DSP input not registered  
DSP instance payload/sgen[0].hitFinder/singleChain_inst/g_fir.FIR_inst/gen_fir.fir_ssr/FIR32_v0_inst/s_add_l1_reg[3] is not fully pipelined on the input side. AREG/BREG/CREG/DREG are not used.
Related violations: <none>

SYNTH-12#3 Warning
DSP input not registered  
DSP instance payload/sgen[0].hitFinder/singleChain_inst/g_fir.FIR_inst/gen_fir.fir_ssr/FIR32_v0_inst/s_add_l1_reg[4] is not fully pipelined on the input side. AREG/BREG/CREG/DREG are not used.
Related violations: <none>

SYNTH-12#4 Warning
DSP input not registered  
DSP instance payload/sgen[0].hitFinder/singleChain_inst/g_fir.FIR_inst/gen_fir.fir_ssr/FIR32_v0_inst/s_add_l1_reg[5] is not fully pipelined on the input side. AREG/BREG/CREG/DREG are not used.
Related violations: <none>

SYNTH-12#5 Warning
DSP input not registered  
DSP instance payload/sgen[1].hitFinder/singleChain_inst/g_fir.FIR_inst/gen_fir.fir_ssr/FIR32_v0_inst/s_add_l1_reg[2] is not fully pipelined on the input side. AREG/BREG/CREG/DREG are not used.
Related violations: <none>

SYNTH-12#6 Warning
DSP input not registered  
DSP instance payload/sgen[1].hitFinder/singleChain_inst/g_fir.FIR_inst/gen_fir.fir_ssr/FIR32_v0_inst/s_add_l1_reg[3] is not fully pipelined on the input side. AREG/BREG/CREG/DREG are not used.
Related violations: <none>

SYNTH-12#7 Warning
DSP input not registered  
DSP instance payload/sgen[1].hitFinder/singleChain_inst/g_fir.FIR_inst/gen_fir.fir_ssr/FIR32_v0_inst/s_add_l1_reg[4] is not fully pipelined on the input side. AREG/BREG/CREG/DREG are not used.
Related violations: <none>

SYNTH-12#8 Warning
DSP input not registered  
DSP instance payload/sgen[1].hitFinder/singleChain_inst/g_fir.FIR_inst/gen_fir.fir_ssr/FIR32_v0_inst/s_add_l1_reg[5] is not fully pipelined on the input side. AREG/BREG/CREG/DREG are not used.
Related violations: <none>

SYNTH-12#9 Warning
DSP input not registered  
DSP instance payload/sgen[2].hitFinder/singleChain_inst/g_fir.FIR_inst/gen_fir.fir_ssr/FIR32_v0_inst/s_add_l1_reg[2] is not fully pipelined on the input side. AREG/BREG/CREG/DREG are not used.
Related violations: <none>

SYNTH-12#10 Warning
DSP input not registered  
DSP instance payload/sgen[2].hitFinder/singleChain_inst/g_fir.FIR_inst/gen_fir.fir_ssr/FIR32_v0_inst/s_add_l1_reg[3] is not fully pipelined on the input side. AREG/BREG/CREG/DREG are not used.
Related violations: <none>

SYNTH-12#11 Warning
DSP input not registered  
DSP instance payload/sgen[2].hitFinder/singleChain_inst/g_fir.FIR_inst/gen_fir.fir_ssr/FIR32_v0_inst/s_add_l1_reg[4] is not fully pipelined on the input side. AREG/BREG/CREG/DREG are not used.
Related violations: <none>

SYNTH-12#12 Warning
DSP input not registered  
DSP instance payload/sgen[2].hitFinder/singleChain_inst/g_fir.FIR_inst/gen_fir.fir_ssr/FIR32_v0_inst/s_add_l1_reg[5] is not fully pipelined on the input side. AREG/BREG/CREG/DREG are not used.
Related violations: <none>

SYNTH-12#13 Warning
DSP input not registered  
DSP instance payload/sgen[3].hitFinder/singleChain_inst/g_fir.FIR_inst/gen_fir.fir_ssr/FIR32_v0_inst/s_add_l1_reg[2] is not fully pipelined on the input side. AREG/BREG/CREG/DREG are not used.
Related violations: <none>

SYNTH-12#14 Warning
DSP input not registered  
DSP instance payload/sgen[3].hitFinder/singleChain_inst/g_fir.FIR_inst/gen_fir.fir_ssr/FIR32_v0_inst/s_add_l1_reg[3] is not fully pipelined on the input side. AREG/BREG/CREG/DREG are not used.
Related violations: <none>

SYNTH-12#15 Warning
DSP input not registered  
DSP instance payload/sgen[3].hitFinder/singleChain_inst/g_fir.FIR_inst/gen_fir.fir_ssr/FIR32_v0_inst/s_add_l1_reg[4] is not fully pipelined on the input side. AREG/BREG/CREG/DREG are not used.
Related violations: <none>

SYNTH-12#16 Warning
DSP input not registered  
DSP instance payload/sgen[3].hitFinder/singleChain_inst/g_fir.FIR_inst/gen_fir.fir_ssr/FIR32_v0_inst/s_add_l1_reg[5] is not fully pipelined on the input side. AREG/BREG/CREG/DREG are not used.
Related violations: <none>

TIMING-3#1 Warning
Invalid primary clock on Clock Modifying Block  
A primary clock infra/eth/phy/U0/pcs_pma_block_i/transceiver_inst/gig_ethernet_pcs_pma_basex_156_25_gt_i/inst/gen_gtwizard_gthe4_top.gig_ethernet_pcs_pma_basex_156_25_gt_gtwizard_gthe4_inst/gen_gtwizard_gthe4.gen_cpll_cal_gthe4.gen_cpll_cal_inst[0].gen_inst_cpll_cal.gtwizard_ultrascale_v1_7_5_gthe4_cpll_cal_inst/gtwizard_ultrascale_v1_7_5_gthe4_cpll_cal_tx_i/bufg_gt_txoutclkmon_inst/O is created on the output pin or net infra/eth/phy/U0/pcs_pma_block_i/transceiver_inst/gig_ethernet_pcs_pma_basex_156_25_gt_i/inst/gen_gtwizard_gthe4_top.gig_ethernet_pcs_pma_basex_156_25_gt_gtwizard_gthe4_inst/gen_gtwizard_gthe4.gen_cpll_cal_gthe4.gen_cpll_cal_inst[0].gen_inst_cpll_cal.gtwizard_ultrascale_v1_7_5_gthe4_cpll_cal_inst/gtwizard_ultrascale_v1_7_5_gthe4_cpll_cal_tx_i/bufg_gt_txoutclkmon_inst/O of a Clock Modifying Block
Related violations: <none>

TIMING-9#1 Warning
Unknown CDC Logic  
One or more asynchronous Clock Domain Crossing has been detected between 2 clock domains through a set_false_path or a set_clock_groups or set_max_delay -datapath_only constraint but no double-registers logic synchronizer has been found on the side of the capture clock. It is recommended to run report_cdc for a complete and detailed CDC coverage. Please consider using XPM_CDC to avoid Critical severities
Related violations: <none>

TIMING-10#1 Warning
Missing property on synchronizer  
One or more logic synchronizer has been detected between 2 clock domains but the synchronizer does not have the property ASYNC_REG defined on one or both registers. It is recommended to run report_cdc for a complete and detailed CDC coverage
Related violations: <none>

TIMING-11#1 Warning
Inappropriate max delay with datapath only option  
A max delay constraint with -datapath_only has been applied between infra/eth/mac/U0/temac_gbe_v9_0_core/flow/rx_pause/pause_value_to_tx_reg[0]/C and infra/eth/mac/U0/temac_gbe_v9_0_core/flow/tx_pause/count_set_reg/D. The startpoint(s) and endpoint(s) either belong to the same clock domain or belong to two clock domains that can safely be timed together (without valid synchronizer). It is only recommended to use the -datapath_only option on paths between clocks that do not have a known phase relationship. This DRC is waived when a synchronizer is found on the path endpoint
Related violations: <none>

TIMING-11#2 Warning
Inappropriate max delay with datapath only option  
A max delay constraint with -datapath_only has been applied between infra/eth/mac/U0/temac_gbe_v9_0_core/flow/rx_pause/pause_value_to_tx_reg[10]/C and infra/eth/mac/U0/temac_gbe_v9_0_core/flow/tx_pause/count_set_reg/D. The startpoint(s) and endpoint(s) either belong to the same clock domain or belong to two clock domains that can safely be timed together (without valid synchronizer). It is only recommended to use the -datapath_only option on paths between clocks that do not have a known phase relationship. This DRC is waived when a synchronizer is found on the path endpoint
Related violations: <none>

TIMING-11#3 Warning
Inappropriate max delay with datapath only option  
A max delay constraint with -datapath_only has been applied between infra/eth/mac/U0/temac_gbe_v9_0_core/flow/rx_pause/pause_value_to_tx_reg[11]/C and infra/eth/mac/U0/temac_gbe_v9_0_core/flow/tx_pause/count_set_reg/D. The startpoint(s) and endpoint(s) either belong to the same clock domain or belong to two clock domains that can safely be timed together (without valid synchronizer). It is only recommended to use the -datapath_only option on paths between clocks that do not have a known phase relationship. This DRC is waived when a synchronizer is found on the path endpoint
Related violations: <none>

TIMING-11#4 Warning
Inappropriate max delay with datapath only option  
A max delay constraint with -datapath_only has been applied between infra/eth/mac/U0/temac_gbe_v9_0_core/flow/rx_pause/pause_value_to_tx_reg[12]/C and infra/eth/mac/U0/temac_gbe_v9_0_core/flow/tx_pause/count_set_reg/D. The startpoint(s) and endpoint(s) either belong to the same clock domain or belong to two clock domains that can safely be timed together (without valid synchronizer). It is only recommended to use the -datapath_only option on paths between clocks that do not have a known phase relationship. This DRC is waived when a synchronizer is found on the path endpoint
Related violations: <none>

TIMING-11#5 Warning
Inappropriate max delay with datapath only option  
A max delay constraint with -datapath_only has been applied between infra/eth/mac/U0/temac_gbe_v9_0_core/flow/rx_pause/pause_value_to_tx_reg[13]/C and infra/eth/mac/U0/temac_gbe_v9_0_core/flow/tx_pause/count_set_reg/D. The startpoint(s) and endpoint(s) either belong to the same clock domain or belong to two clock domains that can safely be timed together (without valid synchronizer). It is only recommended to use the -datapath_only option on paths between clocks that do not have a known phase relationship. This DRC is waived when a synchronizer is found on the path endpoint
Related violations: <none>

TIMING-11#6 Warning
Inappropriate max delay with datapath only option  
A max delay constraint with -datapath_only has been applied between infra/eth/mac/U0/temac_gbe_v9_0_core/flow/rx_pause/pause_value_to_tx_reg[14]/C and infra/eth/mac/U0/temac_gbe_v9_0_core/flow/tx_pause/count_set_reg/D. The startpoint(s) and endpoint(s) either belong to the same clock domain or belong to two clock domains that can safely be timed together (without valid synchronizer). It is only recommended to use the -datapath_only option on paths between clocks that do not have a known phase relationship. This DRC is waived when a synchronizer is found on the path endpoint
Related violations: <none>

TIMING-11#7 Warning
Inappropriate max delay with datapath only option  
A max delay constraint with -datapath_only has been applied between infra/eth/mac/U0/temac_gbe_v9_0_core/flow/rx_pause/pause_value_to_tx_reg[15]/C and infra/eth/mac/U0/temac_gbe_v9_0_core/flow/tx_pause/count_set_reg/D. The startpoint(s) and endpoint(s) either belong to the same clock domain or belong to two clock domains that can safely be timed together (without valid synchronizer). It is only recommended to use the -datapath_only option on paths between clocks that do not have a known phase relationship. This DRC is waived when a synchronizer is found on the path endpoint
Related violations: <none>

TIMING-11#8 Warning
Inappropriate max delay with datapath only option  
A max delay constraint with -datapath_only has been applied between infra/eth/mac/U0/temac_gbe_v9_0_core/flow/rx_pause/pause_value_to_tx_reg[1]/C and infra/eth/mac/U0/temac_gbe_v9_0_core/flow/tx_pause/count_set_reg/D. The startpoint(s) and endpoint(s) either belong to the same clock domain or belong to two clock domains that can safely be timed together (without valid synchronizer). It is only recommended to use the -datapath_only option on paths between clocks that do not have a known phase relationship. This DRC is waived when a synchronizer is found on the path endpoint
Related violations: <none>

TIMING-11#9 Warning
Inappropriate max delay with datapath only option  
A max delay constraint with -datapath_only has been applied between infra/eth/mac/U0/temac_gbe_v9_0_core/flow/rx_pause/pause_value_to_tx_reg[2]/C and infra/eth/mac/U0/temac_gbe_v9_0_core/flow/tx_pause/count_set_reg/D. The startpoint(s) and endpoint(s) either belong to the same clock domain or belong to two clock domains that can safely be timed together (without valid synchronizer). It is only recommended to use the -datapath_only option on paths between clocks that do not have a known phase relationship. This DRC is waived when a synchronizer is found on the path endpoint
Related violations: <none>

TIMING-11#10 Warning
Inappropriate max delay with datapath only option  
A max delay constraint with -datapath_only has been applied between infra/eth/mac/U0/temac_gbe_v9_0_core/flow/rx_pause/pause_value_to_tx_reg[3]/C and infra/eth/mac/U0/temac_gbe_v9_0_core/flow/tx_pause/count_set_reg/D. The startpoint(s) and endpoint(s) either belong to the same clock domain or belong to two clock domains that can safely be timed together (without valid synchronizer). It is only recommended to use the -datapath_only option on paths between clocks that do not have a known phase relationship. This DRC is waived when a synchronizer is found on the path endpoint
Related violations: <none>

TIMING-11#11 Warning
Inappropriate max delay with datapath only option  
A max delay constraint with -datapath_only has been applied between infra/eth/mac/U0/temac_gbe_v9_0_core/flow/rx_pause/pause_value_to_tx_reg[4]/C and infra/eth/mac/U0/temac_gbe_v9_0_core/flow/tx_pause/count_set_reg/D. The startpoint(s) and endpoint(s) either belong to the same clock domain or belong to two clock domains that can safely be timed together (without valid synchronizer). It is only recommended to use the -datapath_only option on paths between clocks that do not have a known phase relationship. This DRC is waived when a synchronizer is found on the path endpoint
Related violations: <none>

TIMING-11#12 Warning
Inappropriate max delay with datapath only option  
A max delay constraint with -datapath_only has been applied between infra/eth/mac/U0/temac_gbe_v9_0_core/flow/rx_pause/pause_value_to_tx_reg[5]/C and infra/eth/mac/U0/temac_gbe_v9_0_core/flow/tx_pause/count_set_reg/D. The startpoint(s) and endpoint(s) either belong to the same clock domain or belong to two clock domains that can safely be timed together (without valid synchronizer). It is only recommended to use the -datapath_only option on paths between clocks that do not have a known phase relationship. This DRC is waived when a synchronizer is found on the path endpoint
Related violations: <none>

TIMING-11#13 Warning
Inappropriate max delay with datapath only option  
A max delay constraint with -datapath_only has been applied between infra/eth/mac/U0/temac_gbe_v9_0_core/flow/rx_pause/pause_value_to_tx_reg[6]/C and infra/eth/mac/U0/temac_gbe_v9_0_core/flow/tx_pause/count_set_reg/D. The startpoint(s) and endpoint(s) either belong to the same clock domain or belong to two clock domains that can safely be timed together (without valid synchronizer). It is only recommended to use the -datapath_only option on paths between clocks that do not have a known phase relationship. This DRC is waived when a synchronizer is found on the path endpoint
Related violations: <none>

TIMING-11#14 Warning
Inappropriate max delay with datapath only option  
A max delay constraint with -datapath_only has been applied between infra/eth/mac/U0/temac_gbe_v9_0_core/flow/rx_pause/pause_value_to_tx_reg[7]/C and infra/eth/mac/U0/temac_gbe_v9_0_core/flow/tx_pause/count_set_reg/D. The startpoint(s) and endpoint(s) either belong to the same clock domain or belong to two clock domains that can safely be timed together (without valid synchronizer). It is only recommended to use the -datapath_only option on paths between clocks that do not have a known phase relationship. This DRC is waived when a synchronizer is found on the path endpoint
Related violations: <none>

TIMING-11#15 Warning
Inappropriate max delay with datapath only option  
A max delay constraint with -datapath_only has been applied between infra/eth/mac/U0/temac_gbe_v9_0_core/flow/rx_pause/pause_value_to_tx_reg[8]/C and infra/eth/mac/U0/temac_gbe_v9_0_core/flow/tx_pause/count_set_reg/D. The startpoint(s) and endpoint(s) either belong to the same clock domain or belong to two clock domains that can safely be timed together (without valid synchronizer). It is only recommended to use the -datapath_only option on paths between clocks that do not have a known phase relationship. This DRC is waived when a synchronizer is found on the path endpoint
Related violations: <none>

TIMING-11#16 Warning
Inappropriate max delay with datapath only option  
A max delay constraint with -datapath_only has been applied between infra/eth/mac/U0/temac_gbe_v9_0_core/flow/rx_pause/pause_value_to_tx_reg[9]/C and infra/eth/mac/U0/temac_gbe_v9_0_core/flow/tx_pause/count_set_reg/D. The startpoint(s) and endpoint(s) either belong to the same clock domain or belong to two clock domains that can safely be timed together (without valid synchronizer). It is only recommended to use the -datapath_only option on paths between clocks that do not have a known phase relationship. This DRC is waived when a synchronizer is found on the path endpoint
Related violations: <none>

TIMING-17#1 Warning
Non-clocked sequential cell  
The clock pin mgt/g_fifo[0].fifo0/U0/inst_fifo_gen/gconvfifo.rf/grf.rf/gntv_or_sync_fifo.gcx.clkx/rd_pntr_cdc_inst/dest_graysync_ff_reg[0][0]/C is not reached by a timing clock
Related violations: <none>

TIMING-17#2 Warning
Non-clocked sequential cell  
The clock pin mgt/g_fifo[0].fifo0/U0/inst_fifo_gen/gconvfifo.rf/grf.rf/gntv_or_sync_fifo.gcx.clkx/rd_pntr_cdc_inst/dest_graysync_ff_reg[0][1]/C is not reached by a timing clock
Related violations: <none>

TIMING-17#3 Warning
Non-clocked sequential cell  
The clock pin mgt/g_fifo[0].fifo0/U0/inst_fifo_gen/gconvfifo.rf/grf.rf/gntv_or_sync_fifo.gcx.clkx/rd_pntr_cdc_inst/dest_graysync_ff_reg[0][2]/C is not reached by a timing clock
Related violations: <none>

TIMING-17#4 Warning
Non-clocked sequential cell  
The clock pin mgt/g_fifo[0].fifo0/U0/inst_fifo_gen/gconvfifo.rf/grf.rf/gntv_or_sync_fifo.gcx.clkx/rd_pntr_cdc_inst/dest_graysync_ff_reg[0][3]/C is not reached by a timing clock
Related violations: <none>

TIMING-17#5 Warning
Non-clocked sequential cell  
The clock pin mgt/g_fifo[0].fifo0/U0/inst_fifo_gen/gconvfifo.rf/grf.rf/gntv_or_sync_fifo.gcx.clkx/rd_pntr_cdc_inst/dest_graysync_ff_reg[0][4]/C is not reached by a timing clock
Related violations: <none>

TIMING-17#6 Warning
Non-clocked sequential cell  
The clock pin mgt/g_fifo[0].fifo0/U0/inst_fifo_gen/gconvfifo.rf/grf.rf/gntv_or_sync_fifo.gcx.clkx/rd_pntr_cdc_inst/dest_graysync_ff_reg[0][5]/C is not reached by a timing clock
Related violations: <none>

TIMING-17#7 Warning
Non-clocked sequential cell  
The clock pin mgt/g_fifo[0].fifo0/U0/inst_fifo_gen/gconvfifo.rf/grf.rf/gntv_or_sync_fifo.gcx.clkx/rd_pntr_cdc_inst/dest_graysync_ff_reg[1][0]/C is not reached by a timing clock
Related violations: <none>

TIMING-17#8 Warning
Non-clocked sequential cell  
The clock pin mgt/g_fifo[0].fifo0/U0/inst_fifo_gen/gconvfifo.rf/grf.rf/gntv_or_sync_fifo.gcx.clkx/rd_pntr_cdc_inst/dest_graysync_ff_reg[1][1]/C is not reached by a timing clock
Related violations: <none>

TIMING-17#9 Warning
Non-clocked sequential cell  
The clock pin mgt/g_fifo[0].fifo0/U0/inst_fifo_gen/gconvfifo.rf/grf.rf/gntv_or_sync_fifo.gcx.clkx/rd_pntr_cdc_inst/dest_graysync_ff_reg[1][2]/C is not reached by a timing clock
Related violations: <none>

TIMING-17#10 Warning
Non-clocked sequential cell  
The clock pin mgt/g_fifo[0].fifo0/U0/inst_fifo_gen/gconvfifo.rf/grf.rf/gntv_or_sync_fifo.gcx.clkx/rd_pntr_cdc_inst/dest_graysync_ff_reg[1][3]/C is not reached by a timing clock
Related violations: <none>

TIMING-17#11 Warning
Non-clocked sequential cell  
The clock pin mgt/g_fifo[0].fifo0/U0/inst_fifo_gen/gconvfifo.rf/grf.rf/gntv_or_sync_fifo.gcx.clkx/rd_pntr_cdc_inst/dest_graysync_ff_reg[1][4]/C is not reached by a timing clock
Related violations: <none>

TIMING-17#12 Warning
Non-clocked sequential cell  
The clock pin mgt/g_fifo[0].fifo0/U0/inst_fifo_gen/gconvfifo.rf/grf.rf/gntv_or_sync_fifo.gcx.clkx/rd_pntr_cdc_inst/dest_graysync_ff_reg[1][5]/C is not reached by a timing clock
Related violations: <none>

TIMING-17#13 Warning
Non-clocked sequential cell  
The clock pin mgt/g_fifo[0].fifo0/U0/inst_fifo_gen/gconvfifo.rf/grf.rf/gntv_or_sync_fifo.gcx.clkx/rd_pntr_cdc_inst/dest_out_bin_ff_reg[0]/C is not reached by a timing clock
Related violations: <none>

TIMING-17#14 Warning
Non-clocked sequential cell  
The clock pin mgt/g_fifo[0].fifo0/U0/inst_fifo_gen/gconvfifo.rf/grf.rf/gntv_or_sync_fifo.gcx.clkx/rd_pntr_cdc_inst/dest_out_bin_ff_reg[1]/C is not reached by a timing clock
Related violations: <none>

TIMING-17#15 Warning
Non-clocked sequential cell  
The clock pin mgt/g_fifo[0].fifo0/U0/inst_fifo_gen/gconvfifo.rf/grf.rf/gntv_or_sync_fifo.gcx.clkx/rd_pntr_cdc_inst/dest_out_bin_ff_reg[2]/C is not reached by a timing clock
Related violations: <none>

TIMING-17#16 Warning
Non-clocked sequential cell  
The clock pin mgt/g_fifo[0].fifo0/U0/inst_fifo_gen/gconvfifo.rf/grf.rf/gntv_or_sync_fifo.gcx.clkx/rd_pntr_cdc_inst/dest_out_bin_ff_reg[3]/C is not reached by a timing clock
Related violations: <none>

TIMING-17#17 Warning
Non-clocked sequential cell  
The clock pin mgt/g_fifo[0].fifo0/U0/inst_fifo_gen/gconvfifo.rf/grf.rf/gntv_or_sync_fifo.gcx.clkx/rd_pntr_cdc_inst/dest_out_bin_ff_reg[4]/C is not reached by a timing clock
Related violations: <none>

TIMING-17#18 Warning
Non-clocked sequential cell  
The clock pin mgt/g_fifo[0].fifo0/U0/inst_fifo_gen/gconvfifo.rf/grf.rf/gntv_or_sync_fifo.gcx.clkx/rd_pntr_cdc_inst/dest_out_bin_ff_reg[5]/C is not reached by a timing clock
Related violations: <none>

TIMING-17#19 Warning
Non-clocked sequential cell  
The clock pin mgt/g_fifo[0].fifo0/U0/inst_fifo_gen/gconvfifo.rf/grf.rf/gntv_or_sync_fifo.gcx.clkx/wr_pntr_cdc_inst/src_gray_ff_reg[0]/C is not reached by a timing clock
Related violations: <none>

TIMING-17#20 Warning
Non-clocked sequential cell  
The clock pin mgt/g_fifo[0].fifo0/U0/inst_fifo_gen/gconvfifo.rf/grf.rf/gntv_or_sync_fifo.gcx.clkx/wr_pntr_cdc_inst/src_gray_ff_reg[1]/C is not reached by a timing clock
Related violations: <none>

TIMING-17#21 Warning
Non-clocked sequential cell  
The clock pin mgt/g_fifo[0].fifo0/U0/inst_fifo_gen/gconvfifo.rf/grf.rf/gntv_or_sync_fifo.gcx.clkx/wr_pntr_cdc_inst/src_gray_ff_reg[2]/C is not reached by a timing clock
Related violations: <none>

TIMING-17#22 Warning
Non-clocked sequential cell  
The clock pin mgt/g_fifo[0].fifo0/U0/inst_fifo_gen/gconvfifo.rf/grf.rf/gntv_or_sync_fifo.gcx.clkx/wr_pntr_cdc_inst/src_gray_ff_reg[3]/C is not reached by a timing clock
Related violations: <none>

TIMING-17#23 Warning
Non-clocked sequential cell  
The clock pin mgt/g_fifo[0].fifo0/U0/inst_fifo_gen/gconvfifo.rf/grf.rf/gntv_or_sync_fifo.gcx.clkx/wr_pntr_cdc_inst/src_gray_ff_reg[4]/C is not reached by a timing clock
Related violations: <none>

TIMING-17#24 Warning
Non-clocked sequential cell  
The clock pin mgt/g_fifo[0].fifo0/U0/inst_fifo_gen/gconvfifo.rf/grf.rf/gntv_or_sync_fifo.gcx.clkx/wr_pntr_cdc_inst/src_gray_ff_reg[5]/C is not reached by a timing clock
Related violations: <none>

TIMING-17#25 Warning
Non-clocked sequential cell  
The clock pin mgt/g_fifo[0].fifo0/U0/inst_fifo_gen/gconvfifo.rf/grf.rf/gntv_or_sync_fifo.gl0.wr/gwas.wsts/ram_full_fb_i_reg/C is not reached by a timing clock
Related violations: <none>

TIMING-17#26 Warning
Non-clocked sequential cell  
The clock pin mgt/g_fifo[0].fifo0/U0/inst_fifo_gen/gconvfifo.rf/grf.rf/gntv_or_sync_fifo.gl0.wr/gwas.wsts/ram_full_i_reg/C is not reached by a timing clock
Related violations: <none>

TIMING-17#27 Warning
Non-clocked sequential cell  
The clock pin mgt/g_fifo[0].fifo0/U0/inst_fifo_gen/gconvfifo.rf/grf.rf/gntv_or_sync_fifo.gl0.wr/wpntr/gic0.gc0.count_d1_reg[0]/C is not reached by a timing clock
Related violations: <none>

TIMING-17#28 Warning
Non-clocked sequential cell  
The clock pin mgt/g_fifo[0].fifo0/U0/inst_fifo_gen/gconvfifo.rf/grf.rf/gntv_or_sync_fifo.gl0.wr/wpntr/gic0.gc0.count_d1_reg[1]/C is not reached by a timing clock
Related violations: <none>

TIMING-17#29 Warning
Non-clocked sequential cell  
The clock pin mgt/g_fifo[0].fifo0/U0/inst_fifo_gen/gconvfifo.rf/grf.rf/gntv_or_sync_fifo.gl0.wr/wpntr/gic0.gc0.count_d1_reg[2]/C is not reached by a timing clock
Related violations: <none>

TIMING-17#30 Warning
Non-clocked sequential cell  
The clock pin mgt/g_fifo[0].fifo0/U0/inst_fifo_gen/gconvfifo.rf/grf.rf/gntv_or_sync_fifo.gl0.wr/wpntr/gic0.gc0.count_d1_reg[3]/C is not reached by a timing clock
Related violations: <none>

TIMING-17#31 Warning
Non-clocked sequential cell  
The clock pin mgt/g_fifo[0].fifo0/U0/inst_fifo_gen/gconvfifo.rf/grf.rf/gntv_or_sync_fifo.gl0.wr/wpntr/gic0.gc0.count_d1_reg[4]/C is not reached by a timing clock
Related violations: <none>

TIMING-17#32 Warning
Non-clocked sequential cell  
The clock pin mgt/g_fifo[0].fifo0/U0/inst_fifo_gen/gconvfifo.rf/grf.rf/gntv_or_sync_fifo.gl0.wr/wpntr/gic0.gc0.count_d1_reg[5]/C is not reached by a timing clock
Related violations: <none>

TIMING-17#33 Warning
Non-clocked sequential cell  
The clock pin mgt/g_fifo[0].fifo0/U0/inst_fifo_gen/gconvfifo.rf/grf.rf/gntv_or_sync_fifo.gl0.wr/wpntr/gic0.gc0.count_d2_reg[0]/C is not reached by a timing clock
Related violations: <none>

TIMING-17#34 Warning
Non-clocked sequential cell  
The clock pin mgt/g_fifo[0].fifo0/U0/inst_fifo_gen/gconvfifo.rf/grf.rf/gntv_or_sync_fifo.gl0.wr/wpntr/gic0.gc0.count_d2_reg[1]/C is not reached by a timing clock
Related violations: <none>

TIMING-17#35 Warning
Non-clocked sequential cell  
The clock pin mgt/g_fifo[0].fifo0/U0/inst_fifo_gen/gconvfifo.rf/grf.rf/gntv_or_sync_fifo.gl0.wr/wpntr/gic0.gc0.count_d2_reg[2]/C is not reached by a timing clock
Related violations: <none>

TIMING-17#36 Warning
Non-clocked sequential cell  
The clock pin mgt/g_fifo[0].fifo0/U0/inst_fifo_gen/gconvfifo.rf/grf.rf/gntv_or_sync_fifo.gl0.wr/wpntr/gic0.gc0.count_d2_reg[3]/C is not reached by a timing clock
Related violations: <none>

TIMING-17#37 Warning
Non-clocked sequential cell  
The clock pin mgt/g_fifo[0].fifo0/U0/inst_fifo_gen/gconvfifo.rf/grf.rf/gntv_or_sync_fifo.gl0.wr/wpntr/gic0.gc0.count_d2_reg[4]/C is not reached by a timing clock
Related violations: <none>

TIMING-17#38 Warning
Non-clocked sequential cell  
The clock pin mgt/g_fifo[0].fifo0/U0/inst_fifo_gen/gconvfifo.rf/grf.rf/gntv_or_sync_fifo.gl0.wr/wpntr/gic0.gc0.count_d2_reg[5]/C is not reached by a timing clock
Related violations: <none>

TIMING-17#39 Warning
Non-clocked sequential cell  
The clock pin mgt/g_fifo[0].fifo0/U0/inst_fifo_gen/gconvfifo.rf/grf.rf/gntv_or_sync_fifo.gl0.wr/wpntr/gic0.gc0.count_reg[0]/C is not reached by a timing clock
Related violations: <none>

TIMING-17#40 Warning
Non-clocked sequential cell  
The clock pin mgt/g_fifo[0].fifo0/U0/inst_fifo_gen/gconvfifo.rf/grf.rf/gntv_or_sync_fifo.gl0.wr/wpntr/gic0.gc0.count_reg[1]/C is not reached by a timing clock
Related violations: <none>

TIMING-17#41 Warning
Non-clocked sequential cell  
The clock pin mgt/g_fifo[0].fifo0/U0/inst_fifo_gen/gconvfifo.rf/grf.rf/gntv_or_sync_fifo.gl0.wr/wpntr/gic0.gc0.count_reg[2]/C is not reached by a timing clock
Related violations: <none>

TIMING-17#42 Warning
Non-clocked sequential cell  
The clock pin mgt/g_fifo[0].fifo0/U0/inst_fifo_gen/gconvfifo.rf/grf.rf/gntv_or_sync_fifo.gl0.wr/wpntr/gic0.gc0.count_reg[3]/C is not reached by a timing clock
Related violations: <none>

TIMING-17#43 Warning
Non-clocked sequential cell  
The clock pin mgt/g_fifo[0].fifo0/U0/inst_fifo_gen/gconvfifo.rf/grf.rf/gntv_or_sync_fifo.gl0.wr/wpntr/gic0.gc0.count_reg[4]/C is not reached by a timing clock
Related violations: <none>

TIMING-17#44 Warning
Non-clocked sequential cell  
The clock pin mgt/g_fifo[0].fifo0/U0/inst_fifo_gen/gconvfifo.rf/grf.rf/gntv_or_sync_fifo.gl0.wr/wpntr/gic0.gc0.count_reg[5]/C is not reached by a timing clock
Related violations: <none>

TIMING-17#45 Warning
Non-clocked sequential cell  
The clock pin mgt/g_fifo[0].fifo0/U0/inst_fifo_gen/gconvfifo.rf/grf.rf/gntv_or_sync_fifo.mem/gbm.gbmg.gbmgc.ngecc.bmg/inst_blk_mem_gen/gnbram.gnativebmg.native_blk_mem_gen/valid.cstr/ramloop[0].ram.r/prim_noinit.ram/DEVICE_8SERIES.NO_BMM_INFO.SDP.WIDE_PRIM18.ram/CLKBWRCLK is not reached by a timing clock
Related violations: <none>

TIMING-17#46 Warning
Non-clocked sequential cell  
The clock pin mgt/g_fifo[1].fifo0/U0/inst_fifo_gen/gconvfifo.rf/grf.rf/gntv_or_sync_fifo.gcx.clkx/rd_pntr_cdc_inst/dest_graysync_ff_reg[0][0]/C is not reached by a timing clock
Related violations: <none>

TIMING-17#47 Warning
Non-clocked sequential cell  
The clock pin mgt/g_fifo[1].fifo0/U0/inst_fifo_gen/gconvfifo.rf/grf.rf/gntv_or_sync_fifo.gcx.clkx/rd_pntr_cdc_inst/dest_graysync_ff_reg[0][1]/C is not reached by a timing clock
Related violations: <none>

TIMING-17#48 Warning
Non-clocked sequential cell  
The clock pin mgt/g_fifo[1].fifo0/U0/inst_fifo_gen/gconvfifo.rf/grf.rf/gntv_or_sync_fifo.gcx.clkx/rd_pntr_cdc_inst/dest_graysync_ff_reg[0][2]/C is not reached by a timing clock
Related violations: <none>

TIMING-17#49 Warning
Non-clocked sequential cell  
The clock pin mgt/g_fifo[1].fifo0/U0/inst_fifo_gen/gconvfifo.rf/grf.rf/gntv_or_sync_fifo.gcx.clkx/rd_pntr_cdc_inst/dest_graysync_ff_reg[0][3]/C is not reached by a timing clock
Related violations: <none>

TIMING-17#50 Warning
Non-clocked sequential cell  
The clock pin mgt/g_fifo[1].fifo0/U0/inst_fifo_gen/gconvfifo.rf/grf.rf/gntv_or_sync_fifo.gcx.clkx/rd_pntr_cdc_inst/dest_graysync_ff_reg[0][4]/C is not reached by a timing clock
Related violations: <none>

TIMING-17#51 Warning
Non-clocked sequential cell  
The clock pin mgt/g_fifo[1].fifo0/U0/inst_fifo_gen/gconvfifo.rf/grf.rf/gntv_or_sync_fifo.gcx.clkx/rd_pntr_cdc_inst/dest_graysync_ff_reg[0][5]/C is not reached by a timing clock
Related violations: <none>

TIMING-17#52 Warning
Non-clocked sequential cell  
The clock pin mgt/g_fifo[1].fifo0/U0/inst_fifo_gen/gconvfifo.rf/grf.rf/gntv_or_sync_fifo.gcx.clkx/rd_pntr_cdc_inst/dest_graysync_ff_reg[1][0]/C is not reached by a timing clock
Related violations: <none>

TIMING-17#53 Warning
Non-clocked sequential cell  
The clock pin mgt/g_fifo[1].fifo0/U0/inst_fifo_gen/gconvfifo.rf/grf.rf/gntv_or_sync_fifo.gcx.clkx/rd_pntr_cdc_inst/dest_graysync_ff_reg[1][1]/C is not reached by a timing clock
Related violations: <none>

TIMING-17#54 Warning
Non-clocked sequential cell  
The clock pin mgt/g_fifo[1].fifo0/U0/inst_fifo_gen/gconvfifo.rf/grf.rf/gntv_or_sync_fifo.gcx.clkx/rd_pntr_cdc_inst/dest_graysync_ff_reg[1][2]/C is not reached by a timing clock
Related violations: <none>

TIMING-17#55 Warning
Non-clocked sequential cell  
The clock pin mgt/g_fifo[1].fifo0/U0/inst_fifo_gen/gconvfifo.rf/grf.rf/gntv_or_sync_fifo.gcx.clkx/rd_pntr_cdc_inst/dest_graysync_ff_reg[1][3]/C is not reached by a timing clock
Related violations: <none>

TIMING-17#56 Warning
Non-clocked sequential cell  
The clock pin mgt/g_fifo[1].fifo0/U0/inst_fifo_gen/gconvfifo.rf/grf.rf/gntv_or_sync_fifo.gcx.clkx/rd_pntr_cdc_inst/dest_graysync_ff_reg[1][4]/C is not reached by a timing clock
Related violations: <none>

TIMING-17#57 Warning
Non-clocked sequential cell  
The clock pin mgt/g_fifo[1].fifo0/U0/inst_fifo_gen/gconvfifo.rf/grf.rf/gntv_or_sync_fifo.gcx.clkx/rd_pntr_cdc_inst/dest_graysync_ff_reg[1][5]/C is not reached by a timing clock
Related violations: <none>

TIMING-17#58 Warning
Non-clocked sequential cell  
The clock pin mgt/g_fifo[1].fifo0/U0/inst_fifo_gen/gconvfifo.rf/grf.rf/gntv_or_sync_fifo.gcx.clkx/rd_pntr_cdc_inst/dest_out_bin_ff_reg[0]/C is not reached by a timing clock
Related violations: <none>

TIMING-17#59 Warning
Non-clocked sequential cell  
The clock pin mgt/g_fifo[1].fifo0/U0/inst_fifo_gen/gconvfifo.rf/grf.rf/gntv_or_sync_fifo.gcx.clkx/rd_pntr_cdc_inst/dest_out_bin_ff_reg[1]/C is not reached by a timing clock
Related violations: <none>

TIMING-17#60 Warning
Non-clocked sequential cell  
The clock pin mgt/g_fifo[1].fifo0/U0/inst_fifo_gen/gconvfifo.rf/grf.rf/gntv_or_sync_fifo.gcx.clkx/rd_pntr_cdc_inst/dest_out_bin_ff_reg[2]/C is not reached by a timing clock
Related violations: <none>

TIMING-17#61 Warning
Non-clocked sequential cell  
The clock pin mgt/g_fifo[1].fifo0/U0/inst_fifo_gen/gconvfifo.rf/grf.rf/gntv_or_sync_fifo.gcx.clkx/rd_pntr_cdc_inst/dest_out_bin_ff_reg[3]/C is not reached by a timing clock
Related violations: <none>

TIMING-17#62 Warning
Non-clocked sequential cell  
The clock pin mgt/g_fifo[1].fifo0/U0/inst_fifo_gen/gconvfifo.rf/grf.rf/gntv_or_sync_fifo.gcx.clkx/rd_pntr_cdc_inst/dest_out_bin_ff_reg[4]/C is not reached by a timing clock
Related violations: <none>

TIMING-17#63 Warning
Non-clocked sequential cell  
The clock pin mgt/g_fifo[1].fifo0/U0/inst_fifo_gen/gconvfifo.rf/grf.rf/gntv_or_sync_fifo.gcx.clkx/rd_pntr_cdc_inst/dest_out_bin_ff_reg[5]/C is not reached by a timing clock
Related violations: <none>

TIMING-17#64 Warning
Non-clocked sequential cell  
The clock pin mgt/g_fifo[1].fifo0/U0/inst_fifo_gen/gconvfifo.rf/grf.rf/gntv_or_sync_fifo.gcx.clkx/wr_pntr_cdc_inst/src_gray_ff_reg[0]/C is not reached by a timing clock
Related violations: <none>

TIMING-17#65 Warning
Non-clocked sequential cell  
The clock pin mgt/g_fifo[1].fifo0/U0/inst_fifo_gen/gconvfifo.rf/grf.rf/gntv_or_sync_fifo.gcx.clkx/wr_pntr_cdc_inst/src_gray_ff_reg[1]/C is not reached by a timing clock
Related violations: <none>

TIMING-17#66 Warning
Non-clocked sequential cell  
The clock pin mgt/g_fifo[1].fifo0/U0/inst_fifo_gen/gconvfifo.rf/grf.rf/gntv_or_sync_fifo.gcx.clkx/wr_pntr_cdc_inst/src_gray_ff_reg[2]/C is not reached by a timing clock
Related violations: <none>

TIMING-17#67 Warning
Non-clocked sequential cell  
The clock pin mgt/g_fifo[1].fifo0/U0/inst_fifo_gen/gconvfifo.rf/grf.rf/gntv_or_sync_fifo.gcx.clkx/wr_pntr_cdc_inst/src_gray_ff_reg[3]/C is not reached by a timing clock
Related violations: <none>

TIMING-17#68 Warning
Non-clocked sequential cell  
The clock pin mgt/g_fifo[1].fifo0/U0/inst_fifo_gen/gconvfifo.rf/grf.rf/gntv_or_sync_fifo.gcx.clkx/wr_pntr_cdc_inst/src_gray_ff_reg[4]/C is not reached by a timing clock
Related violations: <none>

TIMING-17#69 Warning
Non-clocked sequential cell  
The clock pin mgt/g_fifo[1].fifo0/U0/inst_fifo_gen/gconvfifo.rf/grf.rf/gntv_or_sync_fifo.gcx.clkx/wr_pntr_cdc_inst/src_gray_ff_reg[5]/C is not reached by a timing clock
Related violations: <none>

TIMING-17#70 Warning
Non-clocked sequential cell  
The clock pin mgt/g_fifo[1].fifo0/U0/inst_fifo_gen/gconvfifo.rf/grf.rf/gntv_or_sync_fifo.gl0.wr/gwas.wsts/ram_full_fb_i_reg/C is not reached by a timing clock
Related violations: <none>

TIMING-17#71 Warning
Non-clocked sequential cell  
The clock pin mgt/g_fifo[1].fifo0/U0/inst_fifo_gen/gconvfifo.rf/grf.rf/gntv_or_sync_fifo.gl0.wr/gwas.wsts/ram_full_i_reg/C is not reached by a timing clock
Related violations: <none>

TIMING-17#72 Warning
Non-clocked sequential cell  
The clock pin mgt/g_fifo[1].fifo0/U0/inst_fifo_gen/gconvfifo.rf/grf.rf/gntv_or_sync_fifo.gl0.wr/wpntr/gic0.gc0.count_d1_reg[0]/C is not reached by a timing clock
Related violations: <none>

TIMING-17#73 Warning
Non-clocked sequential cell  
The clock pin mgt/g_fifo[1].fifo0/U0/inst_fifo_gen/gconvfifo.rf/grf.rf/gntv_or_sync_fifo.gl0.wr/wpntr/gic0.gc0.count_d1_reg[1]/C is not reached by a timing clock
Related violations: <none>

TIMING-17#74 Warning
Non-clocked sequential cell  
The clock pin mgt/g_fifo[1].fifo0/U0/inst_fifo_gen/gconvfifo.rf/grf.rf/gntv_or_sync_fifo.gl0.wr/wpntr/gic0.gc0.count_d1_reg[2]/C is not reached by a timing clock
Related violations: <none>

TIMING-17#75 Warning
Non-clocked sequential cell  
The clock pin mgt/g_fifo[1].fifo0/U0/inst_fifo_gen/gconvfifo.rf/grf.rf/gntv_or_sync_fifo.gl0.wr/wpntr/gic0.gc0.count_d1_reg[3]/C is not reached by a timing clock
Related violations: <none>

TIMING-17#76 Warning
Non-clocked sequential cell  
The clock pin mgt/g_fifo[1].fifo0/U0/inst_fifo_gen/gconvfifo.rf/grf.rf/gntv_or_sync_fifo.gl0.wr/wpntr/gic0.gc0.count_d1_reg[4]/C is not reached by a timing clock
Related violations: <none>

TIMING-17#77 Warning
Non-clocked sequential cell  
The clock pin mgt/g_fifo[1].fifo0/U0/inst_fifo_gen/gconvfifo.rf/grf.rf/gntv_or_sync_fifo.gl0.wr/wpntr/gic0.gc0.count_d1_reg[5]/C is not reached by a timing clock
Related violations: <none>

TIMING-17#78 Warning
Non-clocked sequential cell  
The clock pin mgt/g_fifo[1].fifo0/U0/inst_fifo_gen/gconvfifo.rf/grf.rf/gntv_or_sync_fifo.gl0.wr/wpntr/gic0.gc0.count_d2_reg[0]/C is not reached by a timing clock
Related violations: <none>

TIMING-17#79 Warning
Non-clocked sequential cell  
The clock pin mgt/g_fifo[1].fifo0/U0/inst_fifo_gen/gconvfifo.rf/grf.rf/gntv_or_sync_fifo.gl0.wr/wpntr/gic0.gc0.count_d2_reg[1]/C is not reached by a timing clock
Related violations: <none>

TIMING-17#80 Warning
Non-clocked sequential cell  
The clock pin mgt/g_fifo[1].fifo0/U0/inst_fifo_gen/gconvfifo.rf/grf.rf/gntv_or_sync_fifo.gl0.wr/wpntr/gic0.gc0.count_d2_reg[2]/C is not reached by a timing clock
Related violations: <none>

TIMING-17#81 Warning
Non-clocked sequential cell  
The clock pin mgt/g_fifo[1].fifo0/U0/inst_fifo_gen/gconvfifo.rf/grf.rf/gntv_or_sync_fifo.gl0.wr/wpntr/gic0.gc0.count_d2_reg[3]/C is not reached by a timing clock
Related violations: <none>

TIMING-17#82 Warning
Non-clocked sequential cell  
The clock pin mgt/g_fifo[1].fifo0/U0/inst_fifo_gen/gconvfifo.rf/grf.rf/gntv_or_sync_fifo.gl0.wr/wpntr/gic0.gc0.count_d2_reg[4]/C is not reached by a timing clock
Related violations: <none>

TIMING-17#83 Warning
Non-clocked sequential cell  
The clock pin mgt/g_fifo[1].fifo0/U0/inst_fifo_gen/gconvfifo.rf/grf.rf/gntv_or_sync_fifo.gl0.wr/wpntr/gic0.gc0.count_d2_reg[5]/C is not reached by a timing clock
Related violations: <none>

TIMING-17#84 Warning
Non-clocked sequential cell  
The clock pin mgt/g_fifo[1].fifo0/U0/inst_fifo_gen/gconvfifo.rf/grf.rf/gntv_or_sync_fifo.gl0.wr/wpntr/gic0.gc0.count_reg[0]/C is not reached by a timing clock
Related violations: <none>

TIMING-17#85 Warning
Non-clocked sequential cell  
The clock pin mgt/g_fifo[1].fifo0/U0/inst_fifo_gen/gconvfifo.rf/grf.rf/gntv_or_sync_fifo.gl0.wr/wpntr/gic0.gc0.count_reg[1]/C is not reached by a timing clock
Related violations: <none>

TIMING-17#86 Warning
Non-clocked sequential cell  
The clock pin mgt/g_fifo[1].fifo0/U0/inst_fifo_gen/gconvfifo.rf/grf.rf/gntv_or_sync_fifo.gl0.wr/wpntr/gic0.gc0.count_reg[2]/C is not reached by a timing clock
Related violations: <none>

TIMING-17#87 Warning
Non-clocked sequential cell  
The clock pin mgt/g_fifo[1].fifo0/U0/inst_fifo_gen/gconvfifo.rf/grf.rf/gntv_or_sync_fifo.gl0.wr/wpntr/gic0.gc0.count_reg[3]/C is not reached by a timing clock
Related violations: <none>

TIMING-17#88 Warning
Non-clocked sequential cell  
The clock pin mgt/g_fifo[1].fifo0/U0/inst_fifo_gen/gconvfifo.rf/grf.rf/gntv_or_sync_fifo.gl0.wr/wpntr/gic0.gc0.count_reg[4]/C is not reached by a timing clock
Related violations: <none>

TIMING-17#89 Warning
Non-clocked sequential cell  
The clock pin mgt/g_fifo[1].fifo0/U0/inst_fifo_gen/gconvfifo.rf/grf.rf/gntv_or_sync_fifo.gl0.wr/wpntr/gic0.gc0.count_reg[5]/C is not reached by a timing clock
Related violations: <none>

TIMING-17#90 Warning
Non-clocked sequential cell  
The clock pin mgt/g_fifo[2].fifo0/U0/inst_fifo_gen/gconvfifo.rf/grf.rf/gntv_or_sync_fifo.gcx.clkx/rd_pntr_cdc_inst/dest_graysync_ff_reg[0][0]/C is not reached by a timing clock
Related violations: <none>

TIMING-17#91 Warning
Non-clocked sequential cell  
The clock pin mgt/g_fifo[2].fifo0/U0/inst_fifo_gen/gconvfifo.rf/grf.rf/gntv_or_sync_fifo.gcx.clkx/rd_pntr_cdc_inst/dest_graysync_ff_reg[0][1]/C is not reached by a timing clock
Related violations: <none>

TIMING-17#92 Warning
Non-clocked sequential cell  
The clock pin mgt/g_fifo[2].fifo0/U0/inst_fifo_gen/gconvfifo.rf/grf.rf/gntv_or_sync_fifo.gcx.clkx/rd_pntr_cdc_inst/dest_graysync_ff_reg[0][2]/C is not reached by a timing clock
Related violations: <none>

TIMING-17#93 Warning
Non-clocked sequential cell  
The clock pin mgt/g_fifo[2].fifo0/U0/inst_fifo_gen/gconvfifo.rf/grf.rf/gntv_or_sync_fifo.gcx.clkx/rd_pntr_cdc_inst/dest_graysync_ff_reg[0][3]/C is not reached by a timing clock
Related violations: <none>

TIMING-17#94 Warning
Non-clocked sequential cell  
The clock pin mgt/g_fifo[2].fifo0/U0/inst_fifo_gen/gconvfifo.rf/grf.rf/gntv_or_sync_fifo.gcx.clkx/rd_pntr_cdc_inst/dest_graysync_ff_reg[0][4]/C is not reached by a timing clock
Related violations: <none>

TIMING-17#95 Warning
Non-clocked sequential cell  
The clock pin mgt/g_fifo[2].fifo0/U0/inst_fifo_gen/gconvfifo.rf/grf.rf/gntv_or_sync_fifo.gcx.clkx/rd_pntr_cdc_inst/dest_graysync_ff_reg[0][5]/C is not reached by a timing clock
Related violations: <none>

TIMING-17#96 Warning
Non-clocked sequential cell  
The clock pin mgt/g_fifo[2].fifo0/U0/inst_fifo_gen/gconvfifo.rf/grf.rf/gntv_or_sync_fifo.gcx.clkx/rd_pntr_cdc_inst/dest_graysync_ff_reg[1][0]/C is not reached by a timing clock
Related violations: <none>

TIMING-17#97 Warning
Non-clocked sequential cell  
The clock pin mgt/g_fifo[2].fifo0/U0/inst_fifo_gen/gconvfifo.rf/grf.rf/gntv_or_sync_fifo.gcx.clkx/rd_pntr_cdc_inst/dest_graysync_ff_reg[1][1]/C is not reached by a timing clock
Related violations: <none>

TIMING-17#98 Warning
Non-clocked sequential cell  
The clock pin mgt/g_fifo[2].fifo0/U0/inst_fifo_gen/gconvfifo.rf/grf.rf/gntv_or_sync_fifo.gcx.clkx/rd_pntr_cdc_inst/dest_graysync_ff_reg[1][2]/C is not reached by a timing clock
Related violations: <none>

TIMING-17#99 Warning
Non-clocked sequential cell  
The clock pin mgt/g_fifo[2].fifo0/U0/inst_fifo_gen/gconvfifo.rf/grf.rf/gntv_or_sync_fifo.gcx.clkx/rd_pntr_cdc_inst/dest_graysync_ff_reg[1][3]/C is not reached by a timing clock
Related violations: <none>

TIMING-17#100 Warning
Non-clocked sequential cell  
The clock pin mgt/g_fifo[2].fifo0/U0/inst_fifo_gen/gconvfifo.rf/grf.rf/gntv_or_sync_fifo.gcx.clkx/rd_pntr_cdc_inst/dest_graysync_ff_reg[1][4]/C is not reached by a timing clock
Related violations: <none>

TIMING-17#101 Warning
Non-clocked sequential cell  
The clock pin mgt/g_fifo[2].fifo0/U0/inst_fifo_gen/gconvfifo.rf/grf.rf/gntv_or_sync_fifo.gcx.clkx/rd_pntr_cdc_inst/dest_graysync_ff_reg[1][5]/C is not reached by a timing clock
Related violations: <none>

TIMING-17#102 Warning
Non-clocked sequential cell  
The clock pin mgt/g_fifo[2].fifo0/U0/inst_fifo_gen/gconvfifo.rf/grf.rf/gntv_or_sync_fifo.gcx.clkx/rd_pntr_cdc_inst/dest_out_bin_ff_reg[0]/C is not reached by a timing clock
Related violations: <none>

TIMING-17#103 Warning
Non-clocked sequential cell  
The clock pin mgt/g_fifo[2].fifo0/U0/inst_fifo_gen/gconvfifo.rf/grf.rf/gntv_or_sync_fifo.gcx.clkx/rd_pntr_cdc_inst/dest_out_bin_ff_reg[1]/C is not reached by a timing clock
Related violations: <none>

TIMING-17#104 Warning
Non-clocked sequential cell  
The clock pin mgt/g_fifo[2].fifo0/U0/inst_fifo_gen/gconvfifo.rf/grf.rf/gntv_or_sync_fifo.gcx.clkx/rd_pntr_cdc_inst/dest_out_bin_ff_reg[2]/C is not reached by a timing clock
Related violations: <none>

TIMING-17#105 Warning
Non-clocked sequential cell  
The clock pin mgt/g_fifo[2].fifo0/U0/inst_fifo_gen/gconvfifo.rf/grf.rf/gntv_or_sync_fifo.gcx.clkx/rd_pntr_cdc_inst/dest_out_bin_ff_reg[3]/C is not reached by a timing clock
Related violations: <none>

TIMING-17#106 Warning
Non-clocked sequential cell  
The clock pin mgt/g_fifo[2].fifo0/U0/inst_fifo_gen/gconvfifo.rf/grf.rf/gntv_or_sync_fifo.gcx.clkx/rd_pntr_cdc_inst/dest_out_bin_ff_reg[4]/C is not reached by a timing clock
Related violations: <none>

TIMING-17#107 Warning
Non-clocked sequential cell  
The clock pin mgt/g_fifo[2].fifo0/U0/inst_fifo_gen/gconvfifo.rf/grf.rf/gntv_or_sync_fifo.gcx.clkx/rd_pntr_cdc_inst/dest_out_bin_ff_reg[5]/C is not reached by a timing clock
Related violations: <none>

TIMING-17#108 Warning
Non-clocked sequential cell  
The clock pin mgt/g_fifo[2].fifo0/U0/inst_fifo_gen/gconvfifo.rf/grf.rf/gntv_or_sync_fifo.gcx.clkx/wr_pntr_cdc_inst/src_gray_ff_reg[0]/C is not reached by a timing clock
Related violations: <none>

TIMING-17#109 Warning
Non-clocked sequential cell  
The clock pin mgt/g_fifo[2].fifo0/U0/inst_fifo_gen/gconvfifo.rf/grf.rf/gntv_or_sync_fifo.gcx.clkx/wr_pntr_cdc_inst/src_gray_ff_reg[1]/C is not reached by a timing clock
Related violations: <none>

TIMING-17#110 Warning
Non-clocked sequential cell  
The clock pin mgt/g_fifo[2].fifo0/U0/inst_fifo_gen/gconvfifo.rf/grf.rf/gntv_or_sync_fifo.gcx.clkx/wr_pntr_cdc_inst/src_gray_ff_reg[2]/C is not reached by a timing clock
Related violations: <none>

TIMING-17#111 Warning
Non-clocked sequential cell  
The clock pin mgt/g_fifo[2].fifo0/U0/inst_fifo_gen/gconvfifo.rf/grf.rf/gntv_or_sync_fifo.gcx.clkx/wr_pntr_cdc_inst/src_gray_ff_reg[3]/C is not reached by a timing clock
Related violations: <none>

TIMING-17#112 Warning
Non-clocked sequential cell  
The clock pin mgt/g_fifo[2].fifo0/U0/inst_fifo_gen/gconvfifo.rf/grf.rf/gntv_or_sync_fifo.gcx.clkx/wr_pntr_cdc_inst/src_gray_ff_reg[4]/C is not reached by a timing clock
Related violations: <none>

TIMING-17#113 Warning
Non-clocked sequential cell  
The clock pin mgt/g_fifo[2].fifo0/U0/inst_fifo_gen/gconvfifo.rf/grf.rf/gntv_or_sync_fifo.gcx.clkx/wr_pntr_cdc_inst/src_gray_ff_reg[5]/C is not reached by a timing clock
Related violations: <none>

TIMING-17#114 Warning
Non-clocked sequential cell  
The clock pin mgt/g_fifo[2].fifo0/U0/inst_fifo_gen/gconvfifo.rf/grf.rf/gntv_or_sync_fifo.gl0.wr/gwas.wsts/ram_full_fb_i_reg/C is not reached by a timing clock
Related violations: <none>

TIMING-17#115 Warning
Non-clocked sequential cell  
The clock pin mgt/g_fifo[2].fifo0/U0/inst_fifo_gen/gconvfifo.rf/grf.rf/gntv_or_sync_fifo.gl0.wr/gwas.wsts/ram_full_i_reg/C is not reached by a timing clock
Related violations: <none>

TIMING-17#116 Warning
Non-clocked sequential cell  
The clock pin mgt/g_fifo[2].fifo0/U0/inst_fifo_gen/gconvfifo.rf/grf.rf/gntv_or_sync_fifo.gl0.wr/wpntr/gic0.gc0.count_d1_reg[0]/C is not reached by a timing clock
Related violations: <none>

TIMING-17#117 Warning
Non-clocked sequential cell  
The clock pin mgt/g_fifo[2].fifo0/U0/inst_fifo_gen/gconvfifo.rf/grf.rf/gntv_or_sync_fifo.gl0.wr/wpntr/gic0.gc0.count_d1_reg[1]/C is not reached by a timing clock
Related violations: <none>

TIMING-17#118 Warning
Non-clocked sequential cell  
The clock pin mgt/g_fifo[2].fifo0/U0/inst_fifo_gen/gconvfifo.rf/grf.rf/gntv_or_sync_fifo.gl0.wr/wpntr/gic0.gc0.count_d1_reg[2]/C is not reached by a timing clock
Related violations: <none>

TIMING-17#119 Warning
Non-clocked sequential cell  
The clock pin mgt/g_fifo[2].fifo0/U0/inst_fifo_gen/gconvfifo.rf/grf.rf/gntv_or_sync_fifo.gl0.wr/wpntr/gic0.gc0.count_d1_reg[3]/C is not reached by a timing clock
Related violations: <none>

TIMING-17#120 Warning
Non-clocked sequential cell  
The clock pin mgt/g_fifo[2].fifo0/U0/inst_fifo_gen/gconvfifo.rf/grf.rf/gntv_or_sync_fifo.gl0.wr/wpntr/gic0.gc0.count_d1_reg[4]/C is not reached by a timing clock
Related violations: <none>

TIMING-17#121 Warning
Non-clocked sequential cell  
The clock pin mgt/g_fifo[2].fifo0/U0/inst_fifo_gen/gconvfifo.rf/grf.rf/gntv_or_sync_fifo.gl0.wr/wpntr/gic0.gc0.count_d1_reg[5]/C is not reached by a timing clock
Related violations: <none>

TIMING-17#122 Warning
Non-clocked sequential cell  
The clock pin mgt/g_fifo[2].fifo0/U0/inst_fifo_gen/gconvfifo.rf/grf.rf/gntv_or_sync_fifo.gl0.wr/wpntr/gic0.gc0.count_d2_reg[0]/C is not reached by a timing clock
Related violations: <none>

TIMING-17#123 Warning
Non-clocked sequential cell  
The clock pin mgt/g_fifo[2].fifo0/U0/inst_fifo_gen/gconvfifo.rf/grf.rf/gntv_or_sync_fifo.gl0.wr/wpntr/gic0.gc0.count_d2_reg[1]/C is not reached by a timing clock
Related violations: <none>

TIMING-17#124 Warning
Non-clocked sequential cell  
The clock pin mgt/g_fifo[2].fifo0/U0/inst_fifo_gen/gconvfifo.rf/grf.rf/gntv_or_sync_fifo.gl0.wr/wpntr/gic0.gc0.count_d2_reg[2]/C is not reached by a timing clock
Related violations: <none>

TIMING-17#125 Warning
Non-clocked sequential cell  
The clock pin mgt/g_fifo[2].fifo0/U0/inst_fifo_gen/gconvfifo.rf/grf.rf/gntv_or_sync_fifo.gl0.wr/wpntr/gic0.gc0.count_d2_reg[3]/C is not reached by a timing clock
Related violations: <none>

TIMING-17#126 Warning
Non-clocked sequential cell  
The clock pin mgt/g_fifo[2].fifo0/U0/inst_fifo_gen/gconvfifo.rf/grf.rf/gntv_or_sync_fifo.gl0.wr/wpntr/gic0.gc0.count_d2_reg[4]/C is not reached by a timing clock
Related violations: <none>

TIMING-17#127 Warning
Non-clocked sequential cell  
The clock pin mgt/g_fifo[2].fifo0/U0/inst_fifo_gen/gconvfifo.rf/grf.rf/gntv_or_sync_fifo.gl0.wr/wpntr/gic0.gc0.count_d2_reg[5]/C is not reached by a timing clock
Related violations: <none>

TIMING-17#128 Warning
Non-clocked sequential cell  
The clock pin mgt/g_fifo[2].fifo0/U0/inst_fifo_gen/gconvfifo.rf/grf.rf/gntv_or_sync_fifo.gl0.wr/wpntr/gic0.gc0.count_reg[0]/C is not reached by a timing clock
Related violations: <none>

TIMING-17#129 Warning
Non-clocked sequential cell  
The clock pin mgt/g_fifo[2].fifo0/U0/inst_fifo_gen/gconvfifo.rf/grf.rf/gntv_or_sync_fifo.gl0.wr/wpntr/gic0.gc0.count_reg[1]/C is not reached by a timing clock
Related violations: <none>

TIMING-17#130 Warning
Non-clocked sequential cell  
The clock pin mgt/g_fifo[2].fifo0/U0/inst_fifo_gen/gconvfifo.rf/grf.rf/gntv_or_sync_fifo.gl0.wr/wpntr/gic0.gc0.count_reg[2]/C is not reached by a timing clock
Related violations: <none>

TIMING-17#131 Warning
Non-clocked sequential cell  
The clock pin mgt/g_fifo[2].fifo0/U0/inst_fifo_gen/gconvfifo.rf/grf.rf/gntv_or_sync_fifo.gl0.wr/wpntr/gic0.gc0.count_reg[3]/C is not reached by a timing clock
Related violations: <none>

TIMING-17#132 Warning
Non-clocked sequential cell  
The clock pin mgt/g_fifo[2].fifo0/U0/inst_fifo_gen/gconvfifo.rf/grf.rf/gntv_or_sync_fifo.gl0.wr/wpntr/gic0.gc0.count_reg[4]/C is not reached by a timing clock
Related violations: <none>

TIMING-17#133 Warning
Non-clocked sequential cell  
The clock pin mgt/g_fifo[2].fifo0/U0/inst_fifo_gen/gconvfifo.rf/grf.rf/gntv_or_sync_fifo.gl0.wr/wpntr/gic0.gc0.count_reg[5]/C is not reached by a timing clock
Related violations: <none>

TIMING-17#134 Warning
Non-clocked sequential cell  
The clock pin mgt/g_fifo[3].fifo0/U0/inst_fifo_gen/gconvfifo.rf/grf.rf/gntv_or_sync_fifo.gcx.clkx/rd_pntr_cdc_inst/dest_graysync_ff_reg[0][0]/C is not reached by a timing clock
Related violations: <none>

TIMING-17#135 Warning
Non-clocked sequential cell  
The clock pin mgt/g_fifo[3].fifo0/U0/inst_fifo_gen/gconvfifo.rf/grf.rf/gntv_or_sync_fifo.gcx.clkx/rd_pntr_cdc_inst/dest_graysync_ff_reg[0][1]/C is not reached by a timing clock
Related violations: <none>

TIMING-17#136 Warning
Non-clocked sequential cell  
The clock pin mgt/g_fifo[3].fifo0/U0/inst_fifo_gen/gconvfifo.rf/grf.rf/gntv_or_sync_fifo.gcx.clkx/rd_pntr_cdc_inst/dest_graysync_ff_reg[0][2]/C is not reached by a timing clock
Related violations: <none>

TIMING-17#137 Warning
Non-clocked sequential cell  
The clock pin mgt/g_fifo[3].fifo0/U0/inst_fifo_gen/gconvfifo.rf/grf.rf/gntv_or_sync_fifo.gcx.clkx/rd_pntr_cdc_inst/dest_graysync_ff_reg[0][3]/C is not reached by a timing clock
Related violations: <none>

TIMING-17#138 Warning
Non-clocked sequential cell  
The clock pin mgt/g_fifo[3].fifo0/U0/inst_fifo_gen/gconvfifo.rf/grf.rf/gntv_or_sync_fifo.gcx.clkx/rd_pntr_cdc_inst/dest_graysync_ff_reg[0][4]/C is not reached by a timing clock
Related violations: <none>

TIMING-17#139 Warning
Non-clocked sequential cell  
The clock pin mgt/g_fifo[3].fifo0/U0/inst_fifo_gen/gconvfifo.rf/grf.rf/gntv_or_sync_fifo.gcx.clkx/rd_pntr_cdc_inst/dest_graysync_ff_reg[0][5]/C is not reached by a timing clock
Related violations: <none>

TIMING-17#140 Warning
Non-clocked sequential cell  
The clock pin mgt/g_fifo[3].fifo0/U0/inst_fifo_gen/gconvfifo.rf/grf.rf/gntv_or_sync_fifo.gcx.clkx/rd_pntr_cdc_inst/dest_graysync_ff_reg[1][0]/C is not reached by a timing clock
Related violations: <none>

TIMING-17#141 Warning
Non-clocked sequential cell  
The clock pin mgt/g_fifo[3].fifo0/U0/inst_fifo_gen/gconvfifo.rf/grf.rf/gntv_or_sync_fifo.gcx.clkx/rd_pntr_cdc_inst/dest_graysync_ff_reg[1][1]/C is not reached by a timing clock
Related violations: <none>

TIMING-17#142 Warning
Non-clocked sequential cell  
The clock pin mgt/g_fifo[3].fifo0/U0/inst_fifo_gen/gconvfifo.rf/grf.rf/gntv_or_sync_fifo.gcx.clkx/rd_pntr_cdc_inst/dest_graysync_ff_reg[1][2]/C is not reached by a timing clock
Related violations: <none>

TIMING-17#143 Warning
Non-clocked sequential cell  
The clock pin mgt/g_fifo[3].fifo0/U0/inst_fifo_gen/gconvfifo.rf/grf.rf/gntv_or_sync_fifo.gcx.clkx/rd_pntr_cdc_inst/dest_graysync_ff_reg[1][3]/C is not reached by a timing clock
Related violations: <none>

TIMING-17#144 Warning
Non-clocked sequential cell  
The clock pin mgt/g_fifo[3].fifo0/U0/inst_fifo_gen/gconvfifo.rf/grf.rf/gntv_or_sync_fifo.gcx.clkx/rd_pntr_cdc_inst/dest_graysync_ff_reg[1][4]/C is not reached by a timing clock
Related violations: <none>

TIMING-17#145 Warning
Non-clocked sequential cell  
The clock pin mgt/g_fifo[3].fifo0/U0/inst_fifo_gen/gconvfifo.rf/grf.rf/gntv_or_sync_fifo.gcx.clkx/rd_pntr_cdc_inst/dest_graysync_ff_reg[1][5]/C is not reached by a timing clock
Related violations: <none>

TIMING-17#146 Warning
Non-clocked sequential cell  
The clock pin mgt/g_fifo[3].fifo0/U0/inst_fifo_gen/gconvfifo.rf/grf.rf/gntv_or_sync_fifo.gcx.clkx/rd_pntr_cdc_inst/dest_out_bin_ff_reg[0]/C is not reached by a timing clock
Related violations: <none>

TIMING-17#147 Warning
Non-clocked sequential cell  
The clock pin mgt/g_fifo[3].fifo0/U0/inst_fifo_gen/gconvfifo.rf/grf.rf/gntv_or_sync_fifo.gcx.clkx/rd_pntr_cdc_inst/dest_out_bin_ff_reg[1]/C is not reached by a timing clock
Related violations: <none>

TIMING-17#148 Warning
Non-clocked sequential cell  
The clock pin mgt/g_fifo[3].fifo0/U0/inst_fifo_gen/gconvfifo.rf/grf.rf/gntv_or_sync_fifo.gcx.clkx/rd_pntr_cdc_inst/dest_out_bin_ff_reg[2]/C is not reached by a timing clock
Related violations: <none>

TIMING-17#149 Warning
Non-clocked sequential cell  
The clock pin mgt/g_fifo[3].fifo0/U0/inst_fifo_gen/gconvfifo.rf/grf.rf/gntv_or_sync_fifo.gcx.clkx/rd_pntr_cdc_inst/dest_out_bin_ff_reg[3]/C is not reached by a timing clock
Related violations: <none>

TIMING-17#150 Warning
Non-clocked sequential cell  
The clock pin mgt/g_fifo[3].fifo0/U0/inst_fifo_gen/gconvfifo.rf/grf.rf/gntv_or_sync_fifo.gcx.clkx/rd_pntr_cdc_inst/dest_out_bin_ff_reg[4]/C is not reached by a timing clock
Related violations: <none>

TIMING-17#151 Warning
Non-clocked sequential cell  
The clock pin mgt/g_fifo[3].fifo0/U0/inst_fifo_gen/gconvfifo.rf/grf.rf/gntv_or_sync_fifo.gcx.clkx/rd_pntr_cdc_inst/dest_out_bin_ff_reg[5]/C is not reached by a timing clock
Related violations: <none>

TIMING-17#152 Warning
Non-clocked sequential cell  
The clock pin mgt/g_fifo[3].fifo0/U0/inst_fifo_gen/gconvfifo.rf/grf.rf/gntv_or_sync_fifo.gcx.clkx/wr_pntr_cdc_inst/src_gray_ff_reg[0]/C is not reached by a timing clock
Related violations: <none>

TIMING-17#153 Warning
Non-clocked sequential cell  
The clock pin mgt/g_fifo[3].fifo0/U0/inst_fifo_gen/gconvfifo.rf/grf.rf/gntv_or_sync_fifo.gcx.clkx/wr_pntr_cdc_inst/src_gray_ff_reg[1]/C is not reached by a timing clock
Related violations: <none>

TIMING-17#154 Warning
Non-clocked sequential cell  
The clock pin mgt/g_fifo[3].fifo0/U0/inst_fifo_gen/gconvfifo.rf/grf.rf/gntv_or_sync_fifo.gcx.clkx/wr_pntr_cdc_inst/src_gray_ff_reg[2]/C is not reached by a timing clock
Related violations: <none>

TIMING-17#155 Warning
Non-clocked sequential cell  
The clock pin mgt/g_fifo[3].fifo0/U0/inst_fifo_gen/gconvfifo.rf/grf.rf/gntv_or_sync_fifo.gcx.clkx/wr_pntr_cdc_inst/src_gray_ff_reg[3]/C is not reached by a timing clock
Related violations: <none>

TIMING-17#156 Warning
Non-clocked sequential cell  
The clock pin mgt/g_fifo[3].fifo0/U0/inst_fifo_gen/gconvfifo.rf/grf.rf/gntv_or_sync_fifo.gcx.clkx/wr_pntr_cdc_inst/src_gray_ff_reg[4]/C is not reached by a timing clock
Related violations: <none>

TIMING-17#157 Warning
Non-clocked sequential cell  
The clock pin mgt/g_fifo[3].fifo0/U0/inst_fifo_gen/gconvfifo.rf/grf.rf/gntv_or_sync_fifo.gcx.clkx/wr_pntr_cdc_inst/src_gray_ff_reg[5]/C is not reached by a timing clock
Related violations: <none>

TIMING-17#158 Warning
Non-clocked sequential cell  
The clock pin mgt/g_fifo[3].fifo0/U0/inst_fifo_gen/gconvfifo.rf/grf.rf/gntv_or_sync_fifo.gl0.wr/gwas.wsts/ram_full_fb_i_reg/C is not reached by a timing clock
Related violations: <none>

TIMING-17#159 Warning
Non-clocked sequential cell  
The clock pin mgt/g_fifo[3].fifo0/U0/inst_fifo_gen/gconvfifo.rf/grf.rf/gntv_or_sync_fifo.gl0.wr/gwas.wsts/ram_full_i_reg/C is not reached by a timing clock
Related violations: <none>

TIMING-17#160 Warning
Non-clocked sequential cell  
The clock pin mgt/g_fifo[3].fifo0/U0/inst_fifo_gen/gconvfifo.rf/grf.rf/gntv_or_sync_fifo.gl0.wr/wpntr/gic0.gc0.count_d1_reg[0]/C is not reached by a timing clock
Related violations: <none>

TIMING-17#161 Warning
Non-clocked sequential cell  
The clock pin mgt/g_fifo[3].fifo0/U0/inst_fifo_gen/gconvfifo.rf/grf.rf/gntv_or_sync_fifo.gl0.wr/wpntr/gic0.gc0.count_d1_reg[1]/C is not reached by a timing clock
Related violations: <none>

TIMING-17#162 Warning
Non-clocked sequential cell  
The clock pin mgt/g_fifo[3].fifo0/U0/inst_fifo_gen/gconvfifo.rf/grf.rf/gntv_or_sync_fifo.gl0.wr/wpntr/gic0.gc0.count_d1_reg[2]/C is not reached by a timing clock
Related violations: <none>

TIMING-17#163 Warning
Non-clocked sequential cell  
The clock pin mgt/g_fifo[3].fifo0/U0/inst_fifo_gen/gconvfifo.rf/grf.rf/gntv_or_sync_fifo.gl0.wr/wpntr/gic0.gc0.count_d1_reg[3]/C is not reached by a timing clock
Related violations: <none>

TIMING-17#164 Warning
Non-clocked sequential cell  
The clock pin mgt/g_fifo[3].fifo0/U0/inst_fifo_gen/gconvfifo.rf/grf.rf/gntv_or_sync_fifo.gl0.wr/wpntr/gic0.gc0.count_d1_reg[4]/C is not reached by a timing clock
Related violations: <none>

TIMING-17#165 Warning
Non-clocked sequential cell  
The clock pin mgt/g_fifo[3].fifo0/U0/inst_fifo_gen/gconvfifo.rf/grf.rf/gntv_or_sync_fifo.gl0.wr/wpntr/gic0.gc0.count_d1_reg[5]/C is not reached by a timing clock
Related violations: <none>

TIMING-17#166 Warning
Non-clocked sequential cell  
The clock pin mgt/g_fifo[3].fifo0/U0/inst_fifo_gen/gconvfifo.rf/grf.rf/gntv_or_sync_fifo.gl0.wr/wpntr/gic0.gc0.count_d2_reg[0]/C is not reached by a timing clock
Related violations: <none>

TIMING-17#167 Warning
Non-clocked sequential cell  
The clock pin mgt/g_fifo[3].fifo0/U0/inst_fifo_gen/gconvfifo.rf/grf.rf/gntv_or_sync_fifo.gl0.wr/wpntr/gic0.gc0.count_d2_reg[1]/C is not reached by a timing clock
Related violations: <none>

TIMING-17#168 Warning
Non-clocked sequential cell  
The clock pin mgt/g_fifo[3].fifo0/U0/inst_fifo_gen/gconvfifo.rf/grf.rf/gntv_or_sync_fifo.gl0.wr/wpntr/gic0.gc0.count_d2_reg[2]/C is not reached by a timing clock
Related violations: <none>

TIMING-17#169 Warning
Non-clocked sequential cell  
The clock pin mgt/g_fifo[3].fifo0/U0/inst_fifo_gen/gconvfifo.rf/grf.rf/gntv_or_sync_fifo.gl0.wr/wpntr/gic0.gc0.count_d2_reg[3]/C is not reached by a timing clock
Related violations: <none>

TIMING-17#170 Warning
Non-clocked sequential cell  
The clock pin mgt/g_fifo[3].fifo0/U0/inst_fifo_gen/gconvfifo.rf/grf.rf/gntv_or_sync_fifo.gl0.wr/wpntr/gic0.gc0.count_d2_reg[4]/C is not reached by a timing clock
Related violations: <none>

TIMING-17#171 Warning
Non-clocked sequential cell  
The clock pin mgt/g_fifo[3].fifo0/U0/inst_fifo_gen/gconvfifo.rf/grf.rf/gntv_or_sync_fifo.gl0.wr/wpntr/gic0.gc0.count_d2_reg[5]/C is not reached by a timing clock
Related violations: <none>

TIMING-17#172 Warning
Non-clocked sequential cell  
The clock pin mgt/g_fifo[3].fifo0/U0/inst_fifo_gen/gconvfifo.rf/grf.rf/gntv_or_sync_fifo.gl0.wr/wpntr/gic0.gc0.count_reg[0]/C is not reached by a timing clock
Related violations: <none>

TIMING-17#173 Warning
Non-clocked sequential cell  
The clock pin mgt/g_fifo[3].fifo0/U0/inst_fifo_gen/gconvfifo.rf/grf.rf/gntv_or_sync_fifo.gl0.wr/wpntr/gic0.gc0.count_reg[1]/C is not reached by a timing clock
Related violations: <none>

TIMING-17#174 Warning
Non-clocked sequential cell  
The clock pin mgt/g_fifo[3].fifo0/U0/inst_fifo_gen/gconvfifo.rf/grf.rf/gntv_or_sync_fifo.gl0.wr/wpntr/gic0.gc0.count_reg[2]/C is not reached by a timing clock
Related violations: <none>

TIMING-17#175 Warning
Non-clocked sequential cell  
The clock pin mgt/g_fifo[3].fifo0/U0/inst_fifo_gen/gconvfifo.rf/grf.rf/gntv_or_sync_fifo.gl0.wr/wpntr/gic0.gc0.count_reg[3]/C is not reached by a timing clock
Related violations: <none>

TIMING-17#176 Warning
Non-clocked sequential cell  
The clock pin mgt/g_fifo[3].fifo0/U0/inst_fifo_gen/gconvfifo.rf/grf.rf/gntv_or_sync_fifo.gl0.wr/wpntr/gic0.gc0.count_reg[4]/C is not reached by a timing clock
Related violations: <none>

TIMING-17#177 Warning
Non-clocked sequential cell  
The clock pin mgt/g_fifo[3].fifo0/U0/inst_fifo_gen/gconvfifo.rf/grf.rf/gntv_or_sync_fifo.gl0.wr/wpntr/gic0.gc0.count_reg[5]/C is not reached by a timing clock
Related violations: <none>

TIMING-17#178 Warning
Non-clocked sequential cell  
The clock pin mgt/g_fifo[4].fifo0/U0/inst_fifo_gen/gconvfifo.rf/grf.rf/gntv_or_sync_fifo.gcx.clkx/rd_pntr_cdc_inst/dest_graysync_ff_reg[0][0]/C is not reached by a timing clock
Related violations: <none>

TIMING-17#179 Warning
Non-clocked sequential cell  
The clock pin mgt/g_fifo[4].fifo0/U0/inst_fifo_gen/gconvfifo.rf/grf.rf/gntv_or_sync_fifo.gcx.clkx/rd_pntr_cdc_inst/dest_graysync_ff_reg[0][1]/C is not reached by a timing clock
Related violations: <none>

TIMING-17#180 Warning
Non-clocked sequential cell  
The clock pin mgt/g_fifo[4].fifo0/U0/inst_fifo_gen/gconvfifo.rf/grf.rf/gntv_or_sync_fifo.gcx.clkx/rd_pntr_cdc_inst/dest_graysync_ff_reg[0][2]/C is not reached by a timing clock
Related violations: <none>

TIMING-17#181 Warning
Non-clocked sequential cell  
The clock pin mgt/g_fifo[4].fifo0/U0/inst_fifo_gen/gconvfifo.rf/grf.rf/gntv_or_sync_fifo.gcx.clkx/rd_pntr_cdc_inst/dest_graysync_ff_reg[0][3]/C is not reached by a timing clock
Related violations: <none>

TIMING-17#182 Warning
Non-clocked sequential cell  
The clock pin mgt/g_fifo[4].fifo0/U0/inst_fifo_gen/gconvfifo.rf/grf.rf/gntv_or_sync_fifo.gcx.clkx/rd_pntr_cdc_inst/dest_graysync_ff_reg[0][4]/C is not reached by a timing clock
Related violations: <none>

TIMING-17#183 Warning
Non-clocked sequential cell  
The clock pin mgt/g_fifo[4].fifo0/U0/inst_fifo_gen/gconvfifo.rf/grf.rf/gntv_or_sync_fifo.gcx.clkx/rd_pntr_cdc_inst/dest_graysync_ff_reg[0][5]/C is not reached by a timing clock
Related violations: <none>

TIMING-17#184 Warning
Non-clocked sequential cell  
The clock pin mgt/g_fifo[4].fifo0/U0/inst_fifo_gen/gconvfifo.rf/grf.rf/gntv_or_sync_fifo.gcx.clkx/rd_pntr_cdc_inst/dest_graysync_ff_reg[1][0]/C is not reached by a timing clock
Related violations: <none>

TIMING-17#185 Warning
Non-clocked sequential cell  
The clock pin mgt/g_fifo[4].fifo0/U0/inst_fifo_gen/gconvfifo.rf/grf.rf/gntv_or_sync_fifo.gcx.clkx/rd_pntr_cdc_inst/dest_graysync_ff_reg[1][1]/C is not reached by a timing clock
Related violations: <none>

TIMING-17#186 Warning
Non-clocked sequential cell  
The clock pin mgt/g_fifo[4].fifo0/U0/inst_fifo_gen/gconvfifo.rf/grf.rf/gntv_or_sync_fifo.gcx.clkx/rd_pntr_cdc_inst/dest_graysync_ff_reg[1][2]/C is not reached by a timing clock
Related violations: <none>

TIMING-17#187 Warning
Non-clocked sequential cell  
The clock pin mgt/g_fifo[4].fifo0/U0/inst_fifo_gen/gconvfifo.rf/grf.rf/gntv_or_sync_fifo.gcx.clkx/rd_pntr_cdc_inst/dest_graysync_ff_reg[1][3]/C is not reached by a timing clock
Related violations: <none>

TIMING-17#188 Warning
Non-clocked sequential cell  
The clock pin mgt/g_fifo[4].fifo0/U0/inst_fifo_gen/gconvfifo.rf/grf.rf/gntv_or_sync_fifo.gcx.clkx/rd_pntr_cdc_inst/dest_graysync_ff_reg[1][4]/C is not reached by a timing clock
Related violations: <none>

TIMING-17#189 Warning
Non-clocked sequential cell  
The clock pin mgt/g_fifo[4].fifo0/U0/inst_fifo_gen/gconvfifo.rf/grf.rf/gntv_or_sync_fifo.gcx.clkx/rd_pntr_cdc_inst/dest_graysync_ff_reg[1][5]/C is not reached by a timing clock
Related violations: <none>

TIMING-17#190 Warning
Non-clocked sequential cell  
The clock pin mgt/g_fifo[4].fifo0/U0/inst_fifo_gen/gconvfifo.rf/grf.rf/gntv_or_sync_fifo.gcx.clkx/rd_pntr_cdc_inst/dest_out_bin_ff_reg[0]/C is not reached by a timing clock
Related violations: <none>

TIMING-17#191 Warning
Non-clocked sequential cell  
The clock pin mgt/g_fifo[4].fifo0/U0/inst_fifo_gen/gconvfifo.rf/grf.rf/gntv_or_sync_fifo.gcx.clkx/rd_pntr_cdc_inst/dest_out_bin_ff_reg[1]/C is not reached by a timing clock
Related violations: <none>

TIMING-17#192 Warning
Non-clocked sequential cell  
The clock pin mgt/g_fifo[4].fifo0/U0/inst_fifo_gen/gconvfifo.rf/grf.rf/gntv_or_sync_fifo.gcx.clkx/rd_pntr_cdc_inst/dest_out_bin_ff_reg[2]/C is not reached by a timing clock
Related violations: <none>

TIMING-17#193 Warning
Non-clocked sequential cell  
The clock pin mgt/g_fifo[4].fifo0/U0/inst_fifo_gen/gconvfifo.rf/grf.rf/gntv_or_sync_fifo.gcx.clkx/rd_pntr_cdc_inst/dest_out_bin_ff_reg[3]/C is not reached by a timing clock
Related violations: <none>

TIMING-17#194 Warning
Non-clocked sequential cell  
The clock pin mgt/g_fifo[4].fifo0/U0/inst_fifo_gen/gconvfifo.rf/grf.rf/gntv_or_sync_fifo.gcx.clkx/rd_pntr_cdc_inst/dest_out_bin_ff_reg[4]/C is not reached by a timing clock
Related violations: <none>

TIMING-17#195 Warning
Non-clocked sequential cell  
The clock pin mgt/g_fifo[4].fifo0/U0/inst_fifo_gen/gconvfifo.rf/grf.rf/gntv_or_sync_fifo.gcx.clkx/rd_pntr_cdc_inst/dest_out_bin_ff_reg[5]/C is not reached by a timing clock
Related violations: <none>

TIMING-17#196 Warning
Non-clocked sequential cell  
The clock pin mgt/g_fifo[4].fifo0/U0/inst_fifo_gen/gconvfifo.rf/grf.rf/gntv_or_sync_fifo.gcx.clkx/wr_pntr_cdc_inst/src_gray_ff_reg[0]/C is not reached by a timing clock
Related violations: <none>

TIMING-17#197 Warning
Non-clocked sequential cell  
The clock pin mgt/g_fifo[4].fifo0/U0/inst_fifo_gen/gconvfifo.rf/grf.rf/gntv_or_sync_fifo.gcx.clkx/wr_pntr_cdc_inst/src_gray_ff_reg[1]/C is not reached by a timing clock
Related violations: <none>

TIMING-17#198 Warning
Non-clocked sequential cell  
The clock pin mgt/g_fifo[4].fifo0/U0/inst_fifo_gen/gconvfifo.rf/grf.rf/gntv_or_sync_fifo.gcx.clkx/wr_pntr_cdc_inst/src_gray_ff_reg[2]/C is not reached by a timing clock
Related violations: <none>

TIMING-17#199 Warning
Non-clocked sequential cell  
The clock pin mgt/g_fifo[4].fifo0/U0/inst_fifo_gen/gconvfifo.rf/grf.rf/gntv_or_sync_fifo.gcx.clkx/wr_pntr_cdc_inst/src_gray_ff_reg[3]/C is not reached by a timing clock
Related violations: <none>

TIMING-17#200 Warning
Non-clocked sequential cell  
The clock pin mgt/g_fifo[4].fifo0/U0/inst_fifo_gen/gconvfifo.rf/grf.rf/gntv_or_sync_fifo.gcx.clkx/wr_pntr_cdc_inst/src_gray_ff_reg[4]/C is not reached by a timing clock
Related violations: <none>

TIMING-17#201 Warning
Non-clocked sequential cell  
The clock pin mgt/g_fifo[4].fifo0/U0/inst_fifo_gen/gconvfifo.rf/grf.rf/gntv_or_sync_fifo.gcx.clkx/wr_pntr_cdc_inst/src_gray_ff_reg[5]/C is not reached by a timing clock
Related violations: <none>

TIMING-17#202 Warning
Non-clocked sequential cell  
The clock pin mgt/g_fifo[4].fifo0/U0/inst_fifo_gen/gconvfifo.rf/grf.rf/gntv_or_sync_fifo.gl0.wr/gwas.wsts/ram_full_fb_i_reg/C is not reached by a timing clock
Related violations: <none>

TIMING-17#203 Warning
Non-clocked sequential cell  
The clock pin mgt/g_fifo[4].fifo0/U0/inst_fifo_gen/gconvfifo.rf/grf.rf/gntv_or_sync_fifo.gl0.wr/gwas.wsts/ram_full_i_reg/C is not reached by a timing clock
Related violations: <none>

TIMING-17#204 Warning
Non-clocked sequential cell  
The clock pin mgt/g_fifo[4].fifo0/U0/inst_fifo_gen/gconvfifo.rf/grf.rf/gntv_or_sync_fifo.gl0.wr/wpntr/gic0.gc0.count_d1_reg[0]/C is not reached by a timing clock
Related violations: <none>

TIMING-17#205 Warning
Non-clocked sequential cell  
The clock pin mgt/g_fifo[4].fifo0/U0/inst_fifo_gen/gconvfifo.rf/grf.rf/gntv_or_sync_fifo.gl0.wr/wpntr/gic0.gc0.count_d1_reg[1]/C is not reached by a timing clock
Related violations: <none>

TIMING-17#206 Warning
Non-clocked sequential cell  
The clock pin mgt/g_fifo[4].fifo0/U0/inst_fifo_gen/gconvfifo.rf/grf.rf/gntv_or_sync_fifo.gl0.wr/wpntr/gic0.gc0.count_d1_reg[2]/C is not reached by a timing clock
Related violations: <none>

TIMING-17#207 Warning
Non-clocked sequential cell  
The clock pin mgt/g_fifo[4].fifo0/U0/inst_fifo_gen/gconvfifo.rf/grf.rf/gntv_or_sync_fifo.gl0.wr/wpntr/gic0.gc0.count_d1_reg[3]/C is not reached by a timing clock
Related violations: <none>

TIMING-17#208 Warning
Non-clocked sequential cell  
The clock pin mgt/g_fifo[4].fifo0/U0/inst_fifo_gen/gconvfifo.rf/grf.rf/gntv_or_sync_fifo.gl0.wr/wpntr/gic0.gc0.count_d1_reg[4]/C is not reached by a timing clock
Related violations: <none>

TIMING-17#209 Warning
Non-clocked sequential cell  
The clock pin mgt/g_fifo[4].fifo0/U0/inst_fifo_gen/gconvfifo.rf/grf.rf/gntv_or_sync_fifo.gl0.wr/wpntr/gic0.gc0.count_d1_reg[5]/C is not reached by a timing clock
Related violations: <none>

TIMING-17#210 Warning
Non-clocked sequential cell  
The clock pin mgt/g_fifo[4].fifo0/U0/inst_fifo_gen/gconvfifo.rf/grf.rf/gntv_or_sync_fifo.gl0.wr/wpntr/gic0.gc0.count_d2_reg[0]/C is not reached by a timing clock
Related violations: <none>

TIMING-17#211 Warning
Non-clocked sequential cell  
The clock pin mgt/g_fifo[4].fifo0/U0/inst_fifo_gen/gconvfifo.rf/grf.rf/gntv_or_sync_fifo.gl0.wr/wpntr/gic0.gc0.count_d2_reg[1]/C is not reached by a timing clock
Related violations: <none>

TIMING-17#212 Warning
Non-clocked sequential cell  
The clock pin mgt/g_fifo[4].fifo0/U0/inst_fifo_gen/gconvfifo.rf/grf.rf/gntv_or_sync_fifo.gl0.wr/wpntr/gic0.gc0.count_d2_reg[2]/C is not reached by a timing clock
Related violations: <none>

TIMING-17#213 Warning
Non-clocked sequential cell  
The clock pin mgt/g_fifo[4].fifo0/U0/inst_fifo_gen/gconvfifo.rf/grf.rf/gntv_or_sync_fifo.gl0.wr/wpntr/gic0.gc0.count_d2_reg[3]/C is not reached by a timing clock
Related violations: <none>

TIMING-17#214 Warning
Non-clocked sequential cell  
The clock pin mgt/g_fifo[4].fifo0/U0/inst_fifo_gen/gconvfifo.rf/grf.rf/gntv_or_sync_fifo.gl0.wr/wpntr/gic0.gc0.count_d2_reg[4]/C is not reached by a timing clock
Related violations: <none>

TIMING-17#215 Warning
Non-clocked sequential cell  
The clock pin mgt/g_fifo[4].fifo0/U0/inst_fifo_gen/gconvfifo.rf/grf.rf/gntv_or_sync_fifo.gl0.wr/wpntr/gic0.gc0.count_d2_reg[5]/C is not reached by a timing clock
Related violations: <none>

TIMING-17#216 Warning
Non-clocked sequential cell  
The clock pin mgt/g_fifo[4].fifo0/U0/inst_fifo_gen/gconvfifo.rf/grf.rf/gntv_or_sync_fifo.gl0.wr/wpntr/gic0.gc0.count_reg[0]/C is not reached by a timing clock
Related violations: <none>

TIMING-17#217 Warning
Non-clocked sequential cell  
The clock pin mgt/g_fifo[4].fifo0/U0/inst_fifo_gen/gconvfifo.rf/grf.rf/gntv_or_sync_fifo.gl0.wr/wpntr/gic0.gc0.count_reg[1]/C is not reached by a timing clock
Related violations: <none>

TIMING-17#218 Warning
Non-clocked sequential cell  
The clock pin mgt/g_fifo[4].fifo0/U0/inst_fifo_gen/gconvfifo.rf/grf.rf/gntv_or_sync_fifo.gl0.wr/wpntr/gic0.gc0.count_reg[2]/C is not reached by a timing clock
Related violations: <none>

TIMING-17#219 Warning
Non-clocked sequential cell  
The clock pin mgt/g_fifo[4].fifo0/U0/inst_fifo_gen/gconvfifo.rf/grf.rf/gntv_or_sync_fifo.gl0.wr/wpntr/gic0.gc0.count_reg[3]/C is not reached by a timing clock
Related violations: <none>

TIMING-17#220 Warning
Non-clocked sequential cell  
The clock pin mgt/g_fifo[4].fifo0/U0/inst_fifo_gen/gconvfifo.rf/grf.rf/gntv_or_sync_fifo.gl0.wr/wpntr/gic0.gc0.count_reg[4]/C is not reached by a timing clock
Related violations: <none>

TIMING-17#221 Warning
Non-clocked sequential cell  
The clock pin mgt/g_fifo[4].fifo0/U0/inst_fifo_gen/gconvfifo.rf/grf.rf/gntv_or_sync_fifo.gl0.wr/wpntr/gic0.gc0.count_reg[5]/C is not reached by a timing clock
Related violations: <none>

TIMING-17#222 Warning
Non-clocked sequential cell  
The clock pin mgt/g_fifo[5].fifo0/U0/inst_fifo_gen/gconvfifo.rf/grf.rf/gntv_or_sync_fifo.gcx.clkx/rd_pntr_cdc_inst/dest_graysync_ff_reg[0][0]/C is not reached by a timing clock
Related violations: <none>

TIMING-17#223 Warning
Non-clocked sequential cell  
The clock pin mgt/g_fifo[5].fifo0/U0/inst_fifo_gen/gconvfifo.rf/grf.rf/gntv_or_sync_fifo.gcx.clkx/rd_pntr_cdc_inst/dest_graysync_ff_reg[0][1]/C is not reached by a timing clock
Related violations: <none>

TIMING-17#224 Warning
Non-clocked sequential cell  
The clock pin mgt/g_fifo[5].fifo0/U0/inst_fifo_gen/gconvfifo.rf/grf.rf/gntv_or_sync_fifo.gcx.clkx/rd_pntr_cdc_inst/dest_graysync_ff_reg[0][2]/C is not reached by a timing clock
Related violations: <none>

TIMING-17#225 Warning
Non-clocked sequential cell  
The clock pin mgt/g_fifo[5].fifo0/U0/inst_fifo_gen/gconvfifo.rf/grf.rf/gntv_or_sync_fifo.gcx.clkx/rd_pntr_cdc_inst/dest_graysync_ff_reg[0][3]/C is not reached by a timing clock
Related violations: <none>

TIMING-17#226 Warning
Non-clocked sequential cell  
The clock pin mgt/g_fifo[5].fifo0/U0/inst_fifo_gen/gconvfifo.rf/grf.rf/gntv_or_sync_fifo.gcx.clkx/rd_pntr_cdc_inst/dest_graysync_ff_reg[0][4]/C is not reached by a timing clock
Related violations: <none>

TIMING-17#227 Warning
Non-clocked sequential cell  
The clock pin mgt/g_fifo[5].fifo0/U0/inst_fifo_gen/gconvfifo.rf/grf.rf/gntv_or_sync_fifo.gcx.clkx/rd_pntr_cdc_inst/dest_graysync_ff_reg[0][5]/C is not reached by a timing clock
Related violations: <none>

TIMING-17#228 Warning
Non-clocked sequential cell  
The clock pin mgt/g_fifo[5].fifo0/U0/inst_fifo_gen/gconvfifo.rf/grf.rf/gntv_or_sync_fifo.gcx.clkx/rd_pntr_cdc_inst/dest_graysync_ff_reg[1][0]/C is not reached by a timing clock
Related violations: <none>

TIMING-17#229 Warning
Non-clocked sequential cell  
The clock pin mgt/g_fifo[5].fifo0/U0/inst_fifo_gen/gconvfifo.rf/grf.rf/gntv_or_sync_fifo.gcx.clkx/rd_pntr_cdc_inst/dest_graysync_ff_reg[1][1]/C is not reached by a timing clock
Related violations: <none>

TIMING-17#230 Warning
Non-clocked sequential cell  
The clock pin mgt/g_fifo[5].fifo0/U0/inst_fifo_gen/gconvfifo.rf/grf.rf/gntv_or_sync_fifo.gcx.clkx/rd_pntr_cdc_inst/dest_graysync_ff_reg[1][2]/C is not reached by a timing clock
Related violations: <none>

TIMING-17#231 Warning
Non-clocked sequential cell  
The clock pin mgt/g_fifo[5].fifo0/U0/inst_fifo_gen/gconvfifo.rf/grf.rf/gntv_or_sync_fifo.gcx.clkx/rd_pntr_cdc_inst/dest_graysync_ff_reg[1][3]/C is not reached by a timing clock
Related violations: <none>

TIMING-17#232 Warning
Non-clocked sequential cell  
The clock pin mgt/g_fifo[5].fifo0/U0/inst_fifo_gen/gconvfifo.rf/grf.rf/gntv_or_sync_fifo.gcx.clkx/rd_pntr_cdc_inst/dest_graysync_ff_reg[1][4]/C is not reached by a timing clock
Related violations: <none>

TIMING-17#233 Warning
Non-clocked sequential cell  
The clock pin mgt/g_fifo[5].fifo0/U0/inst_fifo_gen/gconvfifo.rf/grf.rf/gntv_or_sync_fifo.gcx.clkx/rd_pntr_cdc_inst/dest_graysync_ff_reg[1][5]/C is not reached by a timing clock
Related violations: <none>

TIMING-17#234 Warning
Non-clocked sequential cell  
The clock pin mgt/g_fifo[5].fifo0/U0/inst_fifo_gen/gconvfifo.rf/grf.rf/gntv_or_sync_fifo.gcx.clkx/rd_pntr_cdc_inst/dest_out_bin_ff_reg[0]/C is not reached by a timing clock
Related violations: <none>

TIMING-17#235 Warning
Non-clocked sequential cell  
The clock pin mgt/g_fifo[5].fifo0/U0/inst_fifo_gen/gconvfifo.rf/grf.rf/gntv_or_sync_fifo.gcx.clkx/rd_pntr_cdc_inst/dest_out_bin_ff_reg[1]/C is not reached by a timing clock
Related violations: <none>

TIMING-17#236 Warning
Non-clocked sequential cell  
The clock pin mgt/g_fifo[5].fifo0/U0/inst_fifo_gen/gconvfifo.rf/grf.rf/gntv_or_sync_fifo.gcx.clkx/rd_pntr_cdc_inst/dest_out_bin_ff_reg[2]/C is not reached by a timing clock
Related violations: <none>

TIMING-17#237 Warning
Non-clocked sequential cell  
The clock pin mgt/g_fifo[5].fifo0/U0/inst_fifo_gen/gconvfifo.rf/grf.rf/gntv_or_sync_fifo.gcx.clkx/rd_pntr_cdc_inst/dest_out_bin_ff_reg[3]/C is not reached by a timing clock
Related violations: <none>

TIMING-17#238 Warning
Non-clocked sequential cell  
The clock pin mgt/g_fifo[5].fifo0/U0/inst_fifo_gen/gconvfifo.rf/grf.rf/gntv_or_sync_fifo.gcx.clkx/rd_pntr_cdc_inst/dest_out_bin_ff_reg[4]/C is not reached by a timing clock
Related violations: <none>

TIMING-17#239 Warning
Non-clocked sequential cell  
The clock pin mgt/g_fifo[5].fifo0/U0/inst_fifo_gen/gconvfifo.rf/grf.rf/gntv_or_sync_fifo.gcx.clkx/rd_pntr_cdc_inst/dest_out_bin_ff_reg[5]/C is not reached by a timing clock
Related violations: <none>

TIMING-17#240 Warning
Non-clocked sequential cell  
The clock pin mgt/g_fifo[5].fifo0/U0/inst_fifo_gen/gconvfifo.rf/grf.rf/gntv_or_sync_fifo.gcx.clkx/wr_pntr_cdc_inst/src_gray_ff_reg[0]/C is not reached by a timing clock
Related violations: <none>

TIMING-17#241 Warning
Non-clocked sequential cell  
The clock pin mgt/g_fifo[5].fifo0/U0/inst_fifo_gen/gconvfifo.rf/grf.rf/gntv_or_sync_fifo.gcx.clkx/wr_pntr_cdc_inst/src_gray_ff_reg[1]/C is not reached by a timing clock
Related violations: <none>

TIMING-17#242 Warning
Non-clocked sequential cell  
The clock pin mgt/g_fifo[5].fifo0/U0/inst_fifo_gen/gconvfifo.rf/grf.rf/gntv_or_sync_fifo.gcx.clkx/wr_pntr_cdc_inst/src_gray_ff_reg[2]/C is not reached by a timing clock
Related violations: <none>

TIMING-17#243 Warning
Non-clocked sequential cell  
The clock pin mgt/g_fifo[5].fifo0/U0/inst_fifo_gen/gconvfifo.rf/grf.rf/gntv_or_sync_fifo.gcx.clkx/wr_pntr_cdc_inst/src_gray_ff_reg[3]/C is not reached by a timing clock
Related violations: <none>

TIMING-17#244 Warning
Non-clocked sequential cell  
The clock pin mgt/g_fifo[5].fifo0/U0/inst_fifo_gen/gconvfifo.rf/grf.rf/gntv_or_sync_fifo.gcx.clkx/wr_pntr_cdc_inst/src_gray_ff_reg[4]/C is not reached by a timing clock
Related violations: <none>

TIMING-17#245 Warning
Non-clocked sequential cell  
The clock pin mgt/g_fifo[5].fifo0/U0/inst_fifo_gen/gconvfifo.rf/grf.rf/gntv_or_sync_fifo.gcx.clkx/wr_pntr_cdc_inst/src_gray_ff_reg[5]/C is not reached by a timing clock
Related violations: <none>

TIMING-17#246 Warning
Non-clocked sequential cell  
The clock pin mgt/g_fifo[5].fifo0/U0/inst_fifo_gen/gconvfifo.rf/grf.rf/gntv_or_sync_fifo.gl0.wr/gwas.wsts/ram_full_fb_i_reg/C is not reached by a timing clock
Related violations: <none>

TIMING-17#247 Warning
Non-clocked sequential cell  
The clock pin mgt/g_fifo[5].fifo0/U0/inst_fifo_gen/gconvfifo.rf/grf.rf/gntv_or_sync_fifo.gl0.wr/gwas.wsts/ram_full_i_reg/C is not reached by a timing clock
Related violations: <none>

TIMING-17#248 Warning
Non-clocked sequential cell  
The clock pin mgt/g_fifo[5].fifo0/U0/inst_fifo_gen/gconvfifo.rf/grf.rf/gntv_or_sync_fifo.gl0.wr/wpntr/gic0.gc0.count_d1_reg[0]/C is not reached by a timing clock
Related violations: <none>

TIMING-17#249 Warning
Non-clocked sequential cell  
The clock pin mgt/g_fifo[5].fifo0/U0/inst_fifo_gen/gconvfifo.rf/grf.rf/gntv_or_sync_fifo.gl0.wr/wpntr/gic0.gc0.count_d1_reg[1]/C is not reached by a timing clock
Related violations: <none>

TIMING-17#250 Warning
Non-clocked sequential cell  
The clock pin mgt/g_fifo[5].fifo0/U0/inst_fifo_gen/gconvfifo.rf/grf.rf/gntv_or_sync_fifo.gl0.wr/wpntr/gic0.gc0.count_d1_reg[2]/C is not reached by a timing clock
Related violations: <none>

TIMING-17#251 Warning
Non-clocked sequential cell  
The clock pin mgt/g_fifo[5].fifo0/U0/inst_fifo_gen/gconvfifo.rf/grf.rf/gntv_or_sync_fifo.gl0.wr/wpntr/gic0.gc0.count_d1_reg[3]/C is not reached by a timing clock
Related violations: <none>

TIMING-17#252 Warning
Non-clocked sequential cell  
The clock pin mgt/g_fifo[5].fifo0/U0/inst_fifo_gen/gconvfifo.rf/grf.rf/gntv_or_sync_fifo.gl0.wr/wpntr/gic0.gc0.count_d1_reg[4]/C is not reached by a timing clock
Related violations: <none>

TIMING-17#253 Warning
Non-clocked sequential cell  
The clock pin mgt/g_fifo[5].fifo0/U0/inst_fifo_gen/gconvfifo.rf/grf.rf/gntv_or_sync_fifo.gl0.wr/wpntr/gic0.gc0.count_d1_reg[5]/C is not reached by a timing clock
Related violations: <none>

TIMING-17#254 Warning
Non-clocked sequential cell  
The clock pin mgt/g_fifo[5].fifo0/U0/inst_fifo_gen/gconvfifo.rf/grf.rf/gntv_or_sync_fifo.gl0.wr/wpntr/gic0.gc0.count_d2_reg[0]/C is not reached by a timing clock
Related violations: <none>

TIMING-17#255 Warning
Non-clocked sequential cell  
The clock pin mgt/g_fifo[5].fifo0/U0/inst_fifo_gen/gconvfifo.rf/grf.rf/gntv_or_sync_fifo.gl0.wr/wpntr/gic0.gc0.count_d2_reg[1]/C is not reached by a timing clock
Related violations: <none>

TIMING-17#256 Warning
Non-clocked sequential cell  
The clock pin mgt/g_fifo[5].fifo0/U0/inst_fifo_gen/gconvfifo.rf/grf.rf/gntv_or_sync_fifo.gl0.wr/wpntr/gic0.gc0.count_d2_reg[2]/C is not reached by a timing clock
Related violations: <none>

TIMING-17#257 Warning
Non-clocked sequential cell  
The clock pin mgt/g_fifo[5].fifo0/U0/inst_fifo_gen/gconvfifo.rf/grf.rf/gntv_or_sync_fifo.gl0.wr/wpntr/gic0.gc0.count_d2_reg[3]/C is not reached by a timing clock
Related violations: <none>

TIMING-17#258 Warning
Non-clocked sequential cell  
The clock pin mgt/g_fifo[5].fifo0/U0/inst_fifo_gen/gconvfifo.rf/grf.rf/gntv_or_sync_fifo.gl0.wr/wpntr/gic0.gc0.count_d2_reg[4]/C is not reached by a timing clock
Related violations: <none>

TIMING-17#259 Warning
Non-clocked sequential cell  
The clock pin mgt/g_fifo[5].fifo0/U0/inst_fifo_gen/gconvfifo.rf/grf.rf/gntv_or_sync_fifo.gl0.wr/wpntr/gic0.gc0.count_d2_reg[5]/C is not reached by a timing clock
Related violations: <none>

TIMING-17#260 Warning
Non-clocked sequential cell  
The clock pin mgt/g_fifo[5].fifo0/U0/inst_fifo_gen/gconvfifo.rf/grf.rf/gntv_or_sync_fifo.gl0.wr/wpntr/gic0.gc0.count_reg[0]/C is not reached by a timing clock
Related violations: <none>

TIMING-17#261 Warning
Non-clocked sequential cell  
The clock pin mgt/g_fifo[5].fifo0/U0/inst_fifo_gen/gconvfifo.rf/grf.rf/gntv_or_sync_fifo.gl0.wr/wpntr/gic0.gc0.count_reg[1]/C is not reached by a timing clock
Related violations: <none>

TIMING-17#262 Warning
Non-clocked sequential cell  
The clock pin mgt/g_fifo[5].fifo0/U0/inst_fifo_gen/gconvfifo.rf/grf.rf/gntv_or_sync_fifo.gl0.wr/wpntr/gic0.gc0.count_reg[2]/C is not reached by a timing clock
Related violations: <none>

TIMING-17#263 Warning
Non-clocked sequential cell  
The clock pin mgt/g_fifo[5].fifo0/U0/inst_fifo_gen/gconvfifo.rf/grf.rf/gntv_or_sync_fifo.gl0.wr/wpntr/gic0.gc0.count_reg[3]/C is not reached by a timing clock
Related violations: <none>

TIMING-17#264 Warning
Non-clocked sequential cell  
The clock pin mgt/g_fifo[5].fifo0/U0/inst_fifo_gen/gconvfifo.rf/grf.rf/gntv_or_sync_fifo.gl0.wr/wpntr/gic0.gc0.count_reg[4]/C is not reached by a timing clock
Related violations: <none>

TIMING-17#265 Warning
Non-clocked sequential cell  
The clock pin mgt/g_fifo[5].fifo0/U0/inst_fifo_gen/gconvfifo.rf/grf.rf/gntv_or_sync_fifo.gl0.wr/wpntr/gic0.gc0.count_reg[5]/C is not reached by a timing clock
Related violations: <none>

TIMING-17#266 Warning
Non-clocked sequential cell  
The clock pin mgt/g_fifo[6].fifo0/U0/inst_fifo_gen/gconvfifo.rf/grf.rf/gntv_or_sync_fifo.gcx.clkx/rd_pntr_cdc_inst/dest_graysync_ff_reg[0][0]/C is not reached by a timing clock
Related violations: <none>

TIMING-17#267 Warning
Non-clocked sequential cell  
The clock pin mgt/g_fifo[6].fifo0/U0/inst_fifo_gen/gconvfifo.rf/grf.rf/gntv_or_sync_fifo.gcx.clkx/rd_pntr_cdc_inst/dest_graysync_ff_reg[0][1]/C is not reached by a timing clock
Related violations: <none>

TIMING-17#268 Warning
Non-clocked sequential cell  
The clock pin mgt/g_fifo[6].fifo0/U0/inst_fifo_gen/gconvfifo.rf/grf.rf/gntv_or_sync_fifo.gcx.clkx/rd_pntr_cdc_inst/dest_graysync_ff_reg[0][2]/C is not reached by a timing clock
Related violations: <none>

TIMING-17#269 Warning
Non-clocked sequential cell  
The clock pin mgt/g_fifo[6].fifo0/U0/inst_fifo_gen/gconvfifo.rf/grf.rf/gntv_or_sync_fifo.gcx.clkx/rd_pntr_cdc_inst/dest_graysync_ff_reg[0][3]/C is not reached by a timing clock
Related violations: <none>

TIMING-17#270 Warning
Non-clocked sequential cell  
The clock pin mgt/g_fifo[6].fifo0/U0/inst_fifo_gen/gconvfifo.rf/grf.rf/gntv_or_sync_fifo.gcx.clkx/rd_pntr_cdc_inst/dest_graysync_ff_reg[0][4]/C is not reached by a timing clock
Related violations: <none>

TIMING-17#271 Warning
Non-clocked sequential cell  
The clock pin mgt/g_fifo[6].fifo0/U0/inst_fifo_gen/gconvfifo.rf/grf.rf/gntv_or_sync_fifo.gcx.clkx/rd_pntr_cdc_inst/dest_graysync_ff_reg[0][5]/C is not reached by a timing clock
Related violations: <none>

TIMING-17#272 Warning
Non-clocked sequential cell  
The clock pin mgt/g_fifo[6].fifo0/U0/inst_fifo_gen/gconvfifo.rf/grf.rf/gntv_or_sync_fifo.gcx.clkx/rd_pntr_cdc_inst/dest_graysync_ff_reg[1][0]/C is not reached by a timing clock
Related violations: <none>

TIMING-17#273 Warning
Non-clocked sequential cell  
The clock pin mgt/g_fifo[6].fifo0/U0/inst_fifo_gen/gconvfifo.rf/grf.rf/gntv_or_sync_fifo.gcx.clkx/rd_pntr_cdc_inst/dest_graysync_ff_reg[1][1]/C is not reached by a timing clock
Related violations: <none>

TIMING-17#274 Warning
Non-clocked sequential cell  
The clock pin mgt/g_fifo[6].fifo0/U0/inst_fifo_gen/gconvfifo.rf/grf.rf/gntv_or_sync_fifo.gcx.clkx/rd_pntr_cdc_inst/dest_graysync_ff_reg[1][2]/C is not reached by a timing clock
Related violations: <none>

TIMING-17#275 Warning
Non-clocked sequential cell  
The clock pin mgt/g_fifo[6].fifo0/U0/inst_fifo_gen/gconvfifo.rf/grf.rf/gntv_or_sync_fifo.gcx.clkx/rd_pntr_cdc_inst/dest_graysync_ff_reg[1][3]/C is not reached by a timing clock
Related violations: <none>

TIMING-17#276 Warning
Non-clocked sequential cell  
The clock pin mgt/g_fifo[6].fifo0/U0/inst_fifo_gen/gconvfifo.rf/grf.rf/gntv_or_sync_fifo.gcx.clkx/rd_pntr_cdc_inst/dest_graysync_ff_reg[1][4]/C is not reached by a timing clock
Related violations: <none>

TIMING-17#277 Warning
Non-clocked sequential cell  
The clock pin mgt/g_fifo[6].fifo0/U0/inst_fifo_gen/gconvfifo.rf/grf.rf/gntv_or_sync_fifo.gcx.clkx/rd_pntr_cdc_inst/dest_graysync_ff_reg[1][5]/C is not reached by a timing clock
Related violations: <none>

TIMING-17#278 Warning
Non-clocked sequential cell  
The clock pin mgt/g_fifo[6].fifo0/U0/inst_fifo_gen/gconvfifo.rf/grf.rf/gntv_or_sync_fifo.gcx.clkx/rd_pntr_cdc_inst/dest_out_bin_ff_reg[0]/C is not reached by a timing clock
Related violations: <none>

TIMING-17#279 Warning
Non-clocked sequential cell  
The clock pin mgt/g_fifo[6].fifo0/U0/inst_fifo_gen/gconvfifo.rf/grf.rf/gntv_or_sync_fifo.gcx.clkx/rd_pntr_cdc_inst/dest_out_bin_ff_reg[1]/C is not reached by a timing clock
Related violations: <none>

TIMING-17#280 Warning
Non-clocked sequential cell  
The clock pin mgt/g_fifo[6].fifo0/U0/inst_fifo_gen/gconvfifo.rf/grf.rf/gntv_or_sync_fifo.gcx.clkx/rd_pntr_cdc_inst/dest_out_bin_ff_reg[2]/C is not reached by a timing clock
Related violations: <none>

TIMING-17#281 Warning
Non-clocked sequential cell  
The clock pin mgt/g_fifo[6].fifo0/U0/inst_fifo_gen/gconvfifo.rf/grf.rf/gntv_or_sync_fifo.gcx.clkx/rd_pntr_cdc_inst/dest_out_bin_ff_reg[3]/C is not reached by a timing clock
Related violations: <none>

TIMING-17#282 Warning
Non-clocked sequential cell  
The clock pin mgt/g_fifo[6].fifo0/U0/inst_fifo_gen/gconvfifo.rf/grf.rf/gntv_or_sync_fifo.gcx.clkx/rd_pntr_cdc_inst/dest_out_bin_ff_reg[4]/C is not reached by a timing clock
Related violations: <none>

TIMING-17#283 Warning
Non-clocked sequential cell  
The clock pin mgt/g_fifo[6].fifo0/U0/inst_fifo_gen/gconvfifo.rf/grf.rf/gntv_or_sync_fifo.gcx.clkx/rd_pntr_cdc_inst/dest_out_bin_ff_reg[5]/C is not reached by a timing clock
Related violations: <none>

TIMING-17#284 Warning
Non-clocked sequential cell  
The clock pin mgt/g_fifo[6].fifo0/U0/inst_fifo_gen/gconvfifo.rf/grf.rf/gntv_or_sync_fifo.gcx.clkx/wr_pntr_cdc_inst/src_gray_ff_reg[0]/C is not reached by a timing clock
Related violations: <none>

TIMING-17#285 Warning
Non-clocked sequential cell  
The clock pin mgt/g_fifo[6].fifo0/U0/inst_fifo_gen/gconvfifo.rf/grf.rf/gntv_or_sync_fifo.gcx.clkx/wr_pntr_cdc_inst/src_gray_ff_reg[1]/C is not reached by a timing clock
Related violations: <none>

TIMING-17#286 Warning
Non-clocked sequential cell  
The clock pin mgt/g_fifo[6].fifo0/U0/inst_fifo_gen/gconvfifo.rf/grf.rf/gntv_or_sync_fifo.gcx.clkx/wr_pntr_cdc_inst/src_gray_ff_reg[2]/C is not reached by a timing clock
Related violations: <none>

TIMING-17#287 Warning
Non-clocked sequential cell  
The clock pin mgt/g_fifo[6].fifo0/U0/inst_fifo_gen/gconvfifo.rf/grf.rf/gntv_or_sync_fifo.gcx.clkx/wr_pntr_cdc_inst/src_gray_ff_reg[3]/C is not reached by a timing clock
Related violations: <none>

TIMING-17#288 Warning
Non-clocked sequential cell  
The clock pin mgt/g_fifo[6].fifo0/U0/inst_fifo_gen/gconvfifo.rf/grf.rf/gntv_or_sync_fifo.gcx.clkx/wr_pntr_cdc_inst/src_gray_ff_reg[4]/C is not reached by a timing clock
Related violations: <none>

TIMING-17#289 Warning
Non-clocked sequential cell  
The clock pin mgt/g_fifo[6].fifo0/U0/inst_fifo_gen/gconvfifo.rf/grf.rf/gntv_or_sync_fifo.gcx.clkx/wr_pntr_cdc_inst/src_gray_ff_reg[5]/C is not reached by a timing clock
Related violations: <none>

TIMING-17#290 Warning
Non-clocked sequential cell  
The clock pin mgt/g_fifo[6].fifo0/U0/inst_fifo_gen/gconvfifo.rf/grf.rf/gntv_or_sync_fifo.gl0.wr/gwas.wsts/ram_full_fb_i_reg/C is not reached by a timing clock
Related violations: <none>

TIMING-17#291 Warning
Non-clocked sequential cell  
The clock pin mgt/g_fifo[6].fifo0/U0/inst_fifo_gen/gconvfifo.rf/grf.rf/gntv_or_sync_fifo.gl0.wr/gwas.wsts/ram_full_i_reg/C is not reached by a timing clock
Related violations: <none>

TIMING-17#292 Warning
Non-clocked sequential cell  
The clock pin mgt/g_fifo[6].fifo0/U0/inst_fifo_gen/gconvfifo.rf/grf.rf/gntv_or_sync_fifo.gl0.wr/wpntr/gic0.gc0.count_d1_reg[0]/C is not reached by a timing clock
Related violations: <none>

TIMING-17#293 Warning
Non-clocked sequential cell  
The clock pin mgt/g_fifo[6].fifo0/U0/inst_fifo_gen/gconvfifo.rf/grf.rf/gntv_or_sync_fifo.gl0.wr/wpntr/gic0.gc0.count_d1_reg[1]/C is not reached by a timing clock
Related violations: <none>

TIMING-17#294 Warning
Non-clocked sequential cell  
The clock pin mgt/g_fifo[6].fifo0/U0/inst_fifo_gen/gconvfifo.rf/grf.rf/gntv_or_sync_fifo.gl0.wr/wpntr/gic0.gc0.count_d1_reg[2]/C is not reached by a timing clock
Related violations: <none>

TIMING-17#295 Warning
Non-clocked sequential cell  
The clock pin mgt/g_fifo[6].fifo0/U0/inst_fifo_gen/gconvfifo.rf/grf.rf/gntv_or_sync_fifo.gl0.wr/wpntr/gic0.gc0.count_d1_reg[3]/C is not reached by a timing clock
Related violations: <none>

TIMING-17#296 Warning
Non-clocked sequential cell  
The clock pin mgt/g_fifo[6].fifo0/U0/inst_fifo_gen/gconvfifo.rf/grf.rf/gntv_or_sync_fifo.gl0.wr/wpntr/gic0.gc0.count_d1_reg[4]/C is not reached by a timing clock
Related violations: <none>

TIMING-17#297 Warning
Non-clocked sequential cell  
The clock pin mgt/g_fifo[6].fifo0/U0/inst_fifo_gen/gconvfifo.rf/grf.rf/gntv_or_sync_fifo.gl0.wr/wpntr/gic0.gc0.count_d1_reg[5]/C is not reached by a timing clock
Related violations: <none>

TIMING-17#298 Warning
Non-clocked sequential cell  
The clock pin mgt/g_fifo[6].fifo0/U0/inst_fifo_gen/gconvfifo.rf/grf.rf/gntv_or_sync_fifo.gl0.wr/wpntr/gic0.gc0.count_d2_reg[0]/C is not reached by a timing clock
Related violations: <none>

TIMING-17#299 Warning
Non-clocked sequential cell  
The clock pin mgt/g_fifo[6].fifo0/U0/inst_fifo_gen/gconvfifo.rf/grf.rf/gntv_or_sync_fifo.gl0.wr/wpntr/gic0.gc0.count_d2_reg[1]/C is not reached by a timing clock
Related violations: <none>

TIMING-17#300 Warning
Non-clocked sequential cell  
The clock pin mgt/g_fifo[6].fifo0/U0/inst_fifo_gen/gconvfifo.rf/grf.rf/gntv_or_sync_fifo.gl0.wr/wpntr/gic0.gc0.count_d2_reg[2]/C is not reached by a timing clock
Related violations: <none>

TIMING-17#301 Warning
Non-clocked sequential cell  
The clock pin mgt/g_fifo[6].fifo0/U0/inst_fifo_gen/gconvfifo.rf/grf.rf/gntv_or_sync_fifo.gl0.wr/wpntr/gic0.gc0.count_d2_reg[3]/C is not reached by a timing clock
Related violations: <none>

TIMING-17#302 Warning
Non-clocked sequential cell  
The clock pin mgt/g_fifo[6].fifo0/U0/inst_fifo_gen/gconvfifo.rf/grf.rf/gntv_or_sync_fifo.gl0.wr/wpntr/gic0.gc0.count_d2_reg[4]/C is not reached by a timing clock
Related violations: <none>

TIMING-17#303 Warning
Non-clocked sequential cell  
The clock pin mgt/g_fifo[6].fifo0/U0/inst_fifo_gen/gconvfifo.rf/grf.rf/gntv_or_sync_fifo.gl0.wr/wpntr/gic0.gc0.count_d2_reg[5]/C is not reached by a timing clock
Related violations: <none>

TIMING-17#304 Warning
Non-clocked sequential cell  
The clock pin mgt/g_fifo[6].fifo0/U0/inst_fifo_gen/gconvfifo.rf/grf.rf/gntv_or_sync_fifo.gl0.wr/wpntr/gic0.gc0.count_reg[0]/C is not reached by a timing clock
Related violations: <none>

TIMING-17#305 Warning
Non-clocked sequential cell  
The clock pin mgt/g_fifo[6].fifo0/U0/inst_fifo_gen/gconvfifo.rf/grf.rf/gntv_or_sync_fifo.gl0.wr/wpntr/gic0.gc0.count_reg[1]/C is not reached by a timing clock
Related violations: <none>

TIMING-17#306 Warning
Non-clocked sequential cell  
The clock pin mgt/g_fifo[6].fifo0/U0/inst_fifo_gen/gconvfifo.rf/grf.rf/gntv_or_sync_fifo.gl0.wr/wpntr/gic0.gc0.count_reg[2]/C is not reached by a timing clock
Related violations: <none>

TIMING-17#307 Warning
Non-clocked sequential cell  
The clock pin mgt/g_fifo[6].fifo0/U0/inst_fifo_gen/gconvfifo.rf/grf.rf/gntv_or_sync_fifo.gl0.wr/wpntr/gic0.gc0.count_reg[3]/C is not reached by a timing clock
Related violations: <none>

TIMING-17#308 Warning
Non-clocked sequential cell  
The clock pin mgt/g_fifo[6].fifo0/U0/inst_fifo_gen/gconvfifo.rf/grf.rf/gntv_or_sync_fifo.gl0.wr/wpntr/gic0.gc0.count_reg[4]/C is not reached by a timing clock
Related violations: <none>

TIMING-17#309 Warning
Non-clocked sequential cell  
The clock pin mgt/g_fifo[6].fifo0/U0/inst_fifo_gen/gconvfifo.rf/grf.rf/gntv_or_sync_fifo.gl0.wr/wpntr/gic0.gc0.count_reg[5]/C is not reached by a timing clock
Related violations: <none>

TIMING-17#310 Warning
Non-clocked sequential cell  
The clock pin mgt/g_fifo[7].fifo0/U0/inst_fifo_gen/gconvfifo.rf/grf.rf/gntv_or_sync_fifo.gcx.clkx/rd_pntr_cdc_inst/dest_graysync_ff_reg[0][0]/C is not reached by a timing clock
Related violations: <none>

TIMING-17#311 Warning
Non-clocked sequential cell  
The clock pin mgt/g_fifo[7].fifo0/U0/inst_fifo_gen/gconvfifo.rf/grf.rf/gntv_or_sync_fifo.gcx.clkx/rd_pntr_cdc_inst/dest_graysync_ff_reg[0][1]/C is not reached by a timing clock
Related violations: <none>

TIMING-17#312 Warning
Non-clocked sequential cell  
The clock pin mgt/g_fifo[7].fifo0/U0/inst_fifo_gen/gconvfifo.rf/grf.rf/gntv_or_sync_fifo.gcx.clkx/rd_pntr_cdc_inst/dest_graysync_ff_reg[0][2]/C is not reached by a timing clock
Related violations: <none>

TIMING-17#313 Warning
Non-clocked sequential cell  
The clock pin mgt/g_fifo[7].fifo0/U0/inst_fifo_gen/gconvfifo.rf/grf.rf/gntv_or_sync_fifo.gcx.clkx/rd_pntr_cdc_inst/dest_graysync_ff_reg[0][3]/C is not reached by a timing clock
Related violations: <none>

TIMING-17#314 Warning
Non-clocked sequential cell  
The clock pin mgt/g_fifo[7].fifo0/U0/inst_fifo_gen/gconvfifo.rf/grf.rf/gntv_or_sync_fifo.gcx.clkx/rd_pntr_cdc_inst/dest_graysync_ff_reg[0][4]/C is not reached by a timing clock
Related violations: <none>

TIMING-17#315 Warning
Non-clocked sequential cell  
The clock pin mgt/g_fifo[7].fifo0/U0/inst_fifo_gen/gconvfifo.rf/grf.rf/gntv_or_sync_fifo.gcx.clkx/rd_pntr_cdc_inst/dest_graysync_ff_reg[0][5]/C is not reached by a timing clock
Related violations: <none>

TIMING-17#316 Warning
Non-clocked sequential cell  
The clock pin mgt/g_fifo[7].fifo0/U0/inst_fifo_gen/gconvfifo.rf/grf.rf/gntv_or_sync_fifo.gcx.clkx/rd_pntr_cdc_inst/dest_graysync_ff_reg[1][0]/C is not reached by a timing clock
Related violations: <none>

TIMING-17#317 Warning
Non-clocked sequential cell  
The clock pin mgt/g_fifo[7].fifo0/U0/inst_fifo_gen/gconvfifo.rf/grf.rf/gntv_or_sync_fifo.gcx.clkx/rd_pntr_cdc_inst/dest_graysync_ff_reg[1][1]/C is not reached by a timing clock
Related violations: <none>

TIMING-17#318 Warning
Non-clocked sequential cell  
The clock pin mgt/g_fifo[7].fifo0/U0/inst_fifo_gen/gconvfifo.rf/grf.rf/gntv_or_sync_fifo.gcx.clkx/rd_pntr_cdc_inst/dest_graysync_ff_reg[1][2]/C is not reached by a timing clock
Related violations: <none>

TIMING-17#319 Warning
Non-clocked sequential cell  
The clock pin mgt/g_fifo[7].fifo0/U0/inst_fifo_gen/gconvfifo.rf/grf.rf/gntv_or_sync_fifo.gcx.clkx/rd_pntr_cdc_inst/dest_graysync_ff_reg[1][3]/C is not reached by a timing clock
Related violations: <none>

TIMING-17#320 Warning
Non-clocked sequential cell  
The clock pin mgt/g_fifo[7].fifo0/U0/inst_fifo_gen/gconvfifo.rf/grf.rf/gntv_or_sync_fifo.gcx.clkx/rd_pntr_cdc_inst/dest_graysync_ff_reg[1][4]/C is not reached by a timing clock
Related violations: <none>

TIMING-17#321 Warning
Non-clocked sequential cell  
The clock pin mgt/g_fifo[7].fifo0/U0/inst_fifo_gen/gconvfifo.rf/grf.rf/gntv_or_sync_fifo.gcx.clkx/rd_pntr_cdc_inst/dest_graysync_ff_reg[1][5]/C is not reached by a timing clock
Related violations: <none>

TIMING-17#322 Warning
Non-clocked sequential cell  
The clock pin mgt/g_fifo[7].fifo0/U0/inst_fifo_gen/gconvfifo.rf/grf.rf/gntv_or_sync_fifo.gcx.clkx/rd_pntr_cdc_inst/dest_out_bin_ff_reg[0]/C is not reached by a timing clock
Related violations: <none>

TIMING-17#323 Warning
Non-clocked sequential cell  
The clock pin mgt/g_fifo[7].fifo0/U0/inst_fifo_gen/gconvfifo.rf/grf.rf/gntv_or_sync_fifo.gcx.clkx/rd_pntr_cdc_inst/dest_out_bin_ff_reg[1]/C is not reached by a timing clock
Related violations: <none>

TIMING-17#324 Warning
Non-clocked sequential cell  
The clock pin mgt/g_fifo[7].fifo0/U0/inst_fifo_gen/gconvfifo.rf/grf.rf/gntv_or_sync_fifo.gcx.clkx/rd_pntr_cdc_inst/dest_out_bin_ff_reg[2]/C is not reached by a timing clock
Related violations: <none>

TIMING-17#325 Warning
Non-clocked sequential cell  
The clock pin mgt/g_fifo[7].fifo0/U0/inst_fifo_gen/gconvfifo.rf/grf.rf/gntv_or_sync_fifo.gcx.clkx/rd_pntr_cdc_inst/dest_out_bin_ff_reg[3]/C is not reached by a timing clock
Related violations: <none>

TIMING-17#326 Warning
Non-clocked sequential cell  
The clock pin mgt/g_fifo[7].fifo0/U0/inst_fifo_gen/gconvfifo.rf/grf.rf/gntv_or_sync_fifo.gcx.clkx/rd_pntr_cdc_inst/dest_out_bin_ff_reg[4]/C is not reached by a timing clock
Related violations: <none>

TIMING-17#327 Warning
Non-clocked sequential cell  
The clock pin mgt/g_fifo[7].fifo0/U0/inst_fifo_gen/gconvfifo.rf/grf.rf/gntv_or_sync_fifo.gcx.clkx/rd_pntr_cdc_inst/dest_out_bin_ff_reg[5]/C is not reached by a timing clock
Related violations: <none>

TIMING-17#328 Warning
Non-clocked sequential cell  
The clock pin mgt/g_fifo[7].fifo0/U0/inst_fifo_gen/gconvfifo.rf/grf.rf/gntv_or_sync_fifo.gcx.clkx/wr_pntr_cdc_inst/src_gray_ff_reg[0]/C is not reached by a timing clock
Related violations: <none>

TIMING-17#329 Warning
Non-clocked sequential cell  
The clock pin mgt/g_fifo[7].fifo0/U0/inst_fifo_gen/gconvfifo.rf/grf.rf/gntv_or_sync_fifo.gcx.clkx/wr_pntr_cdc_inst/src_gray_ff_reg[1]/C is not reached by a timing clock
Related violations: <none>

TIMING-17#330 Warning
Non-clocked sequential cell  
The clock pin mgt/g_fifo[7].fifo0/U0/inst_fifo_gen/gconvfifo.rf/grf.rf/gntv_or_sync_fifo.gcx.clkx/wr_pntr_cdc_inst/src_gray_ff_reg[2]/C is not reached by a timing clock
Related violations: <none>

TIMING-17#331 Warning
Non-clocked sequential cell  
The clock pin mgt/g_fifo[7].fifo0/U0/inst_fifo_gen/gconvfifo.rf/grf.rf/gntv_or_sync_fifo.gcx.clkx/wr_pntr_cdc_inst/src_gray_ff_reg[3]/C is not reached by a timing clock
Related violations: <none>

TIMING-17#332 Warning
Non-clocked sequential cell  
The clock pin mgt/g_fifo[7].fifo0/U0/inst_fifo_gen/gconvfifo.rf/grf.rf/gntv_or_sync_fifo.gcx.clkx/wr_pntr_cdc_inst/src_gray_ff_reg[4]/C is not reached by a timing clock
Related violations: <none>

TIMING-17#333 Warning
Non-clocked sequential cell  
The clock pin mgt/g_fifo[7].fifo0/U0/inst_fifo_gen/gconvfifo.rf/grf.rf/gntv_or_sync_fifo.gcx.clkx/wr_pntr_cdc_inst/src_gray_ff_reg[5]/C is not reached by a timing clock
Related violations: <none>

TIMING-17#334 Warning
Non-clocked sequential cell  
The clock pin mgt/g_fifo[7].fifo0/U0/inst_fifo_gen/gconvfifo.rf/grf.rf/gntv_or_sync_fifo.gl0.wr/gwas.wsts/ram_full_fb_i_reg/C is not reached by a timing clock
Related violations: <none>

TIMING-17#335 Warning
Non-clocked sequential cell  
The clock pin mgt/g_fifo[7].fifo0/U0/inst_fifo_gen/gconvfifo.rf/grf.rf/gntv_or_sync_fifo.gl0.wr/gwas.wsts/ram_full_i_reg/C is not reached by a timing clock
Related violations: <none>

TIMING-17#336 Warning
Non-clocked sequential cell  
The clock pin mgt/g_fifo[7].fifo0/U0/inst_fifo_gen/gconvfifo.rf/grf.rf/gntv_or_sync_fifo.gl0.wr/wpntr/gic0.gc0.count_d1_reg[0]/C is not reached by a timing clock
Related violations: <none>

TIMING-17#337 Warning
Non-clocked sequential cell  
The clock pin mgt/g_fifo[7].fifo0/U0/inst_fifo_gen/gconvfifo.rf/grf.rf/gntv_or_sync_fifo.gl0.wr/wpntr/gic0.gc0.count_d1_reg[1]/C is not reached by a timing clock
Related violations: <none>

TIMING-17#338 Warning
Non-clocked sequential cell  
The clock pin mgt/g_fifo[7].fifo0/U0/inst_fifo_gen/gconvfifo.rf/grf.rf/gntv_or_sync_fifo.gl0.wr/wpntr/gic0.gc0.count_d1_reg[2]/C is not reached by a timing clock
Related violations: <none>

TIMING-17#339 Warning
Non-clocked sequential cell  
The clock pin mgt/g_fifo[7].fifo0/U0/inst_fifo_gen/gconvfifo.rf/grf.rf/gntv_or_sync_fifo.gl0.wr/wpntr/gic0.gc0.count_d1_reg[3]/C is not reached by a timing clock
Related violations: <none>

TIMING-17#340 Warning
Non-clocked sequential cell  
The clock pin mgt/g_fifo[7].fifo0/U0/inst_fifo_gen/gconvfifo.rf/grf.rf/gntv_or_sync_fifo.gl0.wr/wpntr/gic0.gc0.count_d1_reg[4]/C is not reached by a timing clock
Related violations: <none>

TIMING-17#341 Warning
Non-clocked sequential cell  
The clock pin mgt/g_fifo[7].fifo0/U0/inst_fifo_gen/gconvfifo.rf/grf.rf/gntv_or_sync_fifo.gl0.wr/wpntr/gic0.gc0.count_d1_reg[5]/C is not reached by a timing clock
Related violations: <none>

TIMING-17#342 Warning
Non-clocked sequential cell  
The clock pin mgt/g_fifo[7].fifo0/U0/inst_fifo_gen/gconvfifo.rf/grf.rf/gntv_or_sync_fifo.gl0.wr/wpntr/gic0.gc0.count_d2_reg[0]/C is not reached by a timing clock
Related violations: <none>

TIMING-17#343 Warning
Non-clocked sequential cell  
The clock pin mgt/g_fifo[7].fifo0/U0/inst_fifo_gen/gconvfifo.rf/grf.rf/gntv_or_sync_fifo.gl0.wr/wpntr/gic0.gc0.count_d2_reg[1]/C is not reached by a timing clock
Related violations: <none>

TIMING-17#344 Warning
Non-clocked sequential cell  
The clock pin mgt/g_fifo[7].fifo0/U0/inst_fifo_gen/gconvfifo.rf/grf.rf/gntv_or_sync_fifo.gl0.wr/wpntr/gic0.gc0.count_d2_reg[2]/C is not reached by a timing clock
Related violations: <none>

TIMING-17#345 Warning
Non-clocked sequential cell  
The clock pin mgt/g_fifo[7].fifo0/U0/inst_fifo_gen/gconvfifo.rf/grf.rf/gntv_or_sync_fifo.gl0.wr/wpntr/gic0.gc0.count_d2_reg[3]/C is not reached by a timing clock
Related violations: <none>

TIMING-17#346 Warning
Non-clocked sequential cell  
The clock pin mgt/g_fifo[7].fifo0/U0/inst_fifo_gen/gconvfifo.rf/grf.rf/gntv_or_sync_fifo.gl0.wr/wpntr/gic0.gc0.count_d2_reg[4]/C is not reached by a timing clock
Related violations: <none>

TIMING-17#347 Warning
Non-clocked sequential cell  
The clock pin mgt/g_fifo[7].fifo0/U0/inst_fifo_gen/gconvfifo.rf/grf.rf/gntv_or_sync_fifo.gl0.wr/wpntr/gic0.gc0.count_d2_reg[5]/C is not reached by a timing clock
Related violations: <none>

TIMING-17#348 Warning
Non-clocked sequential cell  
The clock pin mgt/g_fifo[7].fifo0/U0/inst_fifo_gen/gconvfifo.rf/grf.rf/gntv_or_sync_fifo.gl0.wr/wpntr/gic0.gc0.count_reg[0]/C is not reached by a timing clock
Related violations: <none>

TIMING-17#349 Warning
Non-clocked sequential cell  
The clock pin mgt/g_fifo[7].fifo0/U0/inst_fifo_gen/gconvfifo.rf/grf.rf/gntv_or_sync_fifo.gl0.wr/wpntr/gic0.gc0.count_reg[1]/C is not reached by a timing clock
Related violations: <none>

TIMING-17#350 Warning
Non-clocked sequential cell  
The clock pin mgt/g_fifo[7].fifo0/U0/inst_fifo_gen/gconvfifo.rf/grf.rf/gntv_or_sync_fifo.gl0.wr/wpntr/gic0.gc0.count_reg[2]/C is not reached by a timing clock
Related violations: <none>

TIMING-17#351 Warning
Non-clocked sequential cell  
The clock pin mgt/g_fifo[7].fifo0/U0/inst_fifo_gen/gconvfifo.rf/grf.rf/gntv_or_sync_fifo.gl0.wr/wpntr/gic0.gc0.count_reg[3]/C is not reached by a timing clock
Related violations: <none>

TIMING-17#352 Warning
Non-clocked sequential cell  
The clock pin mgt/g_fifo[7].fifo0/U0/inst_fifo_gen/gconvfifo.rf/grf.rf/gntv_or_sync_fifo.gl0.wr/wpntr/gic0.gc0.count_reg[4]/C is not reached by a timing clock
Related violations: <none>

TIMING-17#353 Warning
Non-clocked sequential cell  
The clock pin mgt/g_fifo[7].fifo0/U0/inst_fifo_gen/gconvfifo.rf/grf.rf/gntv_or_sync_fifo.gl0.wr/wpntr/gic0.gc0.count_reg[5]/C is not reached by a timing clock
Related violations: <none>

TIMING-17#354 Warning
Non-clocked sequential cell  
The clock pin mgt/mgt/example_checking_inst0/example_checking_reset_synchronizer_inst/rst_in_meta_reg/C is not reached by a timing clock
Related violations: <none>

TIMING-17#355 Warning
Non-clocked sequential cell  
The clock pin mgt/mgt/example_checking_inst0/example_checking_reset_synchronizer_inst/rst_in_out_reg/C is not reached by a timing clock
Related violations: <none>

TIMING-17#356 Warning
Non-clocked sequential cell  
The clock pin mgt/mgt/example_checking_inst0/example_checking_reset_synchronizer_inst/rst_in_sync1_reg/C is not reached by a timing clock
Related violations: <none>

TIMING-17#357 Warning
Non-clocked sequential cell  
The clock pin mgt/mgt/example_checking_inst0/example_checking_reset_synchronizer_inst/rst_in_sync2_reg/C is not reached by a timing clock
Related violations: <none>

TIMING-17#358 Warning
Non-clocked sequential cell  
The clock pin mgt/mgt/example_checking_inst0/example_checking_reset_synchronizer_inst/rst_in_sync3_reg/C is not reached by a timing clock
Related violations: <none>

TIMING-17#359 Warning
Non-clocked sequential cell  
The clock pin mgt/mgt/example_checking_inst1/example_checking_reset_synchronizer_inst/rst_in_meta_reg/C is not reached by a timing clock
Related violations: <none>

TIMING-17#360 Warning
Non-clocked sequential cell  
The clock pin mgt/mgt/example_checking_inst1/example_checking_reset_synchronizer_inst/rst_in_out_reg/C is not reached by a timing clock
Related violations: <none>

TIMING-17#361 Warning
Non-clocked sequential cell  
The clock pin mgt/mgt/example_checking_inst1/example_checking_reset_synchronizer_inst/rst_in_sync1_reg/C is not reached by a timing clock
Related violations: <none>

TIMING-17#362 Warning
Non-clocked sequential cell  
The clock pin mgt/mgt/example_checking_inst1/example_checking_reset_synchronizer_inst/rst_in_sync2_reg/C is not reached by a timing clock
Related violations: <none>

TIMING-17#363 Warning
Non-clocked sequential cell  
The clock pin mgt/mgt/example_checking_inst1/example_checking_reset_synchronizer_inst/rst_in_sync3_reg/C is not reached by a timing clock
Related violations: <none>

TIMING-17#364 Warning
Non-clocked sequential cell  
The clock pin mgt/mgt/example_checking_inst2/example_checking_reset_synchronizer_inst/rst_in_meta_reg/C is not reached by a timing clock
Related violations: <none>

TIMING-17#365 Warning
Non-clocked sequential cell  
The clock pin mgt/mgt/example_checking_inst2/example_checking_reset_synchronizer_inst/rst_in_out_reg/C is not reached by a timing clock
Related violations: <none>

TIMING-17#366 Warning
Non-clocked sequential cell  
The clock pin mgt/mgt/example_checking_inst2/example_checking_reset_synchronizer_inst/rst_in_sync1_reg/C is not reached by a timing clock
Related violations: <none>

TIMING-17#367 Warning
Non-clocked sequential cell  
The clock pin mgt/mgt/example_checking_inst2/example_checking_reset_synchronizer_inst/rst_in_sync2_reg/C is not reached by a timing clock
Related violations: <none>

TIMING-17#368 Warning
Non-clocked sequential cell  
The clock pin mgt/mgt/example_checking_inst2/example_checking_reset_synchronizer_inst/rst_in_sync3_reg/C is not reached by a timing clock
Related violations: <none>

TIMING-17#369 Warning
Non-clocked sequential cell  
The clock pin mgt/mgt/example_checking_inst3/example_checking_reset_synchronizer_inst/rst_in_meta_reg/C is not reached by a timing clock
Related violations: <none>

TIMING-17#370 Warning
Non-clocked sequential cell  
The clock pin mgt/mgt/example_checking_inst3/example_checking_reset_synchronizer_inst/rst_in_out_reg/C is not reached by a timing clock
Related violations: <none>

TIMING-17#371 Warning
Non-clocked sequential cell  
The clock pin mgt/mgt/example_checking_inst3/example_checking_reset_synchronizer_inst/rst_in_sync1_reg/C is not reached by a timing clock
Related violations: <none>

TIMING-17#372 Warning
Non-clocked sequential cell  
The clock pin mgt/mgt/example_checking_inst3/example_checking_reset_synchronizer_inst/rst_in_sync2_reg/C is not reached by a timing clock
Related violations: <none>

TIMING-17#373 Warning
Non-clocked sequential cell  
The clock pin mgt/mgt/example_checking_inst3/example_checking_reset_synchronizer_inst/rst_in_sync3_reg/C is not reached by a timing clock
Related violations: <none>

TIMING-17#374 Warning
Non-clocked sequential cell  
The clock pin mgt/mgt/example_checking_inst4/example_checking_reset_synchronizer_inst/rst_in_meta_reg/C is not reached by a timing clock
Related violations: <none>

TIMING-17#375 Warning
Non-clocked sequential cell  
The clock pin mgt/mgt/example_checking_inst4/example_checking_reset_synchronizer_inst/rst_in_out_reg/C is not reached by a timing clock
Related violations: <none>

TIMING-17#376 Warning
Non-clocked sequential cell  
The clock pin mgt/mgt/example_checking_inst4/example_checking_reset_synchronizer_inst/rst_in_sync1_reg/C is not reached by a timing clock
Related violations: <none>

TIMING-17#377 Warning
Non-clocked sequential cell  
The clock pin mgt/mgt/example_checking_inst4/example_checking_reset_synchronizer_inst/rst_in_sync2_reg/C is not reached by a timing clock
Related violations: <none>

TIMING-17#378 Warning
Non-clocked sequential cell  
The clock pin mgt/mgt/example_checking_inst4/example_checking_reset_synchronizer_inst/rst_in_sync3_reg/C is not reached by a timing clock
Related violations: <none>

TIMING-17#379 Warning
Non-clocked sequential cell  
The clock pin mgt/mgt/example_checking_inst5/example_checking_reset_synchronizer_inst/rst_in_meta_reg/C is not reached by a timing clock
Related violations: <none>

TIMING-17#380 Warning
Non-clocked sequential cell  
The clock pin mgt/mgt/example_checking_inst5/example_checking_reset_synchronizer_inst/rst_in_out_reg/C is not reached by a timing clock
Related violations: <none>

TIMING-17#381 Warning
Non-clocked sequential cell  
The clock pin mgt/mgt/example_checking_inst5/example_checking_reset_synchronizer_inst/rst_in_sync1_reg/C is not reached by a timing clock
Related violations: <none>

TIMING-17#382 Warning
Non-clocked sequential cell  
The clock pin mgt/mgt/example_checking_inst5/example_checking_reset_synchronizer_inst/rst_in_sync2_reg/C is not reached by a timing clock
Related violations: <none>

TIMING-17#383 Warning
Non-clocked sequential cell  
The clock pin mgt/mgt/example_checking_inst5/example_checking_reset_synchronizer_inst/rst_in_sync3_reg/C is not reached by a timing clock
Related violations: <none>

TIMING-17#384 Warning
Non-clocked sequential cell  
The clock pin mgt/mgt/example_checking_inst6/example_checking_reset_synchronizer_inst/rst_in_meta_reg/C is not reached by a timing clock
Related violations: <none>

TIMING-17#385 Warning
Non-clocked sequential cell  
The clock pin mgt/mgt/example_checking_inst6/example_checking_reset_synchronizer_inst/rst_in_out_reg/C is not reached by a timing clock
Related violations: <none>

TIMING-17#386 Warning
Non-clocked sequential cell  
The clock pin mgt/mgt/example_checking_inst6/example_checking_reset_synchronizer_inst/rst_in_sync1_reg/C is not reached by a timing clock
Related violations: <none>

TIMING-17#387 Warning
Non-clocked sequential cell  
The clock pin mgt/mgt/example_checking_inst6/example_checking_reset_synchronizer_inst/rst_in_sync2_reg/C is not reached by a timing clock
Related violations: <none>

TIMING-17#388 Warning
Non-clocked sequential cell  
The clock pin mgt/mgt/example_checking_inst6/example_checking_reset_synchronizer_inst/rst_in_sync3_reg/C is not reached by a timing clock
Related violations: <none>

TIMING-17#389 Warning
Non-clocked sequential cell  
The clock pin mgt/mgt/example_checking_inst7/example_checking_reset_synchronizer_inst/rst_in_meta_reg/C is not reached by a timing clock
Related violations: <none>

TIMING-17#390 Warning
Non-clocked sequential cell  
The clock pin mgt/mgt/example_checking_inst7/example_checking_reset_synchronizer_inst/rst_in_out_reg/C is not reached by a timing clock
Related violations: <none>

TIMING-17#391 Warning
Non-clocked sequential cell  
The clock pin mgt/mgt/example_checking_inst7/example_checking_reset_synchronizer_inst/rst_in_sync1_reg/C is not reached by a timing clock
Related violations: <none>

TIMING-17#392 Warning
Non-clocked sequential cell  
The clock pin mgt/mgt/example_checking_inst7/example_checking_reset_synchronizer_inst/rst_in_sync2_reg/C is not reached by a timing clock
Related violations: <none>

TIMING-17#393 Warning
Non-clocked sequential cell  
The clock pin mgt/mgt/example_checking_inst7/example_checking_reset_synchronizer_inst/rst_in_sync3_reg/C is not reached by a timing clock
Related violations: <none>

TIMING-17#394 Warning
Non-clocked sequential cell  
The clock pin mgt/mgt/example_stimulus_inst0/example_stimulus_reset_synchronizer_inst/rst_in_meta_reg/C is not reached by a timing clock
Related violations: <none>

TIMING-17#395 Warning
Non-clocked sequential cell  
The clock pin mgt/mgt/example_stimulus_inst0/example_stimulus_reset_synchronizer_inst/rst_in_out_reg/C is not reached by a timing clock
Related violations: <none>

TIMING-17#396 Warning
Non-clocked sequential cell  
The clock pin mgt/mgt/example_stimulus_inst0/example_stimulus_reset_synchronizer_inst/rst_in_sync1_reg/C is not reached by a timing clock
Related violations: <none>

TIMING-17#397 Warning
Non-clocked sequential cell  
The clock pin mgt/mgt/example_stimulus_inst0/example_stimulus_reset_synchronizer_inst/rst_in_sync2_reg/C is not reached by a timing clock
Related violations: <none>

TIMING-17#398 Warning
Non-clocked sequential cell  
The clock pin mgt/mgt/example_stimulus_inst0/example_stimulus_reset_synchronizer_inst/rst_in_sync3_reg/C is not reached by a timing clock
Related violations: <none>

TIMING-17#399 Warning
Non-clocked sequential cell  
The clock pin mgt/mgt/example_stimulus_inst0/prbs_any_gen_inst/DATA_OUT_reg[0]/C is not reached by a timing clock
Related violations: <none>

TIMING-17#400 Warning
Non-clocked sequential cell  
The clock pin mgt/mgt/example_stimulus_inst0/prbs_any_gen_inst/DATA_OUT_reg[10]/C is not reached by a timing clock
Related violations: <none>

TIMING-17#401 Warning
Non-clocked sequential cell  
The clock pin mgt/mgt/example_stimulus_inst0/prbs_any_gen_inst/DATA_OUT_reg[11]/C is not reached by a timing clock
Related violations: <none>

TIMING-17#402 Warning
Non-clocked sequential cell  
The clock pin mgt/mgt/example_stimulus_inst0/prbs_any_gen_inst/DATA_OUT_reg[12]/C is not reached by a timing clock
Related violations: <none>

TIMING-17#403 Warning
Non-clocked sequential cell  
The clock pin mgt/mgt/example_stimulus_inst0/prbs_any_gen_inst/DATA_OUT_reg[13]/C is not reached by a timing clock
Related violations: <none>

TIMING-17#404 Warning
Non-clocked sequential cell  
The clock pin mgt/mgt/example_stimulus_inst0/prbs_any_gen_inst/DATA_OUT_reg[14]/C is not reached by a timing clock
Related violations: <none>

TIMING-17#405 Warning
Non-clocked sequential cell  
The clock pin mgt/mgt/example_stimulus_inst0/prbs_any_gen_inst/DATA_OUT_reg[15]/C is not reached by a timing clock
Related violations: <none>

TIMING-17#406 Warning
Non-clocked sequential cell  
The clock pin mgt/mgt/example_stimulus_inst0/prbs_any_gen_inst/DATA_OUT_reg[16]/C is not reached by a timing clock
Related violations: <none>

TIMING-17#407 Warning
Non-clocked sequential cell  
The clock pin mgt/mgt/example_stimulus_inst0/prbs_any_gen_inst/DATA_OUT_reg[17]/C is not reached by a timing clock
Related violations: <none>

TIMING-17#408 Warning
Non-clocked sequential cell  
The clock pin mgt/mgt/example_stimulus_inst0/prbs_any_gen_inst/DATA_OUT_reg[18]/C is not reached by a timing clock
Related violations: <none>

TIMING-17#409 Warning
Non-clocked sequential cell  
The clock pin mgt/mgt/example_stimulus_inst0/prbs_any_gen_inst/DATA_OUT_reg[19]/C is not reached by a timing clock
Related violations: <none>

TIMING-17#410 Warning
Non-clocked sequential cell  
The clock pin mgt/mgt/example_stimulus_inst0/prbs_any_gen_inst/DATA_OUT_reg[1]/C is not reached by a timing clock
Related violations: <none>

TIMING-17#411 Warning
Non-clocked sequential cell  
The clock pin mgt/mgt/example_stimulus_inst0/prbs_any_gen_inst/DATA_OUT_reg[20]/C is not reached by a timing clock
Related violations: <none>

TIMING-17#412 Warning
Non-clocked sequential cell  
The clock pin mgt/mgt/example_stimulus_inst0/prbs_any_gen_inst/DATA_OUT_reg[21]/C is not reached by a timing clock
Related violations: <none>

TIMING-17#413 Warning
Non-clocked sequential cell  
The clock pin mgt/mgt/example_stimulus_inst0/prbs_any_gen_inst/DATA_OUT_reg[22]/C is not reached by a timing clock
Related violations: <none>

TIMING-17#414 Warning
Non-clocked sequential cell  
The clock pin mgt/mgt/example_stimulus_inst0/prbs_any_gen_inst/DATA_OUT_reg[23]/C is not reached by a timing clock
Related violations: <none>

TIMING-17#415 Warning
Non-clocked sequential cell  
The clock pin mgt/mgt/example_stimulus_inst0/prbs_any_gen_inst/DATA_OUT_reg[24]/C is not reached by a timing clock
Related violations: <none>

TIMING-17#416 Warning
Non-clocked sequential cell  
The clock pin mgt/mgt/example_stimulus_inst0/prbs_any_gen_inst/DATA_OUT_reg[25]/C is not reached by a timing clock
Related violations: <none>

TIMING-17#417 Warning
Non-clocked sequential cell  
The clock pin mgt/mgt/example_stimulus_inst0/prbs_any_gen_inst/DATA_OUT_reg[26]/C is not reached by a timing clock
Related violations: <none>

TIMING-17#418 Warning
Non-clocked sequential cell  
The clock pin mgt/mgt/example_stimulus_inst0/prbs_any_gen_inst/DATA_OUT_reg[27]/C is not reached by a timing clock
Related violations: <none>

TIMING-17#419 Warning
Non-clocked sequential cell  
The clock pin mgt/mgt/example_stimulus_inst0/prbs_any_gen_inst/DATA_OUT_reg[28]/C is not reached by a timing clock
Related violations: <none>

TIMING-17#420 Warning
Non-clocked sequential cell  
The clock pin mgt/mgt/example_stimulus_inst0/prbs_any_gen_inst/DATA_OUT_reg[29]/C is not reached by a timing clock
Related violations: <none>

TIMING-17#421 Warning
Non-clocked sequential cell  
The clock pin mgt/mgt/example_stimulus_inst0/prbs_any_gen_inst/DATA_OUT_reg[2]/C is not reached by a timing clock
Related violations: <none>

TIMING-17#422 Warning
Non-clocked sequential cell  
The clock pin mgt/mgt/example_stimulus_inst0/prbs_any_gen_inst/DATA_OUT_reg[30]/C is not reached by a timing clock
Related violations: <none>

TIMING-17#423 Warning
Non-clocked sequential cell  
The clock pin mgt/mgt/example_stimulus_inst0/prbs_any_gen_inst/DATA_OUT_reg[31]/C is not reached by a timing clock
Related violations: <none>

TIMING-17#424 Warning
Non-clocked sequential cell  
The clock pin mgt/mgt/example_stimulus_inst0/prbs_any_gen_inst/DATA_OUT_reg[3]/C is not reached by a timing clock
Related violations: <none>

TIMING-17#425 Warning
Non-clocked sequential cell  
The clock pin mgt/mgt/example_stimulus_inst0/prbs_any_gen_inst/DATA_OUT_reg[4]/C is not reached by a timing clock
Related violations: <none>

TIMING-17#426 Warning
Non-clocked sequential cell  
The clock pin mgt/mgt/example_stimulus_inst0/prbs_any_gen_inst/DATA_OUT_reg[5]/C is not reached by a timing clock
Related violations: <none>

TIMING-17#427 Warning
Non-clocked sequential cell  
The clock pin mgt/mgt/example_stimulus_inst0/prbs_any_gen_inst/DATA_OUT_reg[6]/C is not reached by a timing clock
Related violations: <none>

TIMING-17#428 Warning
Non-clocked sequential cell  
The clock pin mgt/mgt/example_stimulus_inst0/prbs_any_gen_inst/DATA_OUT_reg[7]/C is not reached by a timing clock
Related violations: <none>

TIMING-17#429 Warning
Non-clocked sequential cell  
The clock pin mgt/mgt/example_stimulus_inst0/prbs_any_gen_inst/DATA_OUT_reg[8]/C is not reached by a timing clock
Related violations: <none>

TIMING-17#430 Warning
Non-clocked sequential cell  
The clock pin mgt/mgt/example_stimulus_inst0/prbs_any_gen_inst/DATA_OUT_reg[9]/C is not reached by a timing clock
Related violations: <none>

TIMING-17#431 Warning
Non-clocked sequential cell  
The clock pin mgt/mgt/example_stimulus_inst0/prbs_any_gen_inst/prbs_reg_reg[10]/C is not reached by a timing clock
Related violations: <none>

TIMING-17#432 Warning
Non-clocked sequential cell  
The clock pin mgt/mgt/example_stimulus_inst0/prbs_any_gen_inst/prbs_reg_reg[11]/C is not reached by a timing clock
Related violations: <none>

TIMING-17#433 Warning
Non-clocked sequential cell  
The clock pin mgt/mgt/example_stimulus_inst0/prbs_any_gen_inst/prbs_reg_reg[12]/C is not reached by a timing clock
Related violations: <none>

TIMING-17#434 Warning
Non-clocked sequential cell  
The clock pin mgt/mgt/example_stimulus_inst0/prbs_any_gen_inst/prbs_reg_reg[13]/C is not reached by a timing clock
Related violations: <none>

TIMING-17#435 Warning
Non-clocked sequential cell  
The clock pin mgt/mgt/example_stimulus_inst0/prbs_any_gen_inst/prbs_reg_reg[14]/C is not reached by a timing clock
Related violations: <none>

TIMING-17#436 Warning
Non-clocked sequential cell  
The clock pin mgt/mgt/example_stimulus_inst0/prbs_any_gen_inst/prbs_reg_reg[15]/C is not reached by a timing clock
Related violations: <none>

TIMING-17#437 Warning
Non-clocked sequential cell  
The clock pin mgt/mgt/example_stimulus_inst0/prbs_any_gen_inst/prbs_reg_reg[16]/C is not reached by a timing clock
Related violations: <none>

TIMING-17#438 Warning
Non-clocked sequential cell  
The clock pin mgt/mgt/example_stimulus_inst0/prbs_any_gen_inst/prbs_reg_reg[17]/C is not reached by a timing clock
Related violations: <none>

TIMING-17#439 Warning
Non-clocked sequential cell  
The clock pin mgt/mgt/example_stimulus_inst0/prbs_any_gen_inst/prbs_reg_reg[18]/C is not reached by a timing clock
Related violations: <none>

TIMING-17#440 Warning
Non-clocked sequential cell  
The clock pin mgt/mgt/example_stimulus_inst0/prbs_any_gen_inst/prbs_reg_reg[19]/C is not reached by a timing clock
Related violations: <none>

TIMING-17#441 Warning
Non-clocked sequential cell  
The clock pin mgt/mgt/example_stimulus_inst0/prbs_any_gen_inst/prbs_reg_reg[1]/C is not reached by a timing clock
Related violations: <none>

TIMING-17#442 Warning
Non-clocked sequential cell  
The clock pin mgt/mgt/example_stimulus_inst0/prbs_any_gen_inst/prbs_reg_reg[20]/C is not reached by a timing clock
Related violations: <none>

TIMING-17#443 Warning
Non-clocked sequential cell  
The clock pin mgt/mgt/example_stimulus_inst0/prbs_any_gen_inst/prbs_reg_reg[21]/C is not reached by a timing clock
Related violations: <none>

TIMING-17#444 Warning
Non-clocked sequential cell  
The clock pin mgt/mgt/example_stimulus_inst0/prbs_any_gen_inst/prbs_reg_reg[22]/C is not reached by a timing clock
Related violations: <none>

TIMING-17#445 Warning
Non-clocked sequential cell  
The clock pin mgt/mgt/example_stimulus_inst0/prbs_any_gen_inst/prbs_reg_reg[23]/C is not reached by a timing clock
Related violations: <none>

TIMING-17#446 Warning
Non-clocked sequential cell  
The clock pin mgt/mgt/example_stimulus_inst0/prbs_any_gen_inst/prbs_reg_reg[24]/C is not reached by a timing clock
Related violations: <none>

TIMING-17#447 Warning
Non-clocked sequential cell  
The clock pin mgt/mgt/example_stimulus_inst0/prbs_any_gen_inst/prbs_reg_reg[25]/C is not reached by a timing clock
Related violations: <none>

TIMING-17#448 Warning
Non-clocked sequential cell  
The clock pin mgt/mgt/example_stimulus_inst0/prbs_any_gen_inst/prbs_reg_reg[26]/C is not reached by a timing clock
Related violations: <none>

TIMING-17#449 Warning
Non-clocked sequential cell  
The clock pin mgt/mgt/example_stimulus_inst0/prbs_any_gen_inst/prbs_reg_reg[27]/C is not reached by a timing clock
Related violations: <none>

TIMING-17#450 Warning
Non-clocked sequential cell  
The clock pin mgt/mgt/example_stimulus_inst0/prbs_any_gen_inst/prbs_reg_reg[28]/C is not reached by a timing clock
Related violations: <none>

TIMING-17#451 Warning
Non-clocked sequential cell  
The clock pin mgt/mgt/example_stimulus_inst0/prbs_any_gen_inst/prbs_reg_reg[29]/C is not reached by a timing clock
Related violations: <none>

TIMING-17#452 Warning
Non-clocked sequential cell  
The clock pin mgt/mgt/example_stimulus_inst0/prbs_any_gen_inst/prbs_reg_reg[2]/C is not reached by a timing clock
Related violations: <none>

TIMING-17#453 Warning
Non-clocked sequential cell  
The clock pin mgt/mgt/example_stimulus_inst0/prbs_any_gen_inst/prbs_reg_reg[30]/C is not reached by a timing clock
Related violations: <none>

TIMING-17#454 Warning
Non-clocked sequential cell  
The clock pin mgt/mgt/example_stimulus_inst0/prbs_any_gen_inst/prbs_reg_reg[31]/C is not reached by a timing clock
Related violations: <none>

TIMING-17#455 Warning
Non-clocked sequential cell  
The clock pin mgt/mgt/example_stimulus_inst0/prbs_any_gen_inst/prbs_reg_reg[3]/C is not reached by a timing clock
Related violations: <none>

TIMING-17#456 Warning
Non-clocked sequential cell  
The clock pin mgt/mgt/example_stimulus_inst0/prbs_any_gen_inst/prbs_reg_reg[4]/C is not reached by a timing clock
Related violations: <none>

TIMING-17#457 Warning
Non-clocked sequential cell  
The clock pin mgt/mgt/example_stimulus_inst0/prbs_any_gen_inst/prbs_reg_reg[5]/C is not reached by a timing clock
Related violations: <none>

TIMING-17#458 Warning
Non-clocked sequential cell  
The clock pin mgt/mgt/example_stimulus_inst0/prbs_any_gen_inst/prbs_reg_reg[6]/C is not reached by a timing clock
Related violations: <none>

TIMING-17#459 Warning
Non-clocked sequential cell  
The clock pin mgt/mgt/example_stimulus_inst0/prbs_any_gen_inst/prbs_reg_reg[7]/C is not reached by a timing clock
Related violations: <none>

TIMING-17#460 Warning
Non-clocked sequential cell  
The clock pin mgt/mgt/example_stimulus_inst0/prbs_any_gen_inst/prbs_reg_reg[8]/C is not reached by a timing clock
Related violations: <none>

TIMING-17#461 Warning
Non-clocked sequential cell  
The clock pin mgt/mgt/example_stimulus_inst0/prbs_any_gen_inst/prbs_reg_reg[9]/C is not reached by a timing clock
Related violations: <none>

TIMING-17#462 Warning
Non-clocked sequential cell  
The clock pin mgt/mgt/example_stimulus_inst0/prbs_slt_ctr_reg[0]/C is not reached by a timing clock
Related violations: <none>

TIMING-17#463 Warning
Non-clocked sequential cell  
The clock pin mgt/mgt/example_stimulus_inst0/prbs_slt_ctr_reg[1]/C is not reached by a timing clock
Related violations: <none>

TIMING-17#464 Warning
Non-clocked sequential cell  
The clock pin mgt/mgt/example_stimulus_inst0/prbs_slt_ctr_reg[2]/C is not reached by a timing clock
Related violations: <none>

TIMING-17#465 Warning
Non-clocked sequential cell  
The clock pin mgt/mgt/example_stimulus_inst0/prbs_slt_ctr_reg[3]/C is not reached by a timing clock
Related violations: <none>

TIMING-17#466 Warning
Non-clocked sequential cell  
The clock pin mgt/mgt/example_stimulus_inst0/prbs_slt_ctr_reg[4]/C is not reached by a timing clock
Related violations: <none>

TIMING-17#467 Warning
Non-clocked sequential cell  
The clock pin mgt/mgt/example_stimulus_inst0/prbs_slt_ctr_reg[5]/C is not reached by a timing clock
Related violations: <none>

TIMING-17#468 Warning
Non-clocked sequential cell  
The clock pin mgt/mgt/example_stimulus_inst0/prbs_slt_ctr_reg[6]/C is not reached by a timing clock
Related violations: <none>

TIMING-17#469 Warning
Non-clocked sequential cell  
The clock pin mgt/mgt/example_stimulus_inst0/prbs_slt_ctr_reg[7]/C is not reached by a timing clock
Related violations: <none>

TIMING-17#470 Warning
Non-clocked sequential cell  
The clock pin mgt/mgt/example_stimulus_inst0/prbs_slt_ctr_reg[8]/C is not reached by a timing clock
Related violations: <none>

TIMING-17#471 Warning
Non-clocked sequential cell  
The clock pin mgt/mgt/example_stimulus_inst0/prbs_slt_ctr_reg[9]/C is not reached by a timing clock
Related violations: <none>

TIMING-17#472 Warning
Non-clocked sequential cell  
The clock pin mgt/mgt/example_stimulus_inst0/txctrl2_reg_reg[3]/C is not reached by a timing clock
Related violations: <none>

TIMING-17#473 Warning
Non-clocked sequential cell  
The clock pin mgt/mgt/example_stimulus_inst0/txdata_reg_reg[0]/C is not reached by a timing clock
Related violations: <none>

TIMING-17#474 Warning
Non-clocked sequential cell  
The clock pin mgt/mgt/example_stimulus_inst0/txdata_reg_reg[10]/C is not reached by a timing clock
Related violations: <none>

TIMING-17#475 Warning
Non-clocked sequential cell  
The clock pin mgt/mgt/example_stimulus_inst0/txdata_reg_reg[11]/C is not reached by a timing clock
Related violations: <none>

TIMING-17#476 Warning
Non-clocked sequential cell  
The clock pin mgt/mgt/example_stimulus_inst0/txdata_reg_reg[12]/C is not reached by a timing clock
Related violations: <none>

TIMING-17#477 Warning
Non-clocked sequential cell  
The clock pin mgt/mgt/example_stimulus_inst0/txdata_reg_reg[13]/C is not reached by a timing clock
Related violations: <none>

TIMING-17#478 Warning
Non-clocked sequential cell  
The clock pin mgt/mgt/example_stimulus_inst0/txdata_reg_reg[14]/C is not reached by a timing clock
Related violations: <none>

TIMING-17#479 Warning
Non-clocked sequential cell  
The clock pin mgt/mgt/example_stimulus_inst0/txdata_reg_reg[15]/C is not reached by a timing clock
Related violations: <none>

TIMING-17#480 Warning
Non-clocked sequential cell  
The clock pin mgt/mgt/example_stimulus_inst0/txdata_reg_reg[16]/C is not reached by a timing clock
Related violations: <none>

TIMING-17#481 Warning
Non-clocked sequential cell  
The clock pin mgt/mgt/example_stimulus_inst0/txdata_reg_reg[17]/C is not reached by a timing clock
Related violations: <none>

TIMING-17#482 Warning
Non-clocked sequential cell  
The clock pin mgt/mgt/example_stimulus_inst0/txdata_reg_reg[18]/C is not reached by a timing clock
Related violations: <none>

TIMING-17#483 Warning
Non-clocked sequential cell  
The clock pin mgt/mgt/example_stimulus_inst0/txdata_reg_reg[19]/C is not reached by a timing clock
Related violations: <none>

TIMING-17#484 Warning
Non-clocked sequential cell  
The clock pin mgt/mgt/example_stimulus_inst0/txdata_reg_reg[1]/C is not reached by a timing clock
Related violations: <none>

TIMING-17#485 Warning
Non-clocked sequential cell  
The clock pin mgt/mgt/example_stimulus_inst0/txdata_reg_reg[20]/C is not reached by a timing clock
Related violations: <none>

TIMING-17#486 Warning
Non-clocked sequential cell  
The clock pin mgt/mgt/example_stimulus_inst0/txdata_reg_reg[21]/C is not reached by a timing clock
Related violations: <none>

TIMING-17#487 Warning
Non-clocked sequential cell  
The clock pin mgt/mgt/example_stimulus_inst0/txdata_reg_reg[22]/C is not reached by a timing clock
Related violations: <none>

TIMING-17#488 Warning
Non-clocked sequential cell  
The clock pin mgt/mgt/example_stimulus_inst0/txdata_reg_reg[23]/C is not reached by a timing clock
Related violations: <none>

TIMING-17#489 Warning
Non-clocked sequential cell  
The clock pin mgt/mgt/example_stimulus_inst0/txdata_reg_reg[24]/C is not reached by a timing clock
Related violations: <none>

TIMING-17#490 Warning
Non-clocked sequential cell  
The clock pin mgt/mgt/example_stimulus_inst0/txdata_reg_reg[25]/C is not reached by a timing clock
Related violations: <none>

TIMING-17#491 Warning
Non-clocked sequential cell  
The clock pin mgt/mgt/example_stimulus_inst0/txdata_reg_reg[26]/C is not reached by a timing clock
Related violations: <none>

TIMING-17#492 Warning
Non-clocked sequential cell  
The clock pin mgt/mgt/example_stimulus_inst0/txdata_reg_reg[27]/C is not reached by a timing clock
Related violations: <none>

TIMING-17#493 Warning
Non-clocked sequential cell  
The clock pin mgt/mgt/example_stimulus_inst0/txdata_reg_reg[28]/C is not reached by a timing clock
Related violations: <none>

TIMING-17#494 Warning
Non-clocked sequential cell  
The clock pin mgt/mgt/example_stimulus_inst0/txdata_reg_reg[29]/C is not reached by a timing clock
Related violations: <none>

TIMING-17#495 Warning
Non-clocked sequential cell  
The clock pin mgt/mgt/example_stimulus_inst0/txdata_reg_reg[2]/C is not reached by a timing clock
Related violations: <none>

TIMING-17#496 Warning
Non-clocked sequential cell  
The clock pin mgt/mgt/example_stimulus_inst0/txdata_reg_reg[30]/C is not reached by a timing clock
Related violations: <none>

TIMING-17#497 Warning
Non-clocked sequential cell  
The clock pin mgt/mgt/example_stimulus_inst0/txdata_reg_reg[31]/C is not reached by a timing clock
Related violations: <none>

TIMING-17#498 Warning
Non-clocked sequential cell  
The clock pin mgt/mgt/example_stimulus_inst0/txdata_reg_reg[3]/C is not reached by a timing clock
Related violations: <none>

TIMING-17#499 Warning
Non-clocked sequential cell  
The clock pin mgt/mgt/example_stimulus_inst0/txdata_reg_reg[4]/C is not reached by a timing clock
Related violations: <none>

TIMING-17#500 Warning
Non-clocked sequential cell  
The clock pin mgt/mgt/example_stimulus_inst0/txdata_reg_reg[5]/C is not reached by a timing clock
Related violations: <none>

TIMING-17#501 Warning
Non-clocked sequential cell  
The clock pin mgt/mgt/example_stimulus_inst0/txdata_reg_reg[6]/C is not reached by a timing clock
Related violations: <none>

TIMING-17#502 Warning
Non-clocked sequential cell  
The clock pin mgt/mgt/example_stimulus_inst0/txdata_reg_reg[7]/C is not reached by a timing clock
Related violations: <none>

TIMING-17#503 Warning
Non-clocked sequential cell  
The clock pin mgt/mgt/example_stimulus_inst0/txdata_reg_reg[8]/C is not reached by a timing clock
Related violations: <none>

TIMING-17#504 Warning
Non-clocked sequential cell  
The clock pin mgt/mgt/example_stimulus_inst0/txdata_reg_reg[9]/C is not reached by a timing clock
Related violations: <none>

TIMING-17#505 Warning
Non-clocked sequential cell  
The clock pin mgt/mgt/example_stimulus_inst1/example_stimulus_reset_synchronizer_inst/rst_in_meta_reg/C is not reached by a timing clock
Related violations: <none>

TIMING-17#506 Warning
Non-clocked sequential cell  
The clock pin mgt/mgt/example_stimulus_inst1/example_stimulus_reset_synchronizer_inst/rst_in_out_reg/C is not reached by a timing clock
Related violations: <none>

TIMING-17#507 Warning
Non-clocked sequential cell  
The clock pin mgt/mgt/example_stimulus_inst1/example_stimulus_reset_synchronizer_inst/rst_in_sync1_reg/C is not reached by a timing clock
Related violations: <none>

TIMING-17#508 Warning
Non-clocked sequential cell  
The clock pin mgt/mgt/example_stimulus_inst1/example_stimulus_reset_synchronizer_inst/rst_in_sync2_reg/C is not reached by a timing clock
Related violations: <none>

TIMING-17#509 Warning
Non-clocked sequential cell  
The clock pin mgt/mgt/example_stimulus_inst1/example_stimulus_reset_synchronizer_inst/rst_in_sync3_reg/C is not reached by a timing clock
Related violations: <none>

TIMING-17#510 Warning
Non-clocked sequential cell  
The clock pin mgt/mgt/example_stimulus_inst1/prbs_any_gen_inst/DATA_OUT_reg[0]/C is not reached by a timing clock
Related violations: <none>

TIMING-17#511 Warning
Non-clocked sequential cell  
The clock pin mgt/mgt/example_stimulus_inst1/prbs_any_gen_inst/DATA_OUT_reg[10]/C is not reached by a timing clock
Related violations: <none>

TIMING-17#512 Warning
Non-clocked sequential cell  
The clock pin mgt/mgt/example_stimulus_inst1/prbs_any_gen_inst/DATA_OUT_reg[11]/C is not reached by a timing clock
Related violations: <none>

TIMING-17#513 Warning
Non-clocked sequential cell  
The clock pin mgt/mgt/example_stimulus_inst1/prbs_any_gen_inst/DATA_OUT_reg[12]/C is not reached by a timing clock
Related violations: <none>

TIMING-17#514 Warning
Non-clocked sequential cell  
The clock pin mgt/mgt/example_stimulus_inst1/prbs_any_gen_inst/DATA_OUT_reg[13]/C is not reached by a timing clock
Related violations: <none>

TIMING-17#515 Warning
Non-clocked sequential cell  
The clock pin mgt/mgt/example_stimulus_inst1/prbs_any_gen_inst/DATA_OUT_reg[14]/C is not reached by a timing clock
Related violations: <none>

TIMING-17#516 Warning
Non-clocked sequential cell  
The clock pin mgt/mgt/example_stimulus_inst1/prbs_any_gen_inst/DATA_OUT_reg[15]/C is not reached by a timing clock
Related violations: <none>

TIMING-17#517 Warning
Non-clocked sequential cell  
The clock pin mgt/mgt/example_stimulus_inst1/prbs_any_gen_inst/DATA_OUT_reg[16]/C is not reached by a timing clock
Related violations: <none>

TIMING-17#518 Warning
Non-clocked sequential cell  
The clock pin mgt/mgt/example_stimulus_inst1/prbs_any_gen_inst/DATA_OUT_reg[17]/C is not reached by a timing clock
Related violations: <none>

TIMING-17#519 Warning
Non-clocked sequential cell  
The clock pin mgt/mgt/example_stimulus_inst1/prbs_any_gen_inst/DATA_OUT_reg[18]/C is not reached by a timing clock
Related violations: <none>

TIMING-17#520 Warning
Non-clocked sequential cell  
The clock pin mgt/mgt/example_stimulus_inst1/prbs_any_gen_inst/DATA_OUT_reg[19]/C is not reached by a timing clock
Related violations: <none>

TIMING-17#521 Warning
Non-clocked sequential cell  
The clock pin mgt/mgt/example_stimulus_inst1/prbs_any_gen_inst/DATA_OUT_reg[1]/C is not reached by a timing clock
Related violations: <none>

TIMING-17#522 Warning
Non-clocked sequential cell  
The clock pin mgt/mgt/example_stimulus_inst1/prbs_any_gen_inst/DATA_OUT_reg[20]/C is not reached by a timing clock
Related violations: <none>

TIMING-17#523 Warning
Non-clocked sequential cell  
The clock pin mgt/mgt/example_stimulus_inst1/prbs_any_gen_inst/DATA_OUT_reg[21]/C is not reached by a timing clock
Related violations: <none>

TIMING-17#524 Warning
Non-clocked sequential cell  
The clock pin mgt/mgt/example_stimulus_inst1/prbs_any_gen_inst/DATA_OUT_reg[22]/C is not reached by a timing clock
Related violations: <none>

TIMING-17#525 Warning
Non-clocked sequential cell  
The clock pin mgt/mgt/example_stimulus_inst1/prbs_any_gen_inst/DATA_OUT_reg[23]/C is not reached by a timing clock
Related violations: <none>

TIMING-17#526 Warning
Non-clocked sequential cell  
The clock pin mgt/mgt/example_stimulus_inst1/prbs_any_gen_inst/DATA_OUT_reg[24]/C is not reached by a timing clock
Related violations: <none>

TIMING-17#527 Warning
Non-clocked sequential cell  
The clock pin mgt/mgt/example_stimulus_inst1/prbs_any_gen_inst/DATA_OUT_reg[25]/C is not reached by a timing clock
Related violations: <none>

TIMING-17#528 Warning
Non-clocked sequential cell  
The clock pin mgt/mgt/example_stimulus_inst1/prbs_any_gen_inst/DATA_OUT_reg[26]/C is not reached by a timing clock
Related violations: <none>

TIMING-17#529 Warning
Non-clocked sequential cell  
The clock pin mgt/mgt/example_stimulus_inst1/prbs_any_gen_inst/DATA_OUT_reg[27]/C is not reached by a timing clock
Related violations: <none>

TIMING-17#530 Warning
Non-clocked sequential cell  
The clock pin mgt/mgt/example_stimulus_inst1/prbs_any_gen_inst/DATA_OUT_reg[28]/C is not reached by a timing clock
Related violations: <none>

TIMING-17#531 Warning
Non-clocked sequential cell  
The clock pin mgt/mgt/example_stimulus_inst1/prbs_any_gen_inst/DATA_OUT_reg[29]/C is not reached by a timing clock
Related violations: <none>

TIMING-17#532 Warning
Non-clocked sequential cell  
The clock pin mgt/mgt/example_stimulus_inst1/prbs_any_gen_inst/DATA_OUT_reg[2]/C is not reached by a timing clock
Related violations: <none>

TIMING-17#533 Warning
Non-clocked sequential cell  
The clock pin mgt/mgt/example_stimulus_inst1/prbs_any_gen_inst/DATA_OUT_reg[30]/C is not reached by a timing clock
Related violations: <none>

TIMING-17#534 Warning
Non-clocked sequential cell  
The clock pin mgt/mgt/example_stimulus_inst1/prbs_any_gen_inst/DATA_OUT_reg[31]/C is not reached by a timing clock
Related violations: <none>

TIMING-17#535 Warning
Non-clocked sequential cell  
The clock pin mgt/mgt/example_stimulus_inst1/prbs_any_gen_inst/DATA_OUT_reg[3]/C is not reached by a timing clock
Related violations: <none>

TIMING-17#536 Warning
Non-clocked sequential cell  
The clock pin mgt/mgt/example_stimulus_inst1/prbs_any_gen_inst/DATA_OUT_reg[4]/C is not reached by a timing clock
Related violations: <none>

TIMING-17#537 Warning
Non-clocked sequential cell  
The clock pin mgt/mgt/example_stimulus_inst1/prbs_any_gen_inst/DATA_OUT_reg[5]/C is not reached by a timing clock
Related violations: <none>

TIMING-17#538 Warning
Non-clocked sequential cell  
The clock pin mgt/mgt/example_stimulus_inst1/prbs_any_gen_inst/DATA_OUT_reg[6]/C is not reached by a timing clock
Related violations: <none>

TIMING-17#539 Warning
Non-clocked sequential cell  
The clock pin mgt/mgt/example_stimulus_inst1/prbs_any_gen_inst/DATA_OUT_reg[7]/C is not reached by a timing clock
Related violations: <none>

TIMING-17#540 Warning
Non-clocked sequential cell  
The clock pin mgt/mgt/example_stimulus_inst1/prbs_any_gen_inst/DATA_OUT_reg[8]/C is not reached by a timing clock
Related violations: <none>

TIMING-17#541 Warning
Non-clocked sequential cell  
The clock pin mgt/mgt/example_stimulus_inst1/prbs_any_gen_inst/DATA_OUT_reg[9]/C is not reached by a timing clock
Related violations: <none>

TIMING-17#542 Warning
Non-clocked sequential cell  
The clock pin mgt/mgt/example_stimulus_inst1/prbs_any_gen_inst/prbs_reg_reg[10]/C is not reached by a timing clock
Related violations: <none>

TIMING-17#543 Warning
Non-clocked sequential cell  
The clock pin mgt/mgt/example_stimulus_inst1/prbs_any_gen_inst/prbs_reg_reg[11]/C is not reached by a timing clock
Related violations: <none>

TIMING-17#544 Warning
Non-clocked sequential cell  
The clock pin mgt/mgt/example_stimulus_inst1/prbs_any_gen_inst/prbs_reg_reg[12]/C is not reached by a timing clock
Related violations: <none>

TIMING-17#545 Warning
Non-clocked sequential cell  
The clock pin mgt/mgt/example_stimulus_inst1/prbs_any_gen_inst/prbs_reg_reg[13]/C is not reached by a timing clock
Related violations: <none>

TIMING-17#546 Warning
Non-clocked sequential cell  
The clock pin mgt/mgt/example_stimulus_inst1/prbs_any_gen_inst/prbs_reg_reg[14]/C is not reached by a timing clock
Related violations: <none>

TIMING-17#547 Warning
Non-clocked sequential cell  
The clock pin mgt/mgt/example_stimulus_inst1/prbs_any_gen_inst/prbs_reg_reg[15]/C is not reached by a timing clock
Related violations: <none>

TIMING-17#548 Warning
Non-clocked sequential cell  
The clock pin mgt/mgt/example_stimulus_inst1/prbs_any_gen_inst/prbs_reg_reg[16]/C is not reached by a timing clock
Related violations: <none>

TIMING-17#549 Warning
Non-clocked sequential cell  
The clock pin mgt/mgt/example_stimulus_inst1/prbs_any_gen_inst/prbs_reg_reg[17]/C is not reached by a timing clock
Related violations: <none>

TIMING-17#550 Warning
Non-clocked sequential cell  
The clock pin mgt/mgt/example_stimulus_inst1/prbs_any_gen_inst/prbs_reg_reg[18]/C is not reached by a timing clock
Related violations: <none>

TIMING-17#551 Warning
Non-clocked sequential cell  
The clock pin mgt/mgt/example_stimulus_inst1/prbs_any_gen_inst/prbs_reg_reg[19]/C is not reached by a timing clock
Related violations: <none>

TIMING-17#552 Warning
Non-clocked sequential cell  
The clock pin mgt/mgt/example_stimulus_inst1/prbs_any_gen_inst/prbs_reg_reg[1]/C is not reached by a timing clock
Related violations: <none>

TIMING-17#553 Warning
Non-clocked sequential cell  
The clock pin mgt/mgt/example_stimulus_inst1/prbs_any_gen_inst/prbs_reg_reg[20]/C is not reached by a timing clock
Related violations: <none>

TIMING-17#554 Warning
Non-clocked sequential cell  
The clock pin mgt/mgt/example_stimulus_inst1/prbs_any_gen_inst/prbs_reg_reg[21]/C is not reached by a timing clock
Related violations: <none>

TIMING-17#555 Warning
Non-clocked sequential cell  
The clock pin mgt/mgt/example_stimulus_inst1/prbs_any_gen_inst/prbs_reg_reg[22]/C is not reached by a timing clock
Related violations: <none>

TIMING-17#556 Warning
Non-clocked sequential cell  
The clock pin mgt/mgt/example_stimulus_inst1/prbs_any_gen_inst/prbs_reg_reg[23]/C is not reached by a timing clock
Related violations: <none>

TIMING-17#557 Warning
Non-clocked sequential cell  
The clock pin mgt/mgt/example_stimulus_inst1/prbs_any_gen_inst/prbs_reg_reg[24]/C is not reached by a timing clock
Related violations: <none>

TIMING-17#558 Warning
Non-clocked sequential cell  
The clock pin mgt/mgt/example_stimulus_inst1/prbs_any_gen_inst/prbs_reg_reg[25]/C is not reached by a timing clock
Related violations: <none>

TIMING-17#559 Warning
Non-clocked sequential cell  
The clock pin mgt/mgt/example_stimulus_inst1/prbs_any_gen_inst/prbs_reg_reg[26]/C is not reached by a timing clock
Related violations: <none>

TIMING-17#560 Warning
Non-clocked sequential cell  
The clock pin mgt/mgt/example_stimulus_inst1/prbs_any_gen_inst/prbs_reg_reg[27]/C is not reached by a timing clock
Related violations: <none>

TIMING-17#561 Warning
Non-clocked sequential cell  
The clock pin mgt/mgt/example_stimulus_inst1/prbs_any_gen_inst/prbs_reg_reg[28]/C is not reached by a timing clock
Related violations: <none>

TIMING-17#562 Warning
Non-clocked sequential cell  
The clock pin mgt/mgt/example_stimulus_inst1/prbs_any_gen_inst/prbs_reg_reg[29]/C is not reached by a timing clock
Related violations: <none>

TIMING-17#563 Warning
Non-clocked sequential cell  
The clock pin mgt/mgt/example_stimulus_inst1/prbs_any_gen_inst/prbs_reg_reg[2]/C is not reached by a timing clock
Related violations: <none>

TIMING-17#564 Warning
Non-clocked sequential cell  
The clock pin mgt/mgt/example_stimulus_inst1/prbs_any_gen_inst/prbs_reg_reg[30]/C is not reached by a timing clock
Related violations: <none>

TIMING-17#565 Warning
Non-clocked sequential cell  
The clock pin mgt/mgt/example_stimulus_inst1/prbs_any_gen_inst/prbs_reg_reg[31]/C is not reached by a timing clock
Related violations: <none>

TIMING-17#566 Warning
Non-clocked sequential cell  
The clock pin mgt/mgt/example_stimulus_inst1/prbs_any_gen_inst/prbs_reg_reg[3]/C is not reached by a timing clock
Related violations: <none>

TIMING-17#567 Warning
Non-clocked sequential cell  
The clock pin mgt/mgt/example_stimulus_inst1/prbs_any_gen_inst/prbs_reg_reg[4]/C is not reached by a timing clock
Related violations: <none>

TIMING-17#568 Warning
Non-clocked sequential cell  
The clock pin mgt/mgt/example_stimulus_inst1/prbs_any_gen_inst/prbs_reg_reg[5]/C is not reached by a timing clock
Related violations: <none>

TIMING-17#569 Warning
Non-clocked sequential cell  
The clock pin mgt/mgt/example_stimulus_inst1/prbs_any_gen_inst/prbs_reg_reg[6]/C is not reached by a timing clock
Related violations: <none>

TIMING-17#570 Warning
Non-clocked sequential cell  
The clock pin mgt/mgt/example_stimulus_inst1/prbs_any_gen_inst/prbs_reg_reg[7]/C is not reached by a timing clock
Related violations: <none>

TIMING-17#571 Warning
Non-clocked sequential cell  
The clock pin mgt/mgt/example_stimulus_inst1/prbs_any_gen_inst/prbs_reg_reg[8]/C is not reached by a timing clock
Related violations: <none>

TIMING-17#572 Warning
Non-clocked sequential cell  
The clock pin mgt/mgt/example_stimulus_inst1/prbs_any_gen_inst/prbs_reg_reg[9]/C is not reached by a timing clock
Related violations: <none>

TIMING-17#573 Warning
Non-clocked sequential cell  
The clock pin mgt/mgt/example_stimulus_inst1/prbs_slt_ctr_reg[0]/C is not reached by a timing clock
Related violations: <none>

TIMING-17#574 Warning
Non-clocked sequential cell  
The clock pin mgt/mgt/example_stimulus_inst1/prbs_slt_ctr_reg[1]/C is not reached by a timing clock
Related violations: <none>

TIMING-17#575 Warning
Non-clocked sequential cell  
The clock pin mgt/mgt/example_stimulus_inst1/prbs_slt_ctr_reg[2]/C is not reached by a timing clock
Related violations: <none>

TIMING-17#576 Warning
Non-clocked sequential cell  
The clock pin mgt/mgt/example_stimulus_inst1/prbs_slt_ctr_reg[3]/C is not reached by a timing clock
Related violations: <none>

TIMING-17#577 Warning
Non-clocked sequential cell  
The clock pin mgt/mgt/example_stimulus_inst1/prbs_slt_ctr_reg[4]/C is not reached by a timing clock
Related violations: <none>

TIMING-17#578 Warning
Non-clocked sequential cell  
The clock pin mgt/mgt/example_stimulus_inst1/prbs_slt_ctr_reg[5]/C is not reached by a timing clock
Related violations: <none>

TIMING-17#579 Warning
Non-clocked sequential cell  
The clock pin mgt/mgt/example_stimulus_inst1/prbs_slt_ctr_reg[6]/C is not reached by a timing clock
Related violations: <none>

TIMING-17#580 Warning
Non-clocked sequential cell  
The clock pin mgt/mgt/example_stimulus_inst1/prbs_slt_ctr_reg[7]/C is not reached by a timing clock
Related violations: <none>

TIMING-17#581 Warning
Non-clocked sequential cell  
The clock pin mgt/mgt/example_stimulus_inst1/prbs_slt_ctr_reg[8]/C is not reached by a timing clock
Related violations: <none>

TIMING-17#582 Warning
Non-clocked sequential cell  
The clock pin mgt/mgt/example_stimulus_inst1/prbs_slt_ctr_reg[9]/C is not reached by a timing clock
Related violations: <none>

TIMING-17#583 Warning
Non-clocked sequential cell  
The clock pin mgt/mgt/example_stimulus_inst1/txctrl2_reg_reg[3]/C is not reached by a timing clock
Related violations: <none>

TIMING-17#584 Warning
Non-clocked sequential cell  
The clock pin mgt/mgt/example_stimulus_inst1/txdata_reg_reg[0]/C is not reached by a timing clock
Related violations: <none>

TIMING-17#585 Warning
Non-clocked sequential cell  
The clock pin mgt/mgt/example_stimulus_inst1/txdata_reg_reg[10]/C is not reached by a timing clock
Related violations: <none>

TIMING-17#586 Warning
Non-clocked sequential cell  
The clock pin mgt/mgt/example_stimulus_inst1/txdata_reg_reg[11]/C is not reached by a timing clock
Related violations: <none>

TIMING-17#587 Warning
Non-clocked sequential cell  
The clock pin mgt/mgt/example_stimulus_inst1/txdata_reg_reg[12]/C is not reached by a timing clock
Related violations: <none>

TIMING-17#588 Warning
Non-clocked sequential cell  
The clock pin mgt/mgt/example_stimulus_inst1/txdata_reg_reg[13]/C is not reached by a timing clock
Related violations: <none>

TIMING-17#589 Warning
Non-clocked sequential cell  
The clock pin mgt/mgt/example_stimulus_inst1/txdata_reg_reg[14]/C is not reached by a timing clock
Related violations: <none>

TIMING-17#590 Warning
Non-clocked sequential cell  
The clock pin mgt/mgt/example_stimulus_inst1/txdata_reg_reg[15]/C is not reached by a timing clock
Related violations: <none>

TIMING-17#591 Warning
Non-clocked sequential cell  
The clock pin mgt/mgt/example_stimulus_inst1/txdata_reg_reg[16]/C is not reached by a timing clock
Related violations: <none>

TIMING-17#592 Warning
Non-clocked sequential cell  
The clock pin mgt/mgt/example_stimulus_inst1/txdata_reg_reg[17]/C is not reached by a timing clock
Related violations: <none>

TIMING-17#593 Warning
Non-clocked sequential cell  
The clock pin mgt/mgt/example_stimulus_inst1/txdata_reg_reg[18]/C is not reached by a timing clock
Related violations: <none>

TIMING-17#594 Warning
Non-clocked sequential cell  
The clock pin mgt/mgt/example_stimulus_inst1/txdata_reg_reg[19]/C is not reached by a timing clock
Related violations: <none>

TIMING-17#595 Warning
Non-clocked sequential cell  
The clock pin mgt/mgt/example_stimulus_inst1/txdata_reg_reg[1]/C is not reached by a timing clock
Related violations: <none>

TIMING-17#596 Warning
Non-clocked sequential cell  
The clock pin mgt/mgt/example_stimulus_inst1/txdata_reg_reg[20]/C is not reached by a timing clock
Related violations: <none>

TIMING-17#597 Warning
Non-clocked sequential cell  
The clock pin mgt/mgt/example_stimulus_inst1/txdata_reg_reg[21]/C is not reached by a timing clock
Related violations: <none>

TIMING-17#598 Warning
Non-clocked sequential cell  
The clock pin mgt/mgt/example_stimulus_inst1/txdata_reg_reg[22]/C is not reached by a timing clock
Related violations: <none>

TIMING-17#599 Warning
Non-clocked sequential cell  
The clock pin mgt/mgt/example_stimulus_inst1/txdata_reg_reg[23]/C is not reached by a timing clock
Related violations: <none>

TIMING-17#600 Warning
Non-clocked sequential cell  
The clock pin mgt/mgt/example_stimulus_inst1/txdata_reg_reg[24]/C is not reached by a timing clock
Related violations: <none>

TIMING-17#601 Warning
Non-clocked sequential cell  
The clock pin mgt/mgt/example_stimulus_inst1/txdata_reg_reg[25]/C is not reached by a timing clock
Related violations: <none>

TIMING-17#602 Warning
Non-clocked sequential cell  
The clock pin mgt/mgt/example_stimulus_inst1/txdata_reg_reg[26]/C is not reached by a timing clock
Related violations: <none>

TIMING-17#603 Warning
Non-clocked sequential cell  
The clock pin mgt/mgt/example_stimulus_inst1/txdata_reg_reg[27]/C is not reached by a timing clock
Related violations: <none>

TIMING-17#604 Warning
Non-clocked sequential cell  
The clock pin mgt/mgt/example_stimulus_inst1/txdata_reg_reg[28]/C is not reached by a timing clock
Related violations: <none>

TIMING-17#605 Warning
Non-clocked sequential cell  
The clock pin mgt/mgt/example_stimulus_inst1/txdata_reg_reg[29]/C is not reached by a timing clock
Related violations: <none>

TIMING-17#606 Warning
Non-clocked sequential cell  
The clock pin mgt/mgt/example_stimulus_inst1/txdata_reg_reg[2]/C is not reached by a timing clock
Related violations: <none>

TIMING-17#607 Warning
Non-clocked sequential cell  
The clock pin mgt/mgt/example_stimulus_inst1/txdata_reg_reg[30]/C is not reached by a timing clock
Related violations: <none>

TIMING-17#608 Warning
Non-clocked sequential cell  
The clock pin mgt/mgt/example_stimulus_inst1/txdata_reg_reg[31]/C is not reached by a timing clock
Related violations: <none>

TIMING-17#609 Warning
Non-clocked sequential cell  
The clock pin mgt/mgt/example_stimulus_inst1/txdata_reg_reg[3]/C is not reached by a timing clock
Related violations: <none>

TIMING-17#610 Warning
Non-clocked sequential cell  
The clock pin mgt/mgt/example_stimulus_inst1/txdata_reg_reg[4]/C is not reached by a timing clock
Related violations: <none>

TIMING-17#611 Warning
Non-clocked sequential cell  
The clock pin mgt/mgt/example_stimulus_inst1/txdata_reg_reg[5]/C is not reached by a timing clock
Related violations: <none>

TIMING-17#612 Warning
Non-clocked sequential cell  
The clock pin mgt/mgt/example_stimulus_inst1/txdata_reg_reg[6]/C is not reached by a timing clock
Related violations: <none>

TIMING-17#613 Warning
Non-clocked sequential cell  
The clock pin mgt/mgt/example_stimulus_inst1/txdata_reg_reg[7]/C is not reached by a timing clock
Related violations: <none>

TIMING-17#614 Warning
Non-clocked sequential cell  
The clock pin mgt/mgt/example_stimulus_inst1/txdata_reg_reg[8]/C is not reached by a timing clock
Related violations: <none>

TIMING-17#615 Warning
Non-clocked sequential cell  
The clock pin mgt/mgt/example_stimulus_inst1/txdata_reg_reg[9]/C is not reached by a timing clock
Related violations: <none>

TIMING-17#616 Warning
Non-clocked sequential cell  
The clock pin mgt/mgt/example_stimulus_inst2/example_stimulus_reset_synchronizer_inst/rst_in_meta_reg/C is not reached by a timing clock
Related violations: <none>

TIMING-17#617 Warning
Non-clocked sequential cell  
The clock pin mgt/mgt/example_stimulus_inst2/example_stimulus_reset_synchronizer_inst/rst_in_out_reg/C is not reached by a timing clock
Related violations: <none>

TIMING-17#618 Warning
Non-clocked sequential cell  
The clock pin mgt/mgt/example_stimulus_inst2/example_stimulus_reset_synchronizer_inst/rst_in_sync1_reg/C is not reached by a timing clock
Related violations: <none>

TIMING-17#619 Warning
Non-clocked sequential cell  
The clock pin mgt/mgt/example_stimulus_inst2/example_stimulus_reset_synchronizer_inst/rst_in_sync2_reg/C is not reached by a timing clock
Related violations: <none>

TIMING-17#620 Warning
Non-clocked sequential cell  
The clock pin mgt/mgt/example_stimulus_inst2/example_stimulus_reset_synchronizer_inst/rst_in_sync3_reg/C is not reached by a timing clock
Related violations: <none>

TIMING-17#621 Warning
Non-clocked sequential cell  
The clock pin mgt/mgt/example_stimulus_inst2/prbs_any_gen_inst/DATA_OUT_reg[0]/C is not reached by a timing clock
Related violations: <none>

TIMING-17#622 Warning
Non-clocked sequential cell  
The clock pin mgt/mgt/example_stimulus_inst2/prbs_any_gen_inst/DATA_OUT_reg[10]/C is not reached by a timing clock
Related violations: <none>

TIMING-17#623 Warning
Non-clocked sequential cell  
The clock pin mgt/mgt/example_stimulus_inst2/prbs_any_gen_inst/DATA_OUT_reg[11]/C is not reached by a timing clock
Related violations: <none>

TIMING-17#624 Warning
Non-clocked sequential cell  
The clock pin mgt/mgt/example_stimulus_inst2/prbs_any_gen_inst/DATA_OUT_reg[12]/C is not reached by a timing clock
Related violations: <none>

TIMING-17#625 Warning
Non-clocked sequential cell  
The clock pin mgt/mgt/example_stimulus_inst2/prbs_any_gen_inst/DATA_OUT_reg[13]/C is not reached by a timing clock
Related violations: <none>

TIMING-17#626 Warning
Non-clocked sequential cell  
The clock pin mgt/mgt/example_stimulus_inst2/prbs_any_gen_inst/DATA_OUT_reg[14]/C is not reached by a timing clock
Related violations: <none>

TIMING-17#627 Warning
Non-clocked sequential cell  
The clock pin mgt/mgt/example_stimulus_inst2/prbs_any_gen_inst/DATA_OUT_reg[15]/C is not reached by a timing clock
Related violations: <none>

TIMING-17#628 Warning
Non-clocked sequential cell  
The clock pin mgt/mgt/example_stimulus_inst2/prbs_any_gen_inst/DATA_OUT_reg[16]/C is not reached by a timing clock
Related violations: <none>

TIMING-17#629 Warning
Non-clocked sequential cell  
The clock pin mgt/mgt/example_stimulus_inst2/prbs_any_gen_inst/DATA_OUT_reg[17]/C is not reached by a timing clock
Related violations: <none>

TIMING-17#630 Warning
Non-clocked sequential cell  
The clock pin mgt/mgt/example_stimulus_inst2/prbs_any_gen_inst/DATA_OUT_reg[18]/C is not reached by a timing clock
Related violations: <none>

TIMING-17#631 Warning
Non-clocked sequential cell  
The clock pin mgt/mgt/example_stimulus_inst2/prbs_any_gen_inst/DATA_OUT_reg[19]/C is not reached by a timing clock
Related violations: <none>

TIMING-17#632 Warning
Non-clocked sequential cell  
The clock pin mgt/mgt/example_stimulus_inst2/prbs_any_gen_inst/DATA_OUT_reg[1]/C is not reached by a timing clock
Related violations: <none>

TIMING-17#633 Warning
Non-clocked sequential cell  
The clock pin mgt/mgt/example_stimulus_inst2/prbs_any_gen_inst/DATA_OUT_reg[20]/C is not reached by a timing clock
Related violations: <none>

TIMING-17#634 Warning
Non-clocked sequential cell  
The clock pin mgt/mgt/example_stimulus_inst2/prbs_any_gen_inst/DATA_OUT_reg[21]/C is not reached by a timing clock
Related violations: <none>

TIMING-17#635 Warning
Non-clocked sequential cell  
The clock pin mgt/mgt/example_stimulus_inst2/prbs_any_gen_inst/DATA_OUT_reg[22]/C is not reached by a timing clock
Related violations: <none>

TIMING-17#636 Warning
Non-clocked sequential cell  
The clock pin mgt/mgt/example_stimulus_inst2/prbs_any_gen_inst/DATA_OUT_reg[23]/C is not reached by a timing clock
Related violations: <none>

TIMING-17#637 Warning
Non-clocked sequential cell  
The clock pin mgt/mgt/example_stimulus_inst2/prbs_any_gen_inst/DATA_OUT_reg[24]/C is not reached by a timing clock
Related violations: <none>

TIMING-17#638 Warning
Non-clocked sequential cell  
The clock pin mgt/mgt/example_stimulus_inst2/prbs_any_gen_inst/DATA_OUT_reg[25]/C is not reached by a timing clock
Related violations: <none>

TIMING-17#639 Warning
Non-clocked sequential cell  
The clock pin mgt/mgt/example_stimulus_inst2/prbs_any_gen_inst/DATA_OUT_reg[26]/C is not reached by a timing clock
Related violations: <none>

TIMING-17#640 Warning
Non-clocked sequential cell  
The clock pin mgt/mgt/example_stimulus_inst2/prbs_any_gen_inst/DATA_OUT_reg[27]/C is not reached by a timing clock
Related violations: <none>

TIMING-17#641 Warning
Non-clocked sequential cell  
The clock pin mgt/mgt/example_stimulus_inst2/prbs_any_gen_inst/DATA_OUT_reg[28]/C is not reached by a timing clock
Related violations: <none>

TIMING-17#642 Warning
Non-clocked sequential cell  
The clock pin mgt/mgt/example_stimulus_inst2/prbs_any_gen_inst/DATA_OUT_reg[29]/C is not reached by a timing clock
Related violations: <none>

TIMING-17#643 Warning
Non-clocked sequential cell  
The clock pin mgt/mgt/example_stimulus_inst2/prbs_any_gen_inst/DATA_OUT_reg[2]/C is not reached by a timing clock
Related violations: <none>

TIMING-17#644 Warning
Non-clocked sequential cell  
The clock pin mgt/mgt/example_stimulus_inst2/prbs_any_gen_inst/DATA_OUT_reg[30]/C is not reached by a timing clock
Related violations: <none>

TIMING-17#645 Warning
Non-clocked sequential cell  
The clock pin mgt/mgt/example_stimulus_inst2/prbs_any_gen_inst/DATA_OUT_reg[31]/C is not reached by a timing clock
Related violations: <none>

TIMING-17#646 Warning
Non-clocked sequential cell  
The clock pin mgt/mgt/example_stimulus_inst2/prbs_any_gen_inst/DATA_OUT_reg[3]/C is not reached by a timing clock
Related violations: <none>

TIMING-17#647 Warning
Non-clocked sequential cell  
The clock pin mgt/mgt/example_stimulus_inst2/prbs_any_gen_inst/DATA_OUT_reg[4]/C is not reached by a timing clock
Related violations: <none>

TIMING-17#648 Warning
Non-clocked sequential cell  
The clock pin mgt/mgt/example_stimulus_inst2/prbs_any_gen_inst/DATA_OUT_reg[5]/C is not reached by a timing clock
Related violations: <none>

TIMING-17#649 Warning
Non-clocked sequential cell  
The clock pin mgt/mgt/example_stimulus_inst2/prbs_any_gen_inst/DATA_OUT_reg[6]/C is not reached by a timing clock
Related violations: <none>

TIMING-17#650 Warning
Non-clocked sequential cell  
The clock pin mgt/mgt/example_stimulus_inst2/prbs_any_gen_inst/DATA_OUT_reg[7]/C is not reached by a timing clock
Related violations: <none>

TIMING-17#651 Warning
Non-clocked sequential cell  
The clock pin mgt/mgt/example_stimulus_inst2/prbs_any_gen_inst/DATA_OUT_reg[8]/C is not reached by a timing clock
Related violations: <none>

TIMING-17#652 Warning
Non-clocked sequential cell  
The clock pin mgt/mgt/example_stimulus_inst2/prbs_any_gen_inst/DATA_OUT_reg[9]/C is not reached by a timing clock
Related violations: <none>

TIMING-17#653 Warning
Non-clocked sequential cell  
The clock pin mgt/mgt/example_stimulus_inst2/prbs_any_gen_inst/prbs_reg_reg[10]/C is not reached by a timing clock
Related violations: <none>

TIMING-17#654 Warning
Non-clocked sequential cell  
The clock pin mgt/mgt/example_stimulus_inst2/prbs_any_gen_inst/prbs_reg_reg[11]/C is not reached by a timing clock
Related violations: <none>

TIMING-17#655 Warning
Non-clocked sequential cell  
The clock pin mgt/mgt/example_stimulus_inst2/prbs_any_gen_inst/prbs_reg_reg[12]/C is not reached by a timing clock
Related violations: <none>

TIMING-17#656 Warning
Non-clocked sequential cell  
The clock pin mgt/mgt/example_stimulus_inst2/prbs_any_gen_inst/prbs_reg_reg[13]/C is not reached by a timing clock
Related violations: <none>

TIMING-17#657 Warning
Non-clocked sequential cell  
The clock pin mgt/mgt/example_stimulus_inst2/prbs_any_gen_inst/prbs_reg_reg[14]/C is not reached by a timing clock
Related violations: <none>

TIMING-17#658 Warning
Non-clocked sequential cell  
The clock pin mgt/mgt/example_stimulus_inst2/prbs_any_gen_inst/prbs_reg_reg[15]/C is not reached by a timing clock
Related violations: <none>

TIMING-17#659 Warning
Non-clocked sequential cell  
The clock pin mgt/mgt/example_stimulus_inst2/prbs_any_gen_inst/prbs_reg_reg[16]/C is not reached by a timing clock
Related violations: <none>

TIMING-17#660 Warning
Non-clocked sequential cell  
The clock pin mgt/mgt/example_stimulus_inst2/prbs_any_gen_inst/prbs_reg_reg[17]/C is not reached by a timing clock
Related violations: <none>

TIMING-17#661 Warning
Non-clocked sequential cell  
The clock pin mgt/mgt/example_stimulus_inst2/prbs_any_gen_inst/prbs_reg_reg[18]/C is not reached by a timing clock
Related violations: <none>

TIMING-17#662 Warning
Non-clocked sequential cell  
The clock pin mgt/mgt/example_stimulus_inst2/prbs_any_gen_inst/prbs_reg_reg[19]/C is not reached by a timing clock
Related violations: <none>

TIMING-17#663 Warning
Non-clocked sequential cell  
The clock pin mgt/mgt/example_stimulus_inst2/prbs_any_gen_inst/prbs_reg_reg[1]/C is not reached by a timing clock
Related violations: <none>

TIMING-17#664 Warning
Non-clocked sequential cell  
The clock pin mgt/mgt/example_stimulus_inst2/prbs_any_gen_inst/prbs_reg_reg[20]/C is not reached by a timing clock
Related violations: <none>

TIMING-17#665 Warning
Non-clocked sequential cell  
The clock pin mgt/mgt/example_stimulus_inst2/prbs_any_gen_inst/prbs_reg_reg[21]/C is not reached by a timing clock
Related violations: <none>

TIMING-17#666 Warning
Non-clocked sequential cell  
The clock pin mgt/mgt/example_stimulus_inst2/prbs_any_gen_inst/prbs_reg_reg[22]/C is not reached by a timing clock
Related violations: <none>

TIMING-17#667 Warning
Non-clocked sequential cell  
The clock pin mgt/mgt/example_stimulus_inst2/prbs_any_gen_inst/prbs_reg_reg[23]/C is not reached by a timing clock
Related violations: <none>

TIMING-17#668 Warning
Non-clocked sequential cell  
The clock pin mgt/mgt/example_stimulus_inst2/prbs_any_gen_inst/prbs_reg_reg[24]/C is not reached by a timing clock
Related violations: <none>

TIMING-17#669 Warning
Non-clocked sequential cell  
The clock pin mgt/mgt/example_stimulus_inst2/prbs_any_gen_inst/prbs_reg_reg[25]/C is not reached by a timing clock
Related violations: <none>

TIMING-17#670 Warning
Non-clocked sequential cell  
The clock pin mgt/mgt/example_stimulus_inst2/prbs_any_gen_inst/prbs_reg_reg[26]/C is not reached by a timing clock
Related violations: <none>

TIMING-17#671 Warning
Non-clocked sequential cell  
The clock pin mgt/mgt/example_stimulus_inst2/prbs_any_gen_inst/prbs_reg_reg[27]/C is not reached by a timing clock
Related violations: <none>

TIMING-17#672 Warning
Non-clocked sequential cell  
The clock pin mgt/mgt/example_stimulus_inst2/prbs_any_gen_inst/prbs_reg_reg[28]/C is not reached by a timing clock
Related violations: <none>

TIMING-17#673 Warning
Non-clocked sequential cell  
The clock pin mgt/mgt/example_stimulus_inst2/prbs_any_gen_inst/prbs_reg_reg[29]/C is not reached by a timing clock
Related violations: <none>

TIMING-17#674 Warning
Non-clocked sequential cell  
The clock pin mgt/mgt/example_stimulus_inst2/prbs_any_gen_inst/prbs_reg_reg[2]/C is not reached by a timing clock
Related violations: <none>

TIMING-17#675 Warning
Non-clocked sequential cell  
The clock pin mgt/mgt/example_stimulus_inst2/prbs_any_gen_inst/prbs_reg_reg[30]/C is not reached by a timing clock
Related violations: <none>

TIMING-17#676 Warning
Non-clocked sequential cell  
The clock pin mgt/mgt/example_stimulus_inst2/prbs_any_gen_inst/prbs_reg_reg[31]/C is not reached by a timing clock
Related violations: <none>

TIMING-17#677 Warning
Non-clocked sequential cell  
The clock pin mgt/mgt/example_stimulus_inst2/prbs_any_gen_inst/prbs_reg_reg[3]/C is not reached by a timing clock
Related violations: <none>

TIMING-17#678 Warning
Non-clocked sequential cell  
The clock pin mgt/mgt/example_stimulus_inst2/prbs_any_gen_inst/prbs_reg_reg[4]/C is not reached by a timing clock
Related violations: <none>

TIMING-17#679 Warning
Non-clocked sequential cell  
The clock pin mgt/mgt/example_stimulus_inst2/prbs_any_gen_inst/prbs_reg_reg[5]/C is not reached by a timing clock
Related violations: <none>

TIMING-17#680 Warning
Non-clocked sequential cell  
The clock pin mgt/mgt/example_stimulus_inst2/prbs_any_gen_inst/prbs_reg_reg[6]/C is not reached by a timing clock
Related violations: <none>

TIMING-17#681 Warning
Non-clocked sequential cell  
The clock pin mgt/mgt/example_stimulus_inst2/prbs_any_gen_inst/prbs_reg_reg[7]/C is not reached by a timing clock
Related violations: <none>

TIMING-17#682 Warning
Non-clocked sequential cell  
The clock pin mgt/mgt/example_stimulus_inst2/prbs_any_gen_inst/prbs_reg_reg[8]/C is not reached by a timing clock
Related violations: <none>

TIMING-17#683 Warning
Non-clocked sequential cell  
The clock pin mgt/mgt/example_stimulus_inst2/prbs_any_gen_inst/prbs_reg_reg[9]/C is not reached by a timing clock
Related violations: <none>

TIMING-17#684 Warning
Non-clocked sequential cell  
The clock pin mgt/mgt/example_stimulus_inst2/prbs_slt_ctr_reg[0]/C is not reached by a timing clock
Related violations: <none>

TIMING-17#685 Warning
Non-clocked sequential cell  
The clock pin mgt/mgt/example_stimulus_inst2/prbs_slt_ctr_reg[1]/C is not reached by a timing clock
Related violations: <none>

TIMING-17#686 Warning
Non-clocked sequential cell  
The clock pin mgt/mgt/example_stimulus_inst2/prbs_slt_ctr_reg[2]/C is not reached by a timing clock
Related violations: <none>

TIMING-17#687 Warning
Non-clocked sequential cell  
The clock pin mgt/mgt/example_stimulus_inst2/prbs_slt_ctr_reg[3]/C is not reached by a timing clock
Related violations: <none>

TIMING-17#688 Warning
Non-clocked sequential cell  
The clock pin mgt/mgt/example_stimulus_inst2/prbs_slt_ctr_reg[4]/C is not reached by a timing clock
Related violations: <none>

TIMING-17#689 Warning
Non-clocked sequential cell  
The clock pin mgt/mgt/example_stimulus_inst2/prbs_slt_ctr_reg[5]/C is not reached by a timing clock
Related violations: <none>

TIMING-17#690 Warning
Non-clocked sequential cell  
The clock pin mgt/mgt/example_stimulus_inst2/prbs_slt_ctr_reg[6]/C is not reached by a timing clock
Related violations: <none>

TIMING-17#691 Warning
Non-clocked sequential cell  
The clock pin mgt/mgt/example_stimulus_inst2/prbs_slt_ctr_reg[7]/C is not reached by a timing clock
Related violations: <none>

TIMING-17#692 Warning
Non-clocked sequential cell  
The clock pin mgt/mgt/example_stimulus_inst2/prbs_slt_ctr_reg[8]/C is not reached by a timing clock
Related violations: <none>

TIMING-17#693 Warning
Non-clocked sequential cell  
The clock pin mgt/mgt/example_stimulus_inst2/prbs_slt_ctr_reg[9]/C is not reached by a timing clock
Related violations: <none>

TIMING-17#694 Warning
Non-clocked sequential cell  
The clock pin mgt/mgt/example_stimulus_inst2/txctrl2_reg_reg[3]/C is not reached by a timing clock
Related violations: <none>

TIMING-17#695 Warning
Non-clocked sequential cell  
The clock pin mgt/mgt/example_stimulus_inst2/txdata_reg_reg[0]/C is not reached by a timing clock
Related violations: <none>

TIMING-17#696 Warning
Non-clocked sequential cell  
The clock pin mgt/mgt/example_stimulus_inst2/txdata_reg_reg[10]/C is not reached by a timing clock
Related violations: <none>

TIMING-17#697 Warning
Non-clocked sequential cell  
The clock pin mgt/mgt/example_stimulus_inst2/txdata_reg_reg[11]/C is not reached by a timing clock
Related violations: <none>

TIMING-17#698 Warning
Non-clocked sequential cell  
The clock pin mgt/mgt/example_stimulus_inst2/txdata_reg_reg[12]/C is not reached by a timing clock
Related violations: <none>

TIMING-17#699 Warning
Non-clocked sequential cell  
The clock pin mgt/mgt/example_stimulus_inst2/txdata_reg_reg[13]/C is not reached by a timing clock
Related violations: <none>

TIMING-17#700 Warning
Non-clocked sequential cell  
The clock pin mgt/mgt/example_stimulus_inst2/txdata_reg_reg[14]/C is not reached by a timing clock
Related violations: <none>

TIMING-17#701 Warning
Non-clocked sequential cell  
The clock pin mgt/mgt/example_stimulus_inst2/txdata_reg_reg[15]/C is not reached by a timing clock
Related violations: <none>

TIMING-17#702 Warning
Non-clocked sequential cell  
The clock pin mgt/mgt/example_stimulus_inst2/txdata_reg_reg[16]/C is not reached by a timing clock
Related violations: <none>

TIMING-17#703 Warning
Non-clocked sequential cell  
The clock pin mgt/mgt/example_stimulus_inst2/txdata_reg_reg[17]/C is not reached by a timing clock
Related violations: <none>

TIMING-17#704 Warning
Non-clocked sequential cell  
The clock pin mgt/mgt/example_stimulus_inst2/txdata_reg_reg[18]/C is not reached by a timing clock
Related violations: <none>

TIMING-17#705 Warning
Non-clocked sequential cell  
The clock pin mgt/mgt/example_stimulus_inst2/txdata_reg_reg[19]/C is not reached by a timing clock
Related violations: <none>

TIMING-17#706 Warning
Non-clocked sequential cell  
The clock pin mgt/mgt/example_stimulus_inst2/txdata_reg_reg[1]/C is not reached by a timing clock
Related violations: <none>

TIMING-17#707 Warning
Non-clocked sequential cell  
The clock pin mgt/mgt/example_stimulus_inst2/txdata_reg_reg[20]/C is not reached by a timing clock
Related violations: <none>

TIMING-17#708 Warning
Non-clocked sequential cell  
The clock pin mgt/mgt/example_stimulus_inst2/txdata_reg_reg[21]/C is not reached by a timing clock
Related violations: <none>

TIMING-17#709 Warning
Non-clocked sequential cell  
The clock pin mgt/mgt/example_stimulus_inst2/txdata_reg_reg[22]/C is not reached by a timing clock
Related violations: <none>

TIMING-17#710 Warning
Non-clocked sequential cell  
The clock pin mgt/mgt/example_stimulus_inst2/txdata_reg_reg[23]/C is not reached by a timing clock
Related violations: <none>

TIMING-17#711 Warning
Non-clocked sequential cell  
The clock pin mgt/mgt/example_stimulus_inst2/txdata_reg_reg[24]/C is not reached by a timing clock
Related violations: <none>

TIMING-17#712 Warning
Non-clocked sequential cell  
The clock pin mgt/mgt/example_stimulus_inst2/txdata_reg_reg[25]/C is not reached by a timing clock
Related violations: <none>

TIMING-17#713 Warning
Non-clocked sequential cell  
The clock pin mgt/mgt/example_stimulus_inst2/txdata_reg_reg[26]/C is not reached by a timing clock
Related violations: <none>

TIMING-17#714 Warning
Non-clocked sequential cell  
The clock pin mgt/mgt/example_stimulus_inst2/txdata_reg_reg[27]/C is not reached by a timing clock
Related violations: <none>

TIMING-17#715 Warning
Non-clocked sequential cell  
The clock pin mgt/mgt/example_stimulus_inst2/txdata_reg_reg[28]/C is not reached by a timing clock
Related violations: <none>

TIMING-17#716 Warning
Non-clocked sequential cell  
The clock pin mgt/mgt/example_stimulus_inst2/txdata_reg_reg[29]/C is not reached by a timing clock
Related violations: <none>

TIMING-17#717 Warning
Non-clocked sequential cell  
The clock pin mgt/mgt/example_stimulus_inst2/txdata_reg_reg[2]/C is not reached by a timing clock
Related violations: <none>

TIMING-17#718 Warning
Non-clocked sequential cell  
The clock pin mgt/mgt/example_stimulus_inst2/txdata_reg_reg[30]/C is not reached by a timing clock
Related violations: <none>

TIMING-17#719 Warning
Non-clocked sequential cell  
The clock pin mgt/mgt/example_stimulus_inst2/txdata_reg_reg[31]/C is not reached by a timing clock
Related violations: <none>

TIMING-17#720 Warning
Non-clocked sequential cell  
The clock pin mgt/mgt/example_stimulus_inst2/txdata_reg_reg[3]/C is not reached by a timing clock
Related violations: <none>

TIMING-17#721 Warning
Non-clocked sequential cell  
The clock pin mgt/mgt/example_stimulus_inst2/txdata_reg_reg[4]/C is not reached by a timing clock
Related violations: <none>

TIMING-17#722 Warning
Non-clocked sequential cell  
The clock pin mgt/mgt/example_stimulus_inst2/txdata_reg_reg[5]/C is not reached by a timing clock
Related violations: <none>

TIMING-17#723 Warning
Non-clocked sequential cell  
The clock pin mgt/mgt/example_stimulus_inst2/txdata_reg_reg[6]/C is not reached by a timing clock
Related violations: <none>

TIMING-17#724 Warning
Non-clocked sequential cell  
The clock pin mgt/mgt/example_stimulus_inst2/txdata_reg_reg[7]/C is not reached by a timing clock
Related violations: <none>

TIMING-17#725 Warning
Non-clocked sequential cell  
The clock pin mgt/mgt/example_stimulus_inst2/txdata_reg_reg[8]/C is not reached by a timing clock
Related violations: <none>

TIMING-17#726 Warning
Non-clocked sequential cell  
The clock pin mgt/mgt/example_stimulus_inst2/txdata_reg_reg[9]/C is not reached by a timing clock
Related violations: <none>

TIMING-17#727 Warning
Non-clocked sequential cell  
The clock pin mgt/mgt/example_stimulus_inst3/example_stimulus_reset_synchronizer_inst/rst_in_meta_reg/C is not reached by a timing clock
Related violations: <none>

TIMING-17#728 Warning
Non-clocked sequential cell  
The clock pin mgt/mgt/example_stimulus_inst3/example_stimulus_reset_synchronizer_inst/rst_in_out_reg/C is not reached by a timing clock
Related violations: <none>

TIMING-17#729 Warning
Non-clocked sequential cell  
The clock pin mgt/mgt/example_stimulus_inst3/example_stimulus_reset_synchronizer_inst/rst_in_sync1_reg/C is not reached by a timing clock
Related violations: <none>

TIMING-17#730 Warning
Non-clocked sequential cell  
The clock pin mgt/mgt/example_stimulus_inst3/example_stimulus_reset_synchronizer_inst/rst_in_sync2_reg/C is not reached by a timing clock
Related violations: <none>

TIMING-17#731 Warning
Non-clocked sequential cell  
The clock pin mgt/mgt/example_stimulus_inst3/example_stimulus_reset_synchronizer_inst/rst_in_sync3_reg/C is not reached by a timing clock
Related violations: <none>

TIMING-17#732 Warning
Non-clocked sequential cell  
The clock pin mgt/mgt/example_stimulus_inst3/prbs_any_gen_inst/DATA_OUT_reg[0]/C is not reached by a timing clock
Related violations: <none>

TIMING-17#733 Warning
Non-clocked sequential cell  
The clock pin mgt/mgt/example_stimulus_inst3/prbs_any_gen_inst/DATA_OUT_reg[10]/C is not reached by a timing clock
Related violations: <none>

TIMING-17#734 Warning
Non-clocked sequential cell  
The clock pin mgt/mgt/example_stimulus_inst3/prbs_any_gen_inst/DATA_OUT_reg[11]/C is not reached by a timing clock
Related violations: <none>

TIMING-17#735 Warning
Non-clocked sequential cell  
The clock pin mgt/mgt/example_stimulus_inst3/prbs_any_gen_inst/DATA_OUT_reg[12]/C is not reached by a timing clock
Related violations: <none>

TIMING-17#736 Warning
Non-clocked sequential cell  
The clock pin mgt/mgt/example_stimulus_inst3/prbs_any_gen_inst/DATA_OUT_reg[13]/C is not reached by a timing clock
Related violations: <none>

TIMING-17#737 Warning
Non-clocked sequential cell  
The clock pin mgt/mgt/example_stimulus_inst3/prbs_any_gen_inst/DATA_OUT_reg[14]/C is not reached by a timing clock
Related violations: <none>

TIMING-17#738 Warning
Non-clocked sequential cell  
The clock pin mgt/mgt/example_stimulus_inst3/prbs_any_gen_inst/DATA_OUT_reg[15]/C is not reached by a timing clock
Related violations: <none>

TIMING-17#739 Warning
Non-clocked sequential cell  
The clock pin mgt/mgt/example_stimulus_inst3/prbs_any_gen_inst/DATA_OUT_reg[16]/C is not reached by a timing clock
Related violations: <none>

TIMING-17#740 Warning
Non-clocked sequential cell  
The clock pin mgt/mgt/example_stimulus_inst3/prbs_any_gen_inst/DATA_OUT_reg[17]/C is not reached by a timing clock
Related violations: <none>

TIMING-17#741 Warning
Non-clocked sequential cell  
The clock pin mgt/mgt/example_stimulus_inst3/prbs_any_gen_inst/DATA_OUT_reg[18]/C is not reached by a timing clock
Related violations: <none>

TIMING-17#742 Warning
Non-clocked sequential cell  
The clock pin mgt/mgt/example_stimulus_inst3/prbs_any_gen_inst/DATA_OUT_reg[19]/C is not reached by a timing clock
Related violations: <none>

TIMING-17#743 Warning
Non-clocked sequential cell  
The clock pin mgt/mgt/example_stimulus_inst3/prbs_any_gen_inst/DATA_OUT_reg[1]/C is not reached by a timing clock
Related violations: <none>

TIMING-17#744 Warning
Non-clocked sequential cell  
The clock pin mgt/mgt/example_stimulus_inst3/prbs_any_gen_inst/DATA_OUT_reg[20]/C is not reached by a timing clock
Related violations: <none>

TIMING-17#745 Warning
Non-clocked sequential cell  
The clock pin mgt/mgt/example_stimulus_inst3/prbs_any_gen_inst/DATA_OUT_reg[21]/C is not reached by a timing clock
Related violations: <none>

TIMING-17#746 Warning
Non-clocked sequential cell  
The clock pin mgt/mgt/example_stimulus_inst3/prbs_any_gen_inst/DATA_OUT_reg[22]/C is not reached by a timing clock
Related violations: <none>

TIMING-17#747 Warning
Non-clocked sequential cell  
The clock pin mgt/mgt/example_stimulus_inst3/prbs_any_gen_inst/DATA_OUT_reg[23]/C is not reached by a timing clock
Related violations: <none>

TIMING-17#748 Warning
Non-clocked sequential cell  
The clock pin mgt/mgt/example_stimulus_inst3/prbs_any_gen_inst/DATA_OUT_reg[24]/C is not reached by a timing clock
Related violations: <none>

TIMING-17#749 Warning
Non-clocked sequential cell  
The clock pin mgt/mgt/example_stimulus_inst3/prbs_any_gen_inst/DATA_OUT_reg[25]/C is not reached by a timing clock
Related violations: <none>

TIMING-17#750 Warning
Non-clocked sequential cell  
The clock pin mgt/mgt/example_stimulus_inst3/prbs_any_gen_inst/DATA_OUT_reg[26]/C is not reached by a timing clock
Related violations: <none>

TIMING-17#751 Warning
Non-clocked sequential cell  
The clock pin mgt/mgt/example_stimulus_inst3/prbs_any_gen_inst/DATA_OUT_reg[27]/C is not reached by a timing clock
Related violations: <none>

TIMING-17#752 Warning
Non-clocked sequential cell  
The clock pin mgt/mgt/example_stimulus_inst3/prbs_any_gen_inst/DATA_OUT_reg[28]/C is not reached by a timing clock
Related violations: <none>

TIMING-17#753 Warning
Non-clocked sequential cell  
The clock pin mgt/mgt/example_stimulus_inst3/prbs_any_gen_inst/DATA_OUT_reg[29]/C is not reached by a timing clock
Related violations: <none>

TIMING-17#754 Warning
Non-clocked sequential cell  
The clock pin mgt/mgt/example_stimulus_inst3/prbs_any_gen_inst/DATA_OUT_reg[2]/C is not reached by a timing clock
Related violations: <none>

TIMING-17#755 Warning
Non-clocked sequential cell  
The clock pin mgt/mgt/example_stimulus_inst3/prbs_any_gen_inst/DATA_OUT_reg[30]/C is not reached by a timing clock
Related violations: <none>

TIMING-17#756 Warning
Non-clocked sequential cell  
The clock pin mgt/mgt/example_stimulus_inst3/prbs_any_gen_inst/DATA_OUT_reg[31]/C is not reached by a timing clock
Related violations: <none>

TIMING-17#757 Warning
Non-clocked sequential cell  
The clock pin mgt/mgt/example_stimulus_inst3/prbs_any_gen_inst/DATA_OUT_reg[3]/C is not reached by a timing clock
Related violations: <none>

TIMING-17#758 Warning
Non-clocked sequential cell  
The clock pin mgt/mgt/example_stimulus_inst3/prbs_any_gen_inst/DATA_OUT_reg[4]/C is not reached by a timing clock
Related violations: <none>

TIMING-17#759 Warning
Non-clocked sequential cell  
The clock pin mgt/mgt/example_stimulus_inst3/prbs_any_gen_inst/DATA_OUT_reg[5]/C is not reached by a timing clock
Related violations: <none>

TIMING-17#760 Warning
Non-clocked sequential cell  
The clock pin mgt/mgt/example_stimulus_inst3/prbs_any_gen_inst/DATA_OUT_reg[6]/C is not reached by a timing clock
Related violations: <none>

TIMING-17#761 Warning
Non-clocked sequential cell  
The clock pin mgt/mgt/example_stimulus_inst3/prbs_any_gen_inst/DATA_OUT_reg[7]/C is not reached by a timing clock
Related violations: <none>

TIMING-17#762 Warning
Non-clocked sequential cell  
The clock pin mgt/mgt/example_stimulus_inst3/prbs_any_gen_inst/DATA_OUT_reg[8]/C is not reached by a timing clock
Related violations: <none>

TIMING-17#763 Warning
Non-clocked sequential cell  
The clock pin mgt/mgt/example_stimulus_inst3/prbs_any_gen_inst/DATA_OUT_reg[9]/C is not reached by a timing clock
Related violations: <none>

TIMING-17#764 Warning
Non-clocked sequential cell  
The clock pin mgt/mgt/example_stimulus_inst3/prbs_any_gen_inst/prbs_reg_reg[10]/C is not reached by a timing clock
Related violations: <none>

TIMING-17#765 Warning
Non-clocked sequential cell  
The clock pin mgt/mgt/example_stimulus_inst3/prbs_any_gen_inst/prbs_reg_reg[11]/C is not reached by a timing clock
Related violations: <none>

TIMING-17#766 Warning
Non-clocked sequential cell  
The clock pin mgt/mgt/example_stimulus_inst3/prbs_any_gen_inst/prbs_reg_reg[12]/C is not reached by a timing clock
Related violations: <none>

TIMING-17#767 Warning
Non-clocked sequential cell  
The clock pin mgt/mgt/example_stimulus_inst3/prbs_any_gen_inst/prbs_reg_reg[13]/C is not reached by a timing clock
Related violations: <none>

TIMING-17#768 Warning
Non-clocked sequential cell  
The clock pin mgt/mgt/example_stimulus_inst3/prbs_any_gen_inst/prbs_reg_reg[14]/C is not reached by a timing clock
Related violations: <none>

TIMING-17#769 Warning
Non-clocked sequential cell  
The clock pin mgt/mgt/example_stimulus_inst3/prbs_any_gen_inst/prbs_reg_reg[15]/C is not reached by a timing clock
Related violations: <none>

TIMING-17#770 Warning
Non-clocked sequential cell  
The clock pin mgt/mgt/example_stimulus_inst3/prbs_any_gen_inst/prbs_reg_reg[16]/C is not reached by a timing clock
Related violations: <none>

TIMING-17#771 Warning
Non-clocked sequential cell  
The clock pin mgt/mgt/example_stimulus_inst3/prbs_any_gen_inst/prbs_reg_reg[17]/C is not reached by a timing clock
Related violations: <none>

TIMING-17#772 Warning
Non-clocked sequential cell  
The clock pin mgt/mgt/example_stimulus_inst3/prbs_any_gen_inst/prbs_reg_reg[18]/C is not reached by a timing clock
Related violations: <none>

TIMING-17#773 Warning
Non-clocked sequential cell  
The clock pin mgt/mgt/example_stimulus_inst3/prbs_any_gen_inst/prbs_reg_reg[19]/C is not reached by a timing clock
Related violations: <none>

TIMING-17#774 Warning
Non-clocked sequential cell  
The clock pin mgt/mgt/example_stimulus_inst3/prbs_any_gen_inst/prbs_reg_reg[1]/C is not reached by a timing clock
Related violations: <none>

TIMING-17#775 Warning
Non-clocked sequential cell  
The clock pin mgt/mgt/example_stimulus_inst3/prbs_any_gen_inst/prbs_reg_reg[20]/C is not reached by a timing clock
Related violations: <none>

TIMING-17#776 Warning
Non-clocked sequential cell  
The clock pin mgt/mgt/example_stimulus_inst3/prbs_any_gen_inst/prbs_reg_reg[21]/C is not reached by a timing clock
Related violations: <none>

TIMING-17#777 Warning
Non-clocked sequential cell  
The clock pin mgt/mgt/example_stimulus_inst3/prbs_any_gen_inst/prbs_reg_reg[22]/C is not reached by a timing clock
Related violations: <none>

TIMING-17#778 Warning
Non-clocked sequential cell  
The clock pin mgt/mgt/example_stimulus_inst3/prbs_any_gen_inst/prbs_reg_reg[23]/C is not reached by a timing clock
Related violations: <none>

TIMING-17#779 Warning
Non-clocked sequential cell  
The clock pin mgt/mgt/example_stimulus_inst3/prbs_any_gen_inst/prbs_reg_reg[24]/C is not reached by a timing clock
Related violations: <none>

TIMING-17#780 Warning
Non-clocked sequential cell  
The clock pin mgt/mgt/example_stimulus_inst3/prbs_any_gen_inst/prbs_reg_reg[25]/C is not reached by a timing clock
Related violations: <none>

TIMING-17#781 Warning
Non-clocked sequential cell  
The clock pin mgt/mgt/example_stimulus_inst3/prbs_any_gen_inst/prbs_reg_reg[26]/C is not reached by a timing clock
Related violations: <none>

TIMING-17#782 Warning
Non-clocked sequential cell  
The clock pin mgt/mgt/example_stimulus_inst3/prbs_any_gen_inst/prbs_reg_reg[27]/C is not reached by a timing clock
Related violations: <none>

TIMING-17#783 Warning
Non-clocked sequential cell  
The clock pin mgt/mgt/example_stimulus_inst3/prbs_any_gen_inst/prbs_reg_reg[28]/C is not reached by a timing clock
Related violations: <none>

TIMING-17#784 Warning
Non-clocked sequential cell  
The clock pin mgt/mgt/example_stimulus_inst3/prbs_any_gen_inst/prbs_reg_reg[29]/C is not reached by a timing clock
Related violations: <none>

TIMING-17#785 Warning
Non-clocked sequential cell  
The clock pin mgt/mgt/example_stimulus_inst3/prbs_any_gen_inst/prbs_reg_reg[2]/C is not reached by a timing clock
Related violations: <none>

TIMING-17#786 Warning
Non-clocked sequential cell  
The clock pin mgt/mgt/example_stimulus_inst3/prbs_any_gen_inst/prbs_reg_reg[30]/C is not reached by a timing clock
Related violations: <none>

TIMING-17#787 Warning
Non-clocked sequential cell  
The clock pin mgt/mgt/example_stimulus_inst3/prbs_any_gen_inst/prbs_reg_reg[31]/C is not reached by a timing clock
Related violations: <none>

TIMING-17#788 Warning
Non-clocked sequential cell  
The clock pin mgt/mgt/example_stimulus_inst3/prbs_any_gen_inst/prbs_reg_reg[3]/C is not reached by a timing clock
Related violations: <none>

TIMING-17#789 Warning
Non-clocked sequential cell  
The clock pin mgt/mgt/example_stimulus_inst3/prbs_any_gen_inst/prbs_reg_reg[4]/C is not reached by a timing clock
Related violations: <none>

TIMING-17#790 Warning
Non-clocked sequential cell  
The clock pin mgt/mgt/example_stimulus_inst3/prbs_any_gen_inst/prbs_reg_reg[5]/C is not reached by a timing clock
Related violations: <none>

TIMING-17#791 Warning
Non-clocked sequential cell  
The clock pin mgt/mgt/example_stimulus_inst3/prbs_any_gen_inst/prbs_reg_reg[6]/C is not reached by a timing clock
Related violations: <none>

TIMING-17#792 Warning
Non-clocked sequential cell  
The clock pin mgt/mgt/example_stimulus_inst3/prbs_any_gen_inst/prbs_reg_reg[7]/C is not reached by a timing clock
Related violations: <none>

TIMING-17#793 Warning
Non-clocked sequential cell  
The clock pin mgt/mgt/example_stimulus_inst3/prbs_any_gen_inst/prbs_reg_reg[8]/C is not reached by a timing clock
Related violations: <none>

TIMING-17#794 Warning
Non-clocked sequential cell  
The clock pin mgt/mgt/example_stimulus_inst3/prbs_any_gen_inst/prbs_reg_reg[9]/C is not reached by a timing clock
Related violations: <none>

TIMING-17#795 Warning
Non-clocked sequential cell  
The clock pin mgt/mgt/example_stimulus_inst3/prbs_slt_ctr_reg[0]/C is not reached by a timing clock
Related violations: <none>

TIMING-17#796 Warning
Non-clocked sequential cell  
The clock pin mgt/mgt/example_stimulus_inst3/prbs_slt_ctr_reg[1]/C is not reached by a timing clock
Related violations: <none>

TIMING-17#797 Warning
Non-clocked sequential cell  
The clock pin mgt/mgt/example_stimulus_inst3/prbs_slt_ctr_reg[2]/C is not reached by a timing clock
Related violations: <none>

TIMING-17#798 Warning
Non-clocked sequential cell  
The clock pin mgt/mgt/example_stimulus_inst3/prbs_slt_ctr_reg[3]/C is not reached by a timing clock
Related violations: <none>

TIMING-17#799 Warning
Non-clocked sequential cell  
The clock pin mgt/mgt/example_stimulus_inst3/prbs_slt_ctr_reg[4]/C is not reached by a timing clock
Related violations: <none>

TIMING-17#800 Warning
Non-clocked sequential cell  
The clock pin mgt/mgt/example_stimulus_inst3/prbs_slt_ctr_reg[5]/C is not reached by a timing clock
Related violations: <none>

TIMING-17#801 Warning
Non-clocked sequential cell  
The clock pin mgt/mgt/example_stimulus_inst3/prbs_slt_ctr_reg[6]/C is not reached by a timing clock
Related violations: <none>

TIMING-17#802 Warning
Non-clocked sequential cell  
The clock pin mgt/mgt/example_stimulus_inst3/prbs_slt_ctr_reg[7]/C is not reached by a timing clock
Related violations: <none>

TIMING-17#803 Warning
Non-clocked sequential cell  
The clock pin mgt/mgt/example_stimulus_inst3/prbs_slt_ctr_reg[8]/C is not reached by a timing clock
Related violations: <none>

TIMING-17#804 Warning
Non-clocked sequential cell  
The clock pin mgt/mgt/example_stimulus_inst3/prbs_slt_ctr_reg[9]/C is not reached by a timing clock
Related violations: <none>

TIMING-17#805 Warning
Non-clocked sequential cell  
The clock pin mgt/mgt/example_stimulus_inst3/txctrl2_reg_reg[3]/C is not reached by a timing clock
Related violations: <none>

TIMING-17#806 Warning
Non-clocked sequential cell  
The clock pin mgt/mgt/example_stimulus_inst3/txdata_reg_reg[0]/C is not reached by a timing clock
Related violations: <none>

TIMING-17#807 Warning
Non-clocked sequential cell  
The clock pin mgt/mgt/example_stimulus_inst3/txdata_reg_reg[10]/C is not reached by a timing clock
Related violations: <none>

TIMING-17#808 Warning
Non-clocked sequential cell  
The clock pin mgt/mgt/example_stimulus_inst3/txdata_reg_reg[11]/C is not reached by a timing clock
Related violations: <none>

TIMING-17#809 Warning
Non-clocked sequential cell  
The clock pin mgt/mgt/example_stimulus_inst3/txdata_reg_reg[12]/C is not reached by a timing clock
Related violations: <none>

TIMING-17#810 Warning
Non-clocked sequential cell  
The clock pin mgt/mgt/example_stimulus_inst3/txdata_reg_reg[13]/C is not reached by a timing clock
Related violations: <none>

TIMING-17#811 Warning
Non-clocked sequential cell  
The clock pin mgt/mgt/example_stimulus_inst3/txdata_reg_reg[14]/C is not reached by a timing clock
Related violations: <none>

TIMING-17#812 Warning
Non-clocked sequential cell  
The clock pin mgt/mgt/example_stimulus_inst3/txdata_reg_reg[15]/C is not reached by a timing clock
Related violations: <none>

TIMING-17#813 Warning
Non-clocked sequential cell  
The clock pin mgt/mgt/example_stimulus_inst3/txdata_reg_reg[16]/C is not reached by a timing clock
Related violations: <none>

TIMING-17#814 Warning
Non-clocked sequential cell  
The clock pin mgt/mgt/example_stimulus_inst3/txdata_reg_reg[17]/C is not reached by a timing clock
Related violations: <none>

TIMING-17#815 Warning
Non-clocked sequential cell  
The clock pin mgt/mgt/example_stimulus_inst3/txdata_reg_reg[18]/C is not reached by a timing clock
Related violations: <none>

TIMING-17#816 Warning
Non-clocked sequential cell  
The clock pin mgt/mgt/example_stimulus_inst3/txdata_reg_reg[19]/C is not reached by a timing clock
Related violations: <none>

TIMING-17#817 Warning
Non-clocked sequential cell  
The clock pin mgt/mgt/example_stimulus_inst3/txdata_reg_reg[1]/C is not reached by a timing clock
Related violations: <none>

TIMING-17#818 Warning
Non-clocked sequential cell  
The clock pin mgt/mgt/example_stimulus_inst3/txdata_reg_reg[20]/C is not reached by a timing clock
Related violations: <none>

TIMING-17#819 Warning
Non-clocked sequential cell  
The clock pin mgt/mgt/example_stimulus_inst3/txdata_reg_reg[21]/C is not reached by a timing clock
Related violations: <none>

TIMING-17#820 Warning
Non-clocked sequential cell  
The clock pin mgt/mgt/example_stimulus_inst3/txdata_reg_reg[22]/C is not reached by a timing clock
Related violations: <none>

TIMING-17#821 Warning
Non-clocked sequential cell  
The clock pin mgt/mgt/example_stimulus_inst3/txdata_reg_reg[23]/C is not reached by a timing clock
Related violations: <none>

TIMING-17#822 Warning
Non-clocked sequential cell  
The clock pin mgt/mgt/example_stimulus_inst3/txdata_reg_reg[24]/C is not reached by a timing clock
Related violations: <none>

TIMING-17#823 Warning
Non-clocked sequential cell  
The clock pin mgt/mgt/example_stimulus_inst3/txdata_reg_reg[25]/C is not reached by a timing clock
Related violations: <none>

TIMING-17#824 Warning
Non-clocked sequential cell  
The clock pin mgt/mgt/example_stimulus_inst3/txdata_reg_reg[26]/C is not reached by a timing clock
Related violations: <none>

TIMING-17#825 Warning
Non-clocked sequential cell  
The clock pin mgt/mgt/example_stimulus_inst3/txdata_reg_reg[27]/C is not reached by a timing clock
Related violations: <none>

TIMING-17#826 Warning
Non-clocked sequential cell  
The clock pin mgt/mgt/example_stimulus_inst3/txdata_reg_reg[28]/C is not reached by a timing clock
Related violations: <none>

TIMING-17#827 Warning
Non-clocked sequential cell  
The clock pin mgt/mgt/example_stimulus_inst3/txdata_reg_reg[29]/C is not reached by a timing clock
Related violations: <none>

TIMING-17#828 Warning
Non-clocked sequential cell  
The clock pin mgt/mgt/example_stimulus_inst3/txdata_reg_reg[2]/C is not reached by a timing clock
Related violations: <none>

TIMING-17#829 Warning
Non-clocked sequential cell  
The clock pin mgt/mgt/example_stimulus_inst3/txdata_reg_reg[30]/C is not reached by a timing clock
Related violations: <none>

TIMING-17#830 Warning
Non-clocked sequential cell  
The clock pin mgt/mgt/example_stimulus_inst3/txdata_reg_reg[31]/C is not reached by a timing clock
Related violations: <none>

TIMING-17#831 Warning
Non-clocked sequential cell  
The clock pin mgt/mgt/example_stimulus_inst3/txdata_reg_reg[3]/C is not reached by a timing clock
Related violations: <none>

TIMING-17#832 Warning
Non-clocked sequential cell  
The clock pin mgt/mgt/example_stimulus_inst3/txdata_reg_reg[4]/C is not reached by a timing clock
Related violations: <none>

TIMING-17#833 Warning
Non-clocked sequential cell  
The clock pin mgt/mgt/example_stimulus_inst3/txdata_reg_reg[5]/C is not reached by a timing clock
Related violations: <none>

TIMING-17#834 Warning
Non-clocked sequential cell  
The clock pin mgt/mgt/example_stimulus_inst3/txdata_reg_reg[6]/C is not reached by a timing clock
Related violations: <none>

TIMING-17#835 Warning
Non-clocked sequential cell  
The clock pin mgt/mgt/example_stimulus_inst3/txdata_reg_reg[7]/C is not reached by a timing clock
Related violations: <none>

TIMING-17#836 Warning
Non-clocked sequential cell  
The clock pin mgt/mgt/example_stimulus_inst3/txdata_reg_reg[8]/C is not reached by a timing clock
Related violations: <none>

TIMING-17#837 Warning
Non-clocked sequential cell  
The clock pin mgt/mgt/example_stimulus_inst3/txdata_reg_reg[9]/C is not reached by a timing clock
Related violations: <none>

TIMING-17#838 Warning
Non-clocked sequential cell  
The clock pin mgt/mgt/example_stimulus_inst4/example_stimulus_reset_synchronizer_inst/rst_in_meta_reg/C is not reached by a timing clock
Related violations: <none>

TIMING-17#839 Warning
Non-clocked sequential cell  
The clock pin mgt/mgt/example_stimulus_inst4/example_stimulus_reset_synchronizer_inst/rst_in_out_reg/C is not reached by a timing clock
Related violations: <none>

TIMING-17#840 Warning
Non-clocked sequential cell  
The clock pin mgt/mgt/example_stimulus_inst4/example_stimulus_reset_synchronizer_inst/rst_in_sync1_reg/C is not reached by a timing clock
Related violations: <none>

TIMING-17#841 Warning
Non-clocked sequential cell  
The clock pin mgt/mgt/example_stimulus_inst4/example_stimulus_reset_synchronizer_inst/rst_in_sync2_reg/C is not reached by a timing clock
Related violations: <none>

TIMING-17#842 Warning
Non-clocked sequential cell  
The clock pin mgt/mgt/example_stimulus_inst4/example_stimulus_reset_synchronizer_inst/rst_in_sync3_reg/C is not reached by a timing clock
Related violations: <none>

TIMING-17#843 Warning
Non-clocked sequential cell  
The clock pin mgt/mgt/example_stimulus_inst4/prbs_any_gen_inst/DATA_OUT_reg[0]/C is not reached by a timing clock
Related violations: <none>

TIMING-17#844 Warning
Non-clocked sequential cell  
The clock pin mgt/mgt/example_stimulus_inst4/prbs_any_gen_inst/DATA_OUT_reg[10]/C is not reached by a timing clock
Related violations: <none>

TIMING-17#845 Warning
Non-clocked sequential cell  
The clock pin mgt/mgt/example_stimulus_inst4/prbs_any_gen_inst/DATA_OUT_reg[11]/C is not reached by a timing clock
Related violations: <none>

TIMING-17#846 Warning
Non-clocked sequential cell  
The clock pin mgt/mgt/example_stimulus_inst4/prbs_any_gen_inst/DATA_OUT_reg[12]/C is not reached by a timing clock
Related violations: <none>

TIMING-17#847 Warning
Non-clocked sequential cell  
The clock pin mgt/mgt/example_stimulus_inst4/prbs_any_gen_inst/DATA_OUT_reg[13]/C is not reached by a timing clock
Related violations: <none>

TIMING-17#848 Warning
Non-clocked sequential cell  
The clock pin mgt/mgt/example_stimulus_inst4/prbs_any_gen_inst/DATA_OUT_reg[14]/C is not reached by a timing clock
Related violations: <none>

TIMING-17#849 Warning
Non-clocked sequential cell  
The clock pin mgt/mgt/example_stimulus_inst4/prbs_any_gen_inst/DATA_OUT_reg[15]/C is not reached by a timing clock
Related violations: <none>

TIMING-17#850 Warning
Non-clocked sequential cell  
The clock pin mgt/mgt/example_stimulus_inst4/prbs_any_gen_inst/DATA_OUT_reg[16]/C is not reached by a timing clock
Related violations: <none>

TIMING-17#851 Warning
Non-clocked sequential cell  
The clock pin mgt/mgt/example_stimulus_inst4/prbs_any_gen_inst/DATA_OUT_reg[17]/C is not reached by a timing clock
Related violations: <none>

TIMING-17#852 Warning
Non-clocked sequential cell  
The clock pin mgt/mgt/example_stimulus_inst4/prbs_any_gen_inst/DATA_OUT_reg[18]/C is not reached by a timing clock
Related violations: <none>

TIMING-17#853 Warning
Non-clocked sequential cell  
The clock pin mgt/mgt/example_stimulus_inst4/prbs_any_gen_inst/DATA_OUT_reg[19]/C is not reached by a timing clock
Related violations: <none>

TIMING-17#854 Warning
Non-clocked sequential cell  
The clock pin mgt/mgt/example_stimulus_inst4/prbs_any_gen_inst/DATA_OUT_reg[1]/C is not reached by a timing clock
Related violations: <none>

TIMING-17#855 Warning
Non-clocked sequential cell  
The clock pin mgt/mgt/example_stimulus_inst4/prbs_any_gen_inst/DATA_OUT_reg[20]/C is not reached by a timing clock
Related violations: <none>

TIMING-17#856 Warning
Non-clocked sequential cell  
The clock pin mgt/mgt/example_stimulus_inst4/prbs_any_gen_inst/DATA_OUT_reg[21]/C is not reached by a timing clock
Related violations: <none>

TIMING-17#857 Warning
Non-clocked sequential cell  
The clock pin mgt/mgt/example_stimulus_inst4/prbs_any_gen_inst/DATA_OUT_reg[22]/C is not reached by a timing clock
Related violations: <none>

TIMING-17#858 Warning
Non-clocked sequential cell  
The clock pin mgt/mgt/example_stimulus_inst4/prbs_any_gen_inst/DATA_OUT_reg[23]/C is not reached by a timing clock
Related violations: <none>

TIMING-17#859 Warning
Non-clocked sequential cell  
The clock pin mgt/mgt/example_stimulus_inst4/prbs_any_gen_inst/DATA_OUT_reg[24]/C is not reached by a timing clock
Related violations: <none>

TIMING-17#860 Warning
Non-clocked sequential cell  
The clock pin mgt/mgt/example_stimulus_inst4/prbs_any_gen_inst/DATA_OUT_reg[25]/C is not reached by a timing clock
Related violations: <none>

TIMING-17#861 Warning
Non-clocked sequential cell  
The clock pin mgt/mgt/example_stimulus_inst4/prbs_any_gen_inst/DATA_OUT_reg[26]/C is not reached by a timing clock
Related violations: <none>

TIMING-17#862 Warning
Non-clocked sequential cell  
The clock pin mgt/mgt/example_stimulus_inst4/prbs_any_gen_inst/DATA_OUT_reg[27]/C is not reached by a timing clock
Related violations: <none>

TIMING-17#863 Warning
Non-clocked sequential cell  
The clock pin mgt/mgt/example_stimulus_inst4/prbs_any_gen_inst/DATA_OUT_reg[28]/C is not reached by a timing clock
Related violations: <none>

TIMING-17#864 Warning
Non-clocked sequential cell  
The clock pin mgt/mgt/example_stimulus_inst4/prbs_any_gen_inst/DATA_OUT_reg[29]/C is not reached by a timing clock
Related violations: <none>

TIMING-17#865 Warning
Non-clocked sequential cell  
The clock pin mgt/mgt/example_stimulus_inst4/prbs_any_gen_inst/DATA_OUT_reg[2]/C is not reached by a timing clock
Related violations: <none>

TIMING-17#866 Warning
Non-clocked sequential cell  
The clock pin mgt/mgt/example_stimulus_inst4/prbs_any_gen_inst/DATA_OUT_reg[30]/C is not reached by a timing clock
Related violations: <none>

TIMING-17#867 Warning
Non-clocked sequential cell  
The clock pin mgt/mgt/example_stimulus_inst4/prbs_any_gen_inst/DATA_OUT_reg[31]/C is not reached by a timing clock
Related violations: <none>

TIMING-17#868 Warning
Non-clocked sequential cell  
The clock pin mgt/mgt/example_stimulus_inst4/prbs_any_gen_inst/DATA_OUT_reg[3]/C is not reached by a timing clock
Related violations: <none>

TIMING-17#869 Warning
Non-clocked sequential cell  
The clock pin mgt/mgt/example_stimulus_inst4/prbs_any_gen_inst/DATA_OUT_reg[4]/C is not reached by a timing clock
Related violations: <none>

TIMING-17#870 Warning
Non-clocked sequential cell  
The clock pin mgt/mgt/example_stimulus_inst4/prbs_any_gen_inst/DATA_OUT_reg[5]/C is not reached by a timing clock
Related violations: <none>

TIMING-17#871 Warning
Non-clocked sequential cell  
The clock pin mgt/mgt/example_stimulus_inst4/prbs_any_gen_inst/DATA_OUT_reg[6]/C is not reached by a timing clock
Related violations: <none>

TIMING-17#872 Warning
Non-clocked sequential cell  
The clock pin mgt/mgt/example_stimulus_inst4/prbs_any_gen_inst/DATA_OUT_reg[7]/C is not reached by a timing clock
Related violations: <none>

TIMING-17#873 Warning
Non-clocked sequential cell  
The clock pin mgt/mgt/example_stimulus_inst4/prbs_any_gen_inst/DATA_OUT_reg[8]/C is not reached by a timing clock
Related violations: <none>

TIMING-17#874 Warning
Non-clocked sequential cell  
The clock pin mgt/mgt/example_stimulus_inst4/prbs_any_gen_inst/DATA_OUT_reg[9]/C is not reached by a timing clock
Related violations: <none>

TIMING-17#875 Warning
Non-clocked sequential cell  
The clock pin mgt/mgt/example_stimulus_inst4/prbs_any_gen_inst/prbs_reg_reg[10]/C is not reached by a timing clock
Related violations: <none>

TIMING-17#876 Warning
Non-clocked sequential cell  
The clock pin mgt/mgt/example_stimulus_inst4/prbs_any_gen_inst/prbs_reg_reg[11]/C is not reached by a timing clock
Related violations: <none>

TIMING-17#877 Warning
Non-clocked sequential cell  
The clock pin mgt/mgt/example_stimulus_inst4/prbs_any_gen_inst/prbs_reg_reg[12]/C is not reached by a timing clock
Related violations: <none>

TIMING-17#878 Warning
Non-clocked sequential cell  
The clock pin mgt/mgt/example_stimulus_inst4/prbs_any_gen_inst/prbs_reg_reg[13]/C is not reached by a timing clock
Related violations: <none>

TIMING-17#879 Warning
Non-clocked sequential cell  
The clock pin mgt/mgt/example_stimulus_inst4/prbs_any_gen_inst/prbs_reg_reg[14]/C is not reached by a timing clock
Related violations: <none>

TIMING-17#880 Warning
Non-clocked sequential cell  
The clock pin mgt/mgt/example_stimulus_inst4/prbs_any_gen_inst/prbs_reg_reg[15]/C is not reached by a timing clock
Related violations: <none>

TIMING-17#881 Warning
Non-clocked sequential cell  
The clock pin mgt/mgt/example_stimulus_inst4/prbs_any_gen_inst/prbs_reg_reg[16]/C is not reached by a timing clock
Related violations: <none>

TIMING-17#882 Warning
Non-clocked sequential cell  
The clock pin mgt/mgt/example_stimulus_inst4/prbs_any_gen_inst/prbs_reg_reg[17]/C is not reached by a timing clock
Related violations: <none>

TIMING-17#883 Warning
Non-clocked sequential cell  
The clock pin mgt/mgt/example_stimulus_inst4/prbs_any_gen_inst/prbs_reg_reg[18]/C is not reached by a timing clock
Related violations: <none>

TIMING-17#884 Warning
Non-clocked sequential cell  
The clock pin mgt/mgt/example_stimulus_inst4/prbs_any_gen_inst/prbs_reg_reg[19]/C is not reached by a timing clock
Related violations: <none>

TIMING-17#885 Warning
Non-clocked sequential cell  
The clock pin mgt/mgt/example_stimulus_inst4/prbs_any_gen_inst/prbs_reg_reg[1]/C is not reached by a timing clock
Related violations: <none>

TIMING-17#886 Warning
Non-clocked sequential cell  
The clock pin mgt/mgt/example_stimulus_inst4/prbs_any_gen_inst/prbs_reg_reg[20]/C is not reached by a timing clock
Related violations: <none>

TIMING-17#887 Warning
Non-clocked sequential cell  
The clock pin mgt/mgt/example_stimulus_inst4/prbs_any_gen_inst/prbs_reg_reg[21]/C is not reached by a timing clock
Related violations: <none>

TIMING-17#888 Warning
Non-clocked sequential cell  
The clock pin mgt/mgt/example_stimulus_inst4/prbs_any_gen_inst/prbs_reg_reg[22]/C is not reached by a timing clock
Related violations: <none>

TIMING-17#889 Warning
Non-clocked sequential cell  
The clock pin mgt/mgt/example_stimulus_inst4/prbs_any_gen_inst/prbs_reg_reg[23]/C is not reached by a timing clock
Related violations: <none>

TIMING-17#890 Warning
Non-clocked sequential cell  
The clock pin mgt/mgt/example_stimulus_inst4/prbs_any_gen_inst/prbs_reg_reg[24]/C is not reached by a timing clock
Related violations: <none>

TIMING-17#891 Warning
Non-clocked sequential cell  
The clock pin mgt/mgt/example_stimulus_inst4/prbs_any_gen_inst/prbs_reg_reg[25]/C is not reached by a timing clock
Related violations: <none>

TIMING-17#892 Warning
Non-clocked sequential cell  
The clock pin mgt/mgt/example_stimulus_inst4/prbs_any_gen_inst/prbs_reg_reg[26]/C is not reached by a timing clock
Related violations: <none>

TIMING-17#893 Warning
Non-clocked sequential cell  
The clock pin mgt/mgt/example_stimulus_inst4/prbs_any_gen_inst/prbs_reg_reg[27]/C is not reached by a timing clock
Related violations: <none>

TIMING-17#894 Warning
Non-clocked sequential cell  
The clock pin mgt/mgt/example_stimulus_inst4/prbs_any_gen_inst/prbs_reg_reg[28]/C is not reached by a timing clock
Related violations: <none>

TIMING-17#895 Warning
Non-clocked sequential cell  
The clock pin mgt/mgt/example_stimulus_inst4/prbs_any_gen_inst/prbs_reg_reg[29]/C is not reached by a timing clock
Related violations: <none>

TIMING-17#896 Warning
Non-clocked sequential cell  
The clock pin mgt/mgt/example_stimulus_inst4/prbs_any_gen_inst/prbs_reg_reg[2]/C is not reached by a timing clock
Related violations: <none>

TIMING-17#897 Warning
Non-clocked sequential cell  
The clock pin mgt/mgt/example_stimulus_inst4/prbs_any_gen_inst/prbs_reg_reg[30]/C is not reached by a timing clock
Related violations: <none>

TIMING-17#898 Warning
Non-clocked sequential cell  
The clock pin mgt/mgt/example_stimulus_inst4/prbs_any_gen_inst/prbs_reg_reg[31]/C is not reached by a timing clock
Related violations: <none>

TIMING-17#899 Warning
Non-clocked sequential cell  
The clock pin mgt/mgt/example_stimulus_inst4/prbs_any_gen_inst/prbs_reg_reg[3]/C is not reached by a timing clock
Related violations: <none>

TIMING-17#900 Warning
Non-clocked sequential cell  
The clock pin mgt/mgt/example_stimulus_inst4/prbs_any_gen_inst/prbs_reg_reg[4]/C is not reached by a timing clock
Related violations: <none>

TIMING-17#901 Warning
Non-clocked sequential cell  
The clock pin mgt/mgt/example_stimulus_inst4/prbs_any_gen_inst/prbs_reg_reg[5]/C is not reached by a timing clock
Related violations: <none>

TIMING-17#902 Warning
Non-clocked sequential cell  
The clock pin mgt/mgt/example_stimulus_inst4/prbs_any_gen_inst/prbs_reg_reg[6]/C is not reached by a timing clock
Related violations: <none>

TIMING-17#903 Warning
Non-clocked sequential cell  
The clock pin mgt/mgt/example_stimulus_inst4/prbs_any_gen_inst/prbs_reg_reg[7]/C is not reached by a timing clock
Related violations: <none>

TIMING-17#904 Warning
Non-clocked sequential cell  
The clock pin mgt/mgt/example_stimulus_inst4/prbs_any_gen_inst/prbs_reg_reg[8]/C is not reached by a timing clock
Related violations: <none>

TIMING-17#905 Warning
Non-clocked sequential cell  
The clock pin mgt/mgt/example_stimulus_inst4/prbs_any_gen_inst/prbs_reg_reg[9]/C is not reached by a timing clock
Related violations: <none>

TIMING-17#906 Warning
Non-clocked sequential cell  
The clock pin mgt/mgt/example_stimulus_inst4/prbs_slt_ctr_reg[0]/C is not reached by a timing clock
Related violations: <none>

TIMING-17#907 Warning
Non-clocked sequential cell  
The clock pin mgt/mgt/example_stimulus_inst4/prbs_slt_ctr_reg[1]/C is not reached by a timing clock
Related violations: <none>

TIMING-17#908 Warning
Non-clocked sequential cell  
The clock pin mgt/mgt/example_stimulus_inst4/prbs_slt_ctr_reg[2]/C is not reached by a timing clock
Related violations: <none>

TIMING-17#909 Warning
Non-clocked sequential cell  
The clock pin mgt/mgt/example_stimulus_inst4/prbs_slt_ctr_reg[3]/C is not reached by a timing clock
Related violations: <none>

TIMING-17#910 Warning
Non-clocked sequential cell  
The clock pin mgt/mgt/example_stimulus_inst4/prbs_slt_ctr_reg[4]/C is not reached by a timing clock
Related violations: <none>

TIMING-17#911 Warning
Non-clocked sequential cell  
The clock pin mgt/mgt/example_stimulus_inst4/prbs_slt_ctr_reg[5]/C is not reached by a timing clock
Related violations: <none>

TIMING-17#912 Warning
Non-clocked sequential cell  
The clock pin mgt/mgt/example_stimulus_inst4/prbs_slt_ctr_reg[6]/C is not reached by a timing clock
Related violations: <none>

TIMING-17#913 Warning
Non-clocked sequential cell  
The clock pin mgt/mgt/example_stimulus_inst4/prbs_slt_ctr_reg[7]/C is not reached by a timing clock
Related violations: <none>

TIMING-17#914 Warning
Non-clocked sequential cell  
The clock pin mgt/mgt/example_stimulus_inst4/prbs_slt_ctr_reg[8]/C is not reached by a timing clock
Related violations: <none>

TIMING-17#915 Warning
Non-clocked sequential cell  
The clock pin mgt/mgt/example_stimulus_inst4/prbs_slt_ctr_reg[9]/C is not reached by a timing clock
Related violations: <none>

TIMING-17#916 Warning
Non-clocked sequential cell  
The clock pin mgt/mgt/example_stimulus_inst4/txctrl2_reg_reg[3]/C is not reached by a timing clock
Related violations: <none>

TIMING-17#917 Warning
Non-clocked sequential cell  
The clock pin mgt/mgt/example_stimulus_inst4/txdata_reg_reg[0]/C is not reached by a timing clock
Related violations: <none>

TIMING-17#918 Warning
Non-clocked sequential cell  
The clock pin mgt/mgt/example_stimulus_inst4/txdata_reg_reg[10]/C is not reached by a timing clock
Related violations: <none>

TIMING-17#919 Warning
Non-clocked sequential cell  
The clock pin mgt/mgt/example_stimulus_inst4/txdata_reg_reg[11]/C is not reached by a timing clock
Related violations: <none>

TIMING-17#920 Warning
Non-clocked sequential cell  
The clock pin mgt/mgt/example_stimulus_inst4/txdata_reg_reg[12]/C is not reached by a timing clock
Related violations: <none>

TIMING-17#921 Warning
Non-clocked sequential cell  
The clock pin mgt/mgt/example_stimulus_inst4/txdata_reg_reg[13]/C is not reached by a timing clock
Related violations: <none>

TIMING-17#922 Warning
Non-clocked sequential cell  
The clock pin mgt/mgt/example_stimulus_inst4/txdata_reg_reg[14]/C is not reached by a timing clock
Related violations: <none>

TIMING-17#923 Warning
Non-clocked sequential cell  
The clock pin mgt/mgt/example_stimulus_inst4/txdata_reg_reg[15]/C is not reached by a timing clock
Related violations: <none>

TIMING-17#924 Warning
Non-clocked sequential cell  
The clock pin mgt/mgt/example_stimulus_inst4/txdata_reg_reg[16]/C is not reached by a timing clock
Related violations: <none>

TIMING-17#925 Warning
Non-clocked sequential cell  
The clock pin mgt/mgt/example_stimulus_inst4/txdata_reg_reg[17]/C is not reached by a timing clock
Related violations: <none>

TIMING-17#926 Warning
Non-clocked sequential cell  
The clock pin mgt/mgt/example_stimulus_inst4/txdata_reg_reg[18]/C is not reached by a timing clock
Related violations: <none>

TIMING-17#927 Warning
Non-clocked sequential cell  
The clock pin mgt/mgt/example_stimulus_inst4/txdata_reg_reg[19]/C is not reached by a timing clock
Related violations: <none>

TIMING-17#928 Warning
Non-clocked sequential cell  
The clock pin mgt/mgt/example_stimulus_inst4/txdata_reg_reg[1]/C is not reached by a timing clock
Related violations: <none>

TIMING-17#929 Warning
Non-clocked sequential cell  
The clock pin mgt/mgt/example_stimulus_inst4/txdata_reg_reg[20]/C is not reached by a timing clock
Related violations: <none>

TIMING-17#930 Warning
Non-clocked sequential cell  
The clock pin mgt/mgt/example_stimulus_inst4/txdata_reg_reg[21]/C is not reached by a timing clock
Related violations: <none>

TIMING-17#931 Warning
Non-clocked sequential cell  
The clock pin mgt/mgt/example_stimulus_inst4/txdata_reg_reg[22]/C is not reached by a timing clock
Related violations: <none>

TIMING-17#932 Warning
Non-clocked sequential cell  
The clock pin mgt/mgt/example_stimulus_inst4/txdata_reg_reg[23]/C is not reached by a timing clock
Related violations: <none>

TIMING-17#933 Warning
Non-clocked sequential cell  
The clock pin mgt/mgt/example_stimulus_inst4/txdata_reg_reg[24]/C is not reached by a timing clock
Related violations: <none>

TIMING-17#934 Warning
Non-clocked sequential cell  
The clock pin mgt/mgt/example_stimulus_inst4/txdata_reg_reg[25]/C is not reached by a timing clock
Related violations: <none>

TIMING-17#935 Warning
Non-clocked sequential cell  
The clock pin mgt/mgt/example_stimulus_inst4/txdata_reg_reg[26]/C is not reached by a timing clock
Related violations: <none>

TIMING-17#936 Warning
Non-clocked sequential cell  
The clock pin mgt/mgt/example_stimulus_inst4/txdata_reg_reg[27]/C is not reached by a timing clock
Related violations: <none>

TIMING-17#937 Warning
Non-clocked sequential cell  
The clock pin mgt/mgt/example_stimulus_inst4/txdata_reg_reg[28]/C is not reached by a timing clock
Related violations: <none>

TIMING-17#938 Warning
Non-clocked sequential cell  
The clock pin mgt/mgt/example_stimulus_inst4/txdata_reg_reg[29]/C is not reached by a timing clock
Related violations: <none>

TIMING-17#939 Warning
Non-clocked sequential cell  
The clock pin mgt/mgt/example_stimulus_inst4/txdata_reg_reg[2]/C is not reached by a timing clock
Related violations: <none>

TIMING-17#940 Warning
Non-clocked sequential cell  
The clock pin mgt/mgt/example_stimulus_inst4/txdata_reg_reg[30]/C is not reached by a timing clock
Related violations: <none>

TIMING-17#941 Warning
Non-clocked sequential cell  
The clock pin mgt/mgt/example_stimulus_inst4/txdata_reg_reg[31]/C is not reached by a timing clock
Related violations: <none>

TIMING-17#942 Warning
Non-clocked sequential cell  
The clock pin mgt/mgt/example_stimulus_inst4/txdata_reg_reg[3]/C is not reached by a timing clock
Related violations: <none>

TIMING-17#943 Warning
Non-clocked sequential cell  
The clock pin mgt/mgt/example_stimulus_inst4/txdata_reg_reg[4]/C is not reached by a timing clock
Related violations: <none>

TIMING-17#944 Warning
Non-clocked sequential cell  
The clock pin mgt/mgt/example_stimulus_inst4/txdata_reg_reg[5]/C is not reached by a timing clock
Related violations: <none>

TIMING-17#945 Warning
Non-clocked sequential cell  
The clock pin mgt/mgt/example_stimulus_inst4/txdata_reg_reg[6]/C is not reached by a timing clock
Related violations: <none>

TIMING-17#946 Warning
Non-clocked sequential cell  
The clock pin mgt/mgt/example_stimulus_inst4/txdata_reg_reg[7]/C is not reached by a timing clock
Related violations: <none>

TIMING-17#947 Warning
Non-clocked sequential cell  
The clock pin mgt/mgt/example_stimulus_inst4/txdata_reg_reg[8]/C is not reached by a timing clock
Related violations: <none>

TIMING-17#948 Warning
Non-clocked sequential cell  
The clock pin mgt/mgt/example_stimulus_inst4/txdata_reg_reg[9]/C is not reached by a timing clock
Related violations: <none>

TIMING-17#949 Warning
Non-clocked sequential cell  
The clock pin mgt/mgt/example_stimulus_inst5/example_stimulus_reset_synchronizer_inst/rst_in_meta_reg/C is not reached by a timing clock
Related violations: <none>

TIMING-17#950 Warning
Non-clocked sequential cell  
The clock pin mgt/mgt/example_stimulus_inst5/example_stimulus_reset_synchronizer_inst/rst_in_out_reg/C is not reached by a timing clock
Related violations: <none>

TIMING-17#951 Warning
Non-clocked sequential cell  
The clock pin mgt/mgt/example_stimulus_inst5/example_stimulus_reset_synchronizer_inst/rst_in_sync1_reg/C is not reached by a timing clock
Related violations: <none>

TIMING-17#952 Warning
Non-clocked sequential cell  
The clock pin mgt/mgt/example_stimulus_inst5/example_stimulus_reset_synchronizer_inst/rst_in_sync2_reg/C is not reached by a timing clock
Related violations: <none>

TIMING-17#953 Warning
Non-clocked sequential cell  
The clock pin mgt/mgt/example_stimulus_inst5/example_stimulus_reset_synchronizer_inst/rst_in_sync3_reg/C is not reached by a timing clock
Related violations: <none>

TIMING-17#954 Warning
Non-clocked sequential cell  
The clock pin mgt/mgt/example_stimulus_inst5/prbs_any_gen_inst/DATA_OUT_reg[0]/C is not reached by a timing clock
Related violations: <none>

TIMING-17#955 Warning
Non-clocked sequential cell  
The clock pin mgt/mgt/example_stimulus_inst5/prbs_any_gen_inst/DATA_OUT_reg[10]/C is not reached by a timing clock
Related violations: <none>

TIMING-17#956 Warning
Non-clocked sequential cell  
The clock pin mgt/mgt/example_stimulus_inst5/prbs_any_gen_inst/DATA_OUT_reg[11]/C is not reached by a timing clock
Related violations: <none>

TIMING-17#957 Warning
Non-clocked sequential cell  
The clock pin mgt/mgt/example_stimulus_inst5/prbs_any_gen_inst/DATA_OUT_reg[12]/C is not reached by a timing clock
Related violations: <none>

TIMING-17#958 Warning
Non-clocked sequential cell  
The clock pin mgt/mgt/example_stimulus_inst5/prbs_any_gen_inst/DATA_OUT_reg[13]/C is not reached by a timing clock
Related violations: <none>

TIMING-17#959 Warning
Non-clocked sequential cell  
The clock pin mgt/mgt/example_stimulus_inst5/prbs_any_gen_inst/DATA_OUT_reg[14]/C is not reached by a timing clock
Related violations: <none>

TIMING-17#960 Warning
Non-clocked sequential cell  
The clock pin mgt/mgt/example_stimulus_inst5/prbs_any_gen_inst/DATA_OUT_reg[15]/C is not reached by a timing clock
Related violations: <none>

TIMING-17#961 Warning
Non-clocked sequential cell  
The clock pin mgt/mgt/example_stimulus_inst5/prbs_any_gen_inst/DATA_OUT_reg[16]/C is not reached by a timing clock
Related violations: <none>

TIMING-17#962 Warning
Non-clocked sequential cell  
The clock pin mgt/mgt/example_stimulus_inst5/prbs_any_gen_inst/DATA_OUT_reg[17]/C is not reached by a timing clock
Related violations: <none>

TIMING-17#963 Warning
Non-clocked sequential cell  
The clock pin mgt/mgt/example_stimulus_inst5/prbs_any_gen_inst/DATA_OUT_reg[18]/C is not reached by a timing clock
Related violations: <none>

TIMING-17#964 Warning
Non-clocked sequential cell  
The clock pin mgt/mgt/example_stimulus_inst5/prbs_any_gen_inst/DATA_OUT_reg[19]/C is not reached by a timing clock
Related violations: <none>

TIMING-17#965 Warning
Non-clocked sequential cell  
The clock pin mgt/mgt/example_stimulus_inst5/prbs_any_gen_inst/DATA_OUT_reg[1]/C is not reached by a timing clock
Related violations: <none>

TIMING-17#966 Warning
Non-clocked sequential cell  
The clock pin mgt/mgt/example_stimulus_inst5/prbs_any_gen_inst/DATA_OUT_reg[20]/C is not reached by a timing clock
Related violations: <none>

TIMING-17#967 Warning
Non-clocked sequential cell  
The clock pin mgt/mgt/example_stimulus_inst5/prbs_any_gen_inst/DATA_OUT_reg[21]/C is not reached by a timing clock
Related violations: <none>

TIMING-17#968 Warning
Non-clocked sequential cell  
The clock pin mgt/mgt/example_stimulus_inst5/prbs_any_gen_inst/DATA_OUT_reg[22]/C is not reached by a timing clock
Related violations: <none>

TIMING-17#969 Warning
Non-clocked sequential cell  
The clock pin mgt/mgt/example_stimulus_inst5/prbs_any_gen_inst/DATA_OUT_reg[23]/C is not reached by a timing clock
Related violations: <none>

TIMING-17#970 Warning
Non-clocked sequential cell  
The clock pin mgt/mgt/example_stimulus_inst5/prbs_any_gen_inst/DATA_OUT_reg[24]/C is not reached by a timing clock
Related violations: <none>

TIMING-17#971 Warning
Non-clocked sequential cell  
The clock pin mgt/mgt/example_stimulus_inst5/prbs_any_gen_inst/DATA_OUT_reg[25]/C is not reached by a timing clock
Related violations: <none>

TIMING-17#972 Warning
Non-clocked sequential cell  
The clock pin mgt/mgt/example_stimulus_inst5/prbs_any_gen_inst/DATA_OUT_reg[26]/C is not reached by a timing clock
Related violations: <none>

TIMING-17#973 Warning
Non-clocked sequential cell  
The clock pin mgt/mgt/example_stimulus_inst5/prbs_any_gen_inst/DATA_OUT_reg[27]/C is not reached by a timing clock
Related violations: <none>

TIMING-17#974 Warning
Non-clocked sequential cell  
The clock pin mgt/mgt/example_stimulus_inst5/prbs_any_gen_inst/DATA_OUT_reg[28]/C is not reached by a timing clock
Related violations: <none>

TIMING-17#975 Warning
Non-clocked sequential cell  
The clock pin mgt/mgt/example_stimulus_inst5/prbs_any_gen_inst/DATA_OUT_reg[29]/C is not reached by a timing clock
Related violations: <none>

TIMING-17#976 Warning
Non-clocked sequential cell  
The clock pin mgt/mgt/example_stimulus_inst5/prbs_any_gen_inst/DATA_OUT_reg[2]/C is not reached by a timing clock
Related violations: <none>

TIMING-17#977 Warning
Non-clocked sequential cell  
The clock pin mgt/mgt/example_stimulus_inst5/prbs_any_gen_inst/DATA_OUT_reg[30]/C is not reached by a timing clock
Related violations: <none>

TIMING-17#978 Warning
Non-clocked sequential cell  
The clock pin mgt/mgt/example_stimulus_inst5/prbs_any_gen_inst/DATA_OUT_reg[31]/C is not reached by a timing clock
Related violations: <none>

TIMING-17#979 Warning
Non-clocked sequential cell  
The clock pin mgt/mgt/example_stimulus_inst5/prbs_any_gen_inst/DATA_OUT_reg[3]/C is not reached by a timing clock
Related violations: <none>

TIMING-17#980 Warning
Non-clocked sequential cell  
The clock pin mgt/mgt/example_stimulus_inst5/prbs_any_gen_inst/DATA_OUT_reg[4]/C is not reached by a timing clock
Related violations: <none>

TIMING-17#981 Warning
Non-clocked sequential cell  
The clock pin mgt/mgt/example_stimulus_inst5/prbs_any_gen_inst/DATA_OUT_reg[5]/C is not reached by a timing clock
Related violations: <none>

TIMING-17#982 Warning
Non-clocked sequential cell  
The clock pin mgt/mgt/example_stimulus_inst5/prbs_any_gen_inst/DATA_OUT_reg[6]/C is not reached by a timing clock
Related violations: <none>

TIMING-17#983 Warning
Non-clocked sequential cell  
The clock pin mgt/mgt/example_stimulus_inst5/prbs_any_gen_inst/DATA_OUT_reg[7]/C is not reached by a timing clock
Related violations: <none>

TIMING-17#984 Warning
Non-clocked sequential cell  
The clock pin mgt/mgt/example_stimulus_inst5/prbs_any_gen_inst/DATA_OUT_reg[8]/C is not reached by a timing clock
Related violations: <none>

TIMING-17#985 Warning
Non-clocked sequential cell  
The clock pin mgt/mgt/example_stimulus_inst5/prbs_any_gen_inst/DATA_OUT_reg[9]/C is not reached by a timing clock
Related violations: <none>

TIMING-17#986 Warning
Non-clocked sequential cell  
The clock pin mgt/mgt/example_stimulus_inst5/prbs_any_gen_inst/prbs_reg_reg[10]/C is not reached by a timing clock
Related violations: <none>

TIMING-17#987 Warning
Non-clocked sequential cell  
The clock pin mgt/mgt/example_stimulus_inst5/prbs_any_gen_inst/prbs_reg_reg[11]/C is not reached by a timing clock
Related violations: <none>

TIMING-17#988 Warning
Non-clocked sequential cell  
The clock pin mgt/mgt/example_stimulus_inst5/prbs_any_gen_inst/prbs_reg_reg[12]/C is not reached by a timing clock
Related violations: <none>

TIMING-17#989 Warning
Non-clocked sequential cell  
The clock pin mgt/mgt/example_stimulus_inst5/prbs_any_gen_inst/prbs_reg_reg[13]/C is not reached by a timing clock
Related violations: <none>

TIMING-17#990 Warning
Non-clocked sequential cell  
The clock pin mgt/mgt/example_stimulus_inst5/prbs_any_gen_inst/prbs_reg_reg[14]/C is not reached by a timing clock
Related violations: <none>

TIMING-17#991 Warning
Non-clocked sequential cell  
The clock pin mgt/mgt/example_stimulus_inst5/prbs_any_gen_inst/prbs_reg_reg[15]/C is not reached by a timing clock
Related violations: <none>

TIMING-17#992 Warning
Non-clocked sequential cell  
The clock pin mgt/mgt/example_stimulus_inst5/prbs_any_gen_inst/prbs_reg_reg[16]/C is not reached by a timing clock
Related violations: <none>

TIMING-17#993 Warning
Non-clocked sequential cell  
The clock pin mgt/mgt/example_stimulus_inst5/prbs_any_gen_inst/prbs_reg_reg[17]/C is not reached by a timing clock
Related violations: <none>

TIMING-17#994 Warning
Non-clocked sequential cell  
The clock pin mgt/mgt/example_stimulus_inst5/prbs_any_gen_inst/prbs_reg_reg[18]/C is not reached by a timing clock
Related violations: <none>

TIMING-17#995 Warning
Non-clocked sequential cell  
The clock pin mgt/mgt/example_stimulus_inst5/prbs_any_gen_inst/prbs_reg_reg[19]/C is not reached by a timing clock
Related violations: <none>

TIMING-17#996 Warning
Non-clocked sequential cell  
The clock pin mgt/mgt/example_stimulus_inst5/prbs_any_gen_inst/prbs_reg_reg[1]/C is not reached by a timing clock
Related violations: <none>

TIMING-17#997 Warning
Non-clocked sequential cell  
The clock pin mgt/mgt/example_stimulus_inst5/prbs_any_gen_inst/prbs_reg_reg[20]/C is not reached by a timing clock
Related violations: <none>

TIMING-17#998 Warning
Non-clocked sequential cell  
The clock pin mgt/mgt/example_stimulus_inst5/prbs_any_gen_inst/prbs_reg_reg[21]/C is not reached by a timing clock
Related violations: <none>

TIMING-17#999 Warning
Non-clocked sequential cell  
The clock pin mgt/mgt/example_stimulus_inst5/prbs_any_gen_inst/prbs_reg_reg[22]/C is not reached by a timing clock
Related violations: <none>

TIMING-17#1000 Warning
Non-clocked sequential cell  
The clock pin mgt/mgt/example_stimulus_inst5/prbs_any_gen_inst/prbs_reg_reg[23]/C is not reached by a timing clock
Related violations: <none>

TIMING-20#1 Warning
Non-clocked latch  
The latch payload/sgen[0].sink/full_l_reg cannot be properly analyzed as its control pin payload/sgen[0].sink/full_l_reg/G is not reached by a timing clock
Related violations: <none>

TIMING-20#2 Warning
Non-clocked latch  
The latch payload/sgen[1].sink/full_l_reg cannot be properly analyzed as its control pin payload/sgen[1].sink/full_l_reg/G is not reached by a timing clock
Related violations: <none>

TIMING-20#3 Warning
Non-clocked latch  
The latch payload/sgen[2].sink/full_l_reg cannot be properly analyzed as its control pin payload/sgen[2].sink/full_l_reg/G is not reached by a timing clock
Related violations: <none>

TIMING-20#4 Warning
Non-clocked latch  
The latch payload/sgen[3].sink/full_l_reg cannot be properly analyzed as its control pin payload/sgen[3].sink/full_l_reg/G is not reached by a timing clock
Related violations: <none>

TIMING-26#1 Warning
Missing clock on gigabit transceiver (GT)  
The output clock pin mgt/mgt/example_wrapper_inst/fmc0_8chan_9g6_inst/inst/gen_gtwizard_gthe4_top.fmc0_8chan_9g6_gtwizard_gthe4_inst/gen_gtwizard_gthe4.gen_channel_container[25].gen_enabled_channel.gthe4_channel_wrapper_inst/channel_inst/gthe4_channel_gen.gen_gthe4_channel_inst[0].GTHE4_CHANNEL_PRIM_INST/RXOUTCLK does not have clock defined. Create a primary clock on the mgt_ref_clk_p input port in order to let Vivado auto-derive the missing GT clocks
Related violations: <none>

TIMING-26#2 Warning
Missing clock on gigabit transceiver (GT)  
The output clock pin mgt/mgt/example_wrapper_inst/fmc0_8chan_9g6_inst/inst/gen_gtwizard_gthe4_top.fmc0_8chan_9g6_gtwizard_gthe4_inst/gen_gtwizard_gthe4.gen_channel_container[25].gen_enabled_channel.gthe4_channel_wrapper_inst/channel_inst/gthe4_channel_gen.gen_gthe4_channel_inst[0].GTHE4_CHANNEL_PRIM_INST/RXOUTCLKPCS does not have clock defined. Create a primary clock on the mgt_ref_clk_p input port in order to let Vivado auto-derive the missing GT clocks
Related violations: <none>

TIMING-26#3 Warning
Missing clock on gigabit transceiver (GT)  
The output clock pin mgt/mgt/example_wrapper_inst/fmc0_8chan_9g6_inst/inst/gen_gtwizard_gthe4_top.fmc0_8chan_9g6_gtwizard_gthe4_inst/gen_gtwizard_gthe4.gen_channel_container[25].gen_enabled_channel.gthe4_channel_wrapper_inst/channel_inst/gthe4_channel_gen.gen_gthe4_channel_inst[0].GTHE4_CHANNEL_PRIM_INST/TXOUTCLK does not have clock defined. Create a primary clock on the mgt_ref_clk_p input port in order to let Vivado auto-derive the missing GT clocks
Related violations: <none>

TIMING-26#4 Warning
Missing clock on gigabit transceiver (GT)  
The output clock pin mgt/mgt/example_wrapper_inst/fmc0_8chan_9g6_inst/inst/gen_gtwizard_gthe4_top.fmc0_8chan_9g6_gtwizard_gthe4_inst/gen_gtwizard_gthe4.gen_channel_container[25].gen_enabled_channel.gthe4_channel_wrapper_inst/channel_inst/gthe4_channel_gen.gen_gthe4_channel_inst[1].GTHE4_CHANNEL_PRIM_INST/RXOUTCLKPCS does not have clock defined. Create a primary clock on the mgt_ref_clk_p input port in order to let Vivado auto-derive the missing GT clocks
Related violations: <none>

TIMING-26#5 Warning
Missing clock on gigabit transceiver (GT)  
The output clock pin mgt/mgt/example_wrapper_inst/fmc0_8chan_9g6_inst/inst/gen_gtwizard_gthe4_top.fmc0_8chan_9g6_gtwizard_gthe4_inst/gen_gtwizard_gthe4.gen_channel_container[25].gen_enabled_channel.gthe4_channel_wrapper_inst/channel_inst/gthe4_channel_gen.gen_gthe4_channel_inst[2].GTHE4_CHANNEL_PRIM_INST/RXOUTCLKPCS does not have clock defined. Create a primary clock on the mgt_ref_clk_p input port in order to let Vivado auto-derive the missing GT clocks
Related violations: <none>

TIMING-26#6 Warning
Missing clock on gigabit transceiver (GT)  
The output clock pin mgt/mgt/example_wrapper_inst/fmc0_8chan_9g6_inst/inst/gen_gtwizard_gthe4_top.fmc0_8chan_9g6_gtwizard_gthe4_inst/gen_gtwizard_gthe4.gen_channel_container[25].gen_enabled_channel.gthe4_channel_wrapper_inst/channel_inst/gthe4_channel_gen.gen_gthe4_channel_inst[3].GTHE4_CHANNEL_PRIM_INST/RXOUTCLKPCS does not have clock defined. Create a primary clock on the mgt_ref_clk_p input port in order to let Vivado auto-derive the missing GT clocks
Related violations: <none>

TIMING-26#7 Warning
Missing clock on gigabit transceiver (GT)  
The output clock pin mgt/mgt/example_wrapper_inst/fmc0_8chan_9g6_inst/inst/gen_gtwizard_gthe4_top.fmc0_8chan_9g6_gtwizard_gthe4_inst/gen_gtwizard_gthe4.gen_channel_container[26].gen_enabled_channel.gthe4_channel_wrapper_inst/channel_inst/gthe4_channel_gen.gen_gthe4_channel_inst[0].GTHE4_CHANNEL_PRIM_INST/RXOUTCLKPCS does not have clock defined. Create a primary clock on the mgt_ref_clk_p input port in order to let Vivado auto-derive the missing GT clocks
Related violations: <none>

TIMING-26#8 Warning
Missing clock on gigabit transceiver (GT)  
The output clock pin mgt/mgt/example_wrapper_inst/fmc0_8chan_9g6_inst/inst/gen_gtwizard_gthe4_top.fmc0_8chan_9g6_gtwizard_gthe4_inst/gen_gtwizard_gthe4.gen_channel_container[26].gen_enabled_channel.gthe4_channel_wrapper_inst/channel_inst/gthe4_channel_gen.gen_gthe4_channel_inst[1].GTHE4_CHANNEL_PRIM_INST/RXOUTCLKPCS does not have clock defined. Create a primary clock on the mgt_ref_clk_p input port in order to let Vivado auto-derive the missing GT clocks
Related violations: <none>

TIMING-26#9 Warning
Missing clock on gigabit transceiver (GT)  
The output clock pin mgt/mgt/example_wrapper_inst/fmc0_8chan_9g6_inst/inst/gen_gtwizard_gthe4_top.fmc0_8chan_9g6_gtwizard_gthe4_inst/gen_gtwizard_gthe4.gen_channel_container[26].gen_enabled_channel.gthe4_channel_wrapper_inst/channel_inst/gthe4_channel_gen.gen_gthe4_channel_inst[2].GTHE4_CHANNEL_PRIM_INST/RXOUTCLKPCS does not have clock defined. Create a primary clock on the mgt_ref_clk_p input port in order to let Vivado auto-derive the missing GT clocks
Related violations: <none>

TIMING-26#10 Warning
Missing clock on gigabit transceiver (GT)  
The output clock pin mgt/mgt/example_wrapper_inst/fmc0_8chan_9g6_inst/inst/gen_gtwizard_gthe4_top.fmc0_8chan_9g6_gtwizard_gthe4_inst/gen_gtwizard_gthe4.gen_channel_container[26].gen_enabled_channel.gthe4_channel_wrapper_inst/channel_inst/gthe4_channel_gen.gen_gthe4_channel_inst[3].GTHE4_CHANNEL_PRIM_INST/RXOUTCLKPCS does not have clock defined. Create a primary clock on the mgt_ref_clk_p input port in order to let Vivado auto-derive the missing GT clocks
Related violations: <none>

TIMING-26#11 Warning
Missing clock on gigabit transceiver (GT)  
The output clock pin mgt/mgt/example_wrapper_inst/fmc0_8chan_9g6_inst/inst/gen_gtwizard_gthe4_top.fmc0_8chan_9g6_gtwizard_gthe4_inst/gen_gtwizard_gthe4.gen_common.gen_common_container[25].gen_enabled_common.gthe4_common_wrapper_inst/common_inst/gthe4_common_gen.GTHE4_COMMON_PRIM_INST/QPLL1OUTCLK does not have clock defined. Create a primary clock on the mgt_ref_clk_p input port in order to let Vivado auto-derive the missing GT clocks
Related violations: <none>

TIMING-26#12 Warning
Missing clock on gigabit transceiver (GT)  
The output clock pin mgt/mgt/example_wrapper_inst/fmc0_8chan_9g6_inst/inst/gen_gtwizard_gthe4_top.fmc0_8chan_9g6_gtwizard_gthe4_inst/gen_gtwizard_gthe4.gen_common.gen_common_container[25].gen_enabled_common.gthe4_common_wrapper_inst/common_inst/gthe4_common_gen.GTHE4_COMMON_PRIM_INST/QPLL1OUTREFCLK does not have clock defined. Create a primary clock on the mgt_ref_clk_p input port in order to let Vivado auto-derive the missing GT clocks
Related violations: <none>

TIMING-26#13 Warning
Missing clock on gigabit transceiver (GT)  
The output clock pin mgt/mgt/example_wrapper_inst/fmc0_8chan_9g6_inst/inst/gen_gtwizard_gthe4_top.fmc0_8chan_9g6_gtwizard_gthe4_inst/gen_gtwizard_gthe4.gen_common.gen_common_container[26].gen_enabled_common.gthe4_common_wrapper_inst/common_inst/gthe4_common_gen.GTHE4_COMMON_PRIM_INST/QPLL1OUTCLK does not have clock defined. Create a primary clock on the mgt_ref_clk_p input port in order to let Vivado auto-derive the missing GT clocks
Related violations: <none>

TIMING-26#14 Warning
Missing clock on gigabit transceiver (GT)  
The output clock pin mgt/mgt/example_wrapper_inst/fmc0_8chan_9g6_inst/inst/gen_gtwizard_gthe4_top.fmc0_8chan_9g6_gtwizard_gthe4_inst/gen_gtwizard_gthe4.gen_common.gen_common_container[26].gen_enabled_common.gthe4_common_wrapper_inst/common_inst/gthe4_common_gen.GTHE4_COMMON_PRIM_INST/QPLL1OUTREFCLK does not have clock defined. Create a primary clock on the mgt_ref_clk_p input port in order to let Vivado auto-derive the missing GT clocks
Related violations: <none>

TIMING-35#1 Warning
No common node in paths with the same clock  
The clock dbg_hub/inst/BSCANID.u_xsdbm_id/SWITCH_N_EXT_BSCAN.bscan_inst/SERIES7_BSCAN.bscan_inst/INTERNAL_TCK has paths without a common node. First path found between dbg_hub/inst/BSCANID.u_xsdbm_id/SWITCH_N_EXT_BSCAN.bscan_switch/shiftreg_reg[0]/C and dbg_hub/inst/BSCANID.u_xsdbm_id/SWITCH_N_EXT_BSCAN.bscan_inst/SERIES7_BSCAN.bscan_inst/TDO. Please review clock constraints
Related violations: <none>

XDCH-2#1 Warning
Same min and max delay values on IO port  
The same input delay of 0.000 ns has been defined on port 'dip_sw[0]' relative to clock sysclk for both max and min. Make sure this reflects the design intent.
set_input_delay -clock [get_clocks sysclk] 0.000 [get_ports -quiet {dip_sw[*]} -filter {direction != out}]
/net/home/ppd/hmo31799/Documents/dune_project/ped_sub/tpg_core/src/ipbus-firmware/boards/zcu102/basex/synth/firmware/ucf/zcu102_basex.tcl (Line: 66)
Related violations: <none>

XDCH-2#2 Warning
Same min and max delay values on IO port  
The same input delay of 0.000 ns has been defined on port 'dip_sw[1]' relative to clock sysclk for both max and min. Make sure this reflects the design intent.
set_input_delay -clock [get_clocks sysclk] 0.000 [get_ports -quiet {dip_sw[*]} -filter {direction != out}]
/net/home/ppd/hmo31799/Documents/dune_project/ped_sub/tpg_core/src/ipbus-firmware/boards/zcu102/basex/synth/firmware/ucf/zcu102_basex.tcl (Line: 66)
Related violations: <none>

XDCH-2#3 Warning
Same min and max delay values on IO port  
The same input delay of 0.000 ns has been defined on port 'dip_sw[2]' relative to clock sysclk for both max and min. Make sure this reflects the design intent.
set_input_delay -clock [get_clocks sysclk] 0.000 [get_ports -quiet {dip_sw[*]} -filter {direction != out}]
/net/home/ppd/hmo31799/Documents/dune_project/ped_sub/tpg_core/src/ipbus-firmware/boards/zcu102/basex/synth/firmware/ucf/zcu102_basex.tcl (Line: 66)
Related violations: <none>

XDCH-2#4 Warning
Same min and max delay values on IO port  
The same input delay of 0.000 ns has been defined on port 'dip_sw[3]' relative to clock sysclk for both max and min. Make sure this reflects the design intent.
set_input_delay -clock [get_clocks sysclk] 0.000 [get_ports -quiet {dip_sw[*]} -filter {direction != out}]
/net/home/ppd/hmo31799/Documents/dune_project/ped_sub/tpg_core/src/ipbus-firmware/boards/zcu102/basex/synth/firmware/ucf/zcu102_basex.tcl (Line: 66)
Related violations: <none>

XDCH-2#5 Warning
Same min and max delay values on IO port  
The same output delay of 0.000 ns has been defined on port 'leds[0]' relative to clock sysclk for both max and min. Make sure this reflects the design intent.
set_output_delay -clock [get_clocks sysclk] 0.000 [get_ports -quiet {leds[*]} -filter {direction != in}]
/net/home/ppd/hmo31799/Documents/dune_project/ped_sub/tpg_core/src/ipbus-firmware/boards/zcu102/basex/synth/firmware/ucf/zcu102_basex.tcl (Line: 58)
Related violations: <none>

XDCH-2#6 Warning
Same min and max delay values on IO port  
The same output delay of 0.000 ns has been defined on port 'leds[1]' relative to clock sysclk for both max and min. Make sure this reflects the design intent.
set_output_delay -clock [get_clocks sysclk] 0.000 [get_ports -quiet {leds[*]} -filter {direction != in}]
/net/home/ppd/hmo31799/Documents/dune_project/ped_sub/tpg_core/src/ipbus-firmware/boards/zcu102/basex/synth/firmware/ucf/zcu102_basex.tcl (Line: 58)
Related violations: <none>

XDCH-2#7 Warning
Same min and max delay values on IO port  
The same output delay of 0.000 ns has been defined on port 'leds[2]' relative to clock sysclk for both max and min. Make sure this reflects the design intent.
set_output_delay -clock [get_clocks sysclk] 0.000 [get_ports -quiet {leds[*]} -filter {direction != in}]
/net/home/ppd/hmo31799/Documents/dune_project/ped_sub/tpg_core/src/ipbus-firmware/boards/zcu102/basex/synth/firmware/ucf/zcu102_basex.tcl (Line: 58)
Related violations: <none>

XDCH-2#8 Warning
Same min and max delay values on IO port  
The same output delay of 0.000 ns has been defined on port 'leds[3]' relative to clock sysclk for both max and min. Make sure this reflects the design intent.
set_output_delay -clock [get_clocks sysclk] 0.000 [get_ports -quiet {leds[*]} -filter {direction != in}]
/net/home/ppd/hmo31799/Documents/dune_project/ped_sub/tpg_core/src/ipbus-firmware/boards/zcu102/basex/synth/firmware/ucf/zcu102_basex.tcl (Line: 58)
Related violations: <none>

XDCH-2#9 Warning
Same min and max delay values on IO port  
The same output delay of 0.000 ns has been defined on port 'leds[4]' relative to clock sysclk for both max and min. Make sure this reflects the design intent.
set_output_delay -clock [get_clocks sysclk] 0.000 [get_ports -quiet {leds[*]} -filter {direction != in}]
/net/home/ppd/hmo31799/Documents/dune_project/ped_sub/tpg_core/src/ipbus-firmware/boards/zcu102/basex/synth/firmware/ucf/zcu102_basex.tcl (Line: 58)
Related violations: <none>

XDCH-2#10 Warning
Same min and max delay values on IO port  
The same output delay of 0.000 ns has been defined on port 'leds[5]' relative to clock sysclk for both max and min. Make sure this reflects the design intent.
set_output_delay -clock [get_clocks sysclk] 0.000 [get_ports -quiet {leds[*]} -filter {direction != in}]
/net/home/ppd/hmo31799/Documents/dune_project/ped_sub/tpg_core/src/ipbus-firmware/boards/zcu102/basex/synth/firmware/ucf/zcu102_basex.tcl (Line: 58)
Related violations: <none>

XDCH-2#11 Warning
Same min and max delay values on IO port  
The same output delay of 0.000 ns has been defined on port 'leds[6]' relative to clock sysclk for both max and min. Make sure this reflects the design intent.
set_output_delay -clock [get_clocks sysclk] 0.000 [get_ports -quiet {leds[*]} -filter {direction != in}]
/net/home/ppd/hmo31799/Documents/dune_project/ped_sub/tpg_core/src/ipbus-firmware/boards/zcu102/basex/synth/firmware/ucf/zcu102_basex.tcl (Line: 58)
Related violations: <none>

XDCH-2#12 Warning
Same min and max delay values on IO port  
The same output delay of 0.000 ns has been defined on port 'leds[7]' relative to clock sysclk for both max and min. Make sure this reflects the design intent.
set_output_delay -clock [get_clocks sysclk] 0.000 [get_ports -quiet {leds[*]} -filter {direction != in}]
/net/home/ppd/hmo31799/Documents/dune_project/ped_sub/tpg_core/src/ipbus-firmware/boards/zcu102/basex/synth/firmware/ucf/zcu102_basex.tcl (Line: 58)
Related violations: <none>

CLKC-56#1 Advisory
MMCME4 with global clock driver has no LOC  
The MMCME4_ADV cell infra/clocks/mmcm CLKIN1 or CLKIN2 pin is driven by global Clock buffer(s) infra/sysclk_BUFG_inst and does not have a LOC constraint. It is recommended to LOC the MMCM and use the CLOCK_DEDICATED_ROUTE constraint on the net(s) driven by the global Clock buffer(s).
Related violations: <none>


