INFO-FLOW: Workspace /data/hmo31799/ped_sub/ped_sub_prj/individual_latency opened at Fri Oct 30 15:56:23 GMT 2020
Execute     config_clock -quiet -name default -period 4 -unit ns -default=false 
INFO: [SYN 201-201] Setting up clock 'default' with a period of 4ns.
Execute     open_platform DefaultPlatform 
Execute     import_lib /opt/ppd/tools/xilinx/Vivado/2020.1/common/technology/xilinx/zynquplus/zynquplus 
Execute       source /opt/ppd/tools/xilinx/Vivado/2020.1/common/technology/xilinx/common/xilinx.lib 
Execute         source /opt/ppd/tools/xilinx/Vivado/2020.1/common/technology/xilinx/interface/xilinx_interface.lib 
Execute           source /opt/ppd/tools/xilinx/Vivado/2020.1/common/technology/xilinx/interface/plb46.lib 
Execute           source /opt/ppd/tools/xilinx/Vivado/2020.1/common/technology/xilinx/interface/fsl.lib 
Execute           source /opt/ppd/tools/xilinx/Vivado/2020.1/common/technology/xilinx/interface/axi4.lib 
Execute           source /opt/ppd/tools/xilinx/Vivado/2020.1/common/technology/xilinx/interface/maxi.lib 
Execute           source /opt/ppd/tools/xilinx/Vivado/2020.1/common/technology/xilinx/interface/saxilite.lib 
Execute         source /opt/ppd/tools/xilinx/Vivado/2020.1/common/technology/xilinx/common/dsp48.lib 
Execute         source /opt/ppd/tools/xilinx/Vivado/2020.1/common/technology/xilinx/ip/dds_compiler.lib 
Execute         source /opt/ppd/tools/xilinx/Vivado/2020.1/common/technology/xilinx/ip/xfft.lib 
Execute         source /opt/ppd/tools/xilinx/Vivado/2020.1/common/technology/xilinx/ip/xfir.lib 
Execute       source /opt/ppd/tools/xilinx/Vivado/2020.1/common/technology/xilinx/common/xilinx.hlp 
Execute         source /opt/ppd/tools/xilinx/Vivado/2020.1/common/technology/xilinx/common/target_info.tcl 
Execute         source /opt/ppd/tools/xilinx/Vivado/2020.1/common/technology/xilinx/interface/xilinx_interface.hlp 
Execute           source /opt/ppd/tools/xilinx/Vivado/2020.1/common/technology/xilinx/interface/maxi.hlp 
Execute           source /opt/ppd/tools/xilinx/Vivado/2020.1/common/technology/xilinx/interface/saxilite.hlp 
Execute         source /opt/ppd/tools/xilinx/Vivado/2020.1/common/technology/xilinx/common/dsp48.hlp 
Execute       source /opt/ppd/tools/xilinx/Vivado/2020.1/common/technology/xilinx/zynquplus/dsp48e2.hlp 
Execute       source /opt/ppd/tools/xilinx/Vivado/2020.1/common/technology/xilinx/common/xilinx.hlp 
Execute         source /opt/ppd/tools/xilinx/Vivado/2020.1/common/technology/xilinx/common/target_info.tcl 
Execute         source /opt/ppd/tools/xilinx/Vivado/2020.1/common/technology/xilinx/interface/xilinx_interface.hlp 
Execute           source /opt/ppd/tools/xilinx/Vivado/2020.1/common/technology/xilinx/interface/maxi.hlp 
Execute           source /opt/ppd/tools/xilinx/Vivado/2020.1/common/technology/xilinx/interface/saxilite.hlp 
Execute         source /opt/ppd/tools/xilinx/Vivado/2020.1/common/technology/xilinx/common/dsp48.hlp 
Execute     source /opt/ppd/tools/xilinx/Vivado/2020.1/common/technology/xilinx/zynquplus/zynquplus.gen 
Execute       source /opt/ppd/tools/xilinx/Vivado/2020.1/common/technology/xilinx/common/xilinx.gen 
Execute         source /opt/ppd/tools/xilinx/Vivado/2020.1/common/technology/xilinx/interface/plb46.gen 
Execute         source /opt/ppd/tools/xilinx/Vivado/2020.1/common/technology/xilinx/interface/fsl.gen 
Execute         source /opt/ppd/tools/xilinx/Vivado/2020.1/common/technology/xilinx/interface/axi4.gen 
Execute         source /opt/ppd/tools/xilinx/Vivado/2020.1/common/technology/xilinx/interface/nativeAXI4.gen 
Execute           source /opt/ppd/tools/xilinx/Vivado/2020.1/common/technology/xilinx/interface/saxilite.gen 
Execute           source /opt/ppd/tools/xilinx/Vivado/2020.1/common/technology/xilinx/interface/maxi.gen 
Execute         source /opt/ppd/tools/xilinx/Vivado/2020.1/common/technology/xilinx/scripts/xilinxcoregen.gen 
Execute         source /opt/ppd/tools/xilinx/Vivado/2020.1/common/technology/xilinx/interface/XilEDKCoreGen.gen 
Execute         source /opt/ppd/tools/xilinx/Vivado/2020.1/common/technology/xilinx/ip/dds_compiler.gen 
Execute         source /opt/ppd/tools/xilinx/Vivado/2020.1/common/technology/xilinx/ip/util.gen 
Execute         source /opt/ppd/tools/xilinx/Vivado/2020.1/common/technology/xilinx/ip/xfft.gen 
Command         ap_source done; 0.11 sec.
Execute         source /opt/ppd/tools/xilinx/Vivado/2020.1/common/technology/xilinx/ip/xfir.gen 
Execute         source /opt/ppd/tools/xilinx/Vivado/2020.1/common/technology/xilinx/common/dsp48.gen 
Command       ap_source done; 0.17 sec.
Command     ap_source done; 0.17 sec.
Execute     open_platform DefaultPlatform 
Execute     import_lib /opt/ppd/tools/xilinx/Vivado/2020.1/common/technology/xilinx/zynquplus/zynquplus_fpv7 
Execute       source /opt/ppd/tools/xilinx/Vivado/2020.1/common/technology/xilinx/common/xilinx_fp.lib 
Execute       source /opt/ppd/tools/xilinx/Vivado/2020.1/common/technology/xilinx/common/xilinx_fp.hlp 
Execute         source /opt/ppd/tools/xilinx/Vivado/2020.1/common/technology/xilinx/common/xilinx.hlp 
Execute           source /opt/ppd/tools/xilinx/Vivado/2020.1/common/technology/xilinx/common/target_info.tcl 
Execute           source /opt/ppd/tools/xilinx/Vivado/2020.1/common/technology/xilinx/interface/xilinx_interface.hlp 
Execute             source /opt/ppd/tools/xilinx/Vivado/2020.1/common/technology/xilinx/interface/maxi.hlp 
Execute             source /opt/ppd/tools/xilinx/Vivado/2020.1/common/technology/xilinx/interface/saxilite.hlp 
Execute           source /opt/ppd/tools/xilinx/Vivado/2020.1/common/technology/xilinx/common/dsp48.hlp 
Execute     source /opt/ppd/tools/xilinx/Vivado/2020.1/common/technology/xilinx/zynquplus/zynquplus_fpv7.gen 
Execute       source /opt/ppd/tools/xilinx/Vivado/2020.1/common/technology/xilinx/common/xilinx_fp.gen 
Execute     set_part xczu9eg-ffvb1156-2-e 
Execute       ap_part_info -name xczu9eg-ffvb1156-2-e -data single -quiet 
Command       ap_part_info done; 3.27 sec.
Execute       ap_part_info -name xczu9eg-ffvb1156-2-e -data info 
Execute       add_library xilinx/zynquplus/zynquplus:xczu9eg:-ffvb1156:-2-e 
Execute         get_default_platform 
Execute         ap_part_info -data single -name xczu9eg-ffvb1156-2-e 
Execute         ap_part_info -name xczu9eg-ffvb1156-2-e -data resources 
Execute         ap_part_info -name xczu9eg-ffvb1156-2-e -data info 
Execute         ap_part_info -name xczu9eg-ffvb1156-2-e -data info 
Execute         config_chip_info -quiet -resource {SLICE 34260} {LUT 274080} {FF 548160} {DSP48E 2520} {BRAM 1824} {URAM 0} 
Execute         ap_part_info -name xczu9eg-ffvb1156-2-e -data info 
Execute         config_chip_info -quiet -speed medium 
Execute       add_library xilinx/zynquplus/zynquplus_fpv7 
Execute         get_default_platform 
INFO: [HLS 200-10] Setting target device to 'xczu9eg-ffvb1156-2-e'
Execute       ap_part_info -name xczu9eg-ffvb1156-2-e -data info 
Execute       get_default_platform 
Command     set_part done; 3.47 sec.
Execute     ap_part_info -data single -name xczu9eg-ffvb1156-2-e 
Execute     ap_part_info -name xczu9eg-ffvb1156-2-e -data resources 
Execute     ap_part_info -name xczu9eg-ffvb1156-2-e -data info 
Execute     ap_part_info -name xczu9eg-ffvb1156-2-e -data info 
Execute     config_chip_info -quiet -resource {SLICE 34260} {LUT 274080} {FF 548160} {DSP48E 2520} {BRAM 1824} {URAM 0} 
Execute     ap_part_info -name xczu9eg-ffvb1156-2-e -data info 
Execute     config_chip_info -quiet -speed medium 
Command   open_solution done; 3.79 sec.
Execute   set_part xczu9eg-ffvb1156-2-e 
Execute     ap_part_info -name xczu9eg-ffvb1156-2-e -data single -quiet 
Execute     ap_part_info -name xczu9eg-ffvb1156-2-e -data info 
Execute     add_library xilinx/zynquplus/zynquplus:xczu9eg:-ffvb1156:-2-e 
Execute       get_default_platform 
Execute       ap_part_info -data single -name xczu9eg-ffvb1156-2-e 
Execute       ap_part_info -name xczu9eg-ffvb1156-2-e -data resources 
Execute       ap_part_info -name xczu9eg-ffvb1156-2-e -data info 
Execute       ap_part_info -name xczu9eg-ffvb1156-2-e -data info 
Execute       config_chip_info -quiet -resource {SLICE 34260} {LUT 274080} {FF 548160} {DSP48E 2520} {BRAM 1824} {URAM 0} 
Execute       ap_part_info -name xczu9eg-ffvb1156-2-e -data info 
Execute       config_chip_info -quiet -speed medium 
Execute     add_library xilinx/zynquplus/zynquplus_fpv7 
Execute       get_default_platform 
Execute     ap_part_info -name xczu9eg-ffvb1156-2-e -data info 
Execute     get_default_platform 
Command   set_part done; 0.19 sec.
Execute   create_clock -period 250MHz -name default 
Execute     config_clock -quiet -name default -period 4 -unit ns -default=false 
INFO: [SYN 201-201] Setting up clock 'default' with a period of 4ns.
Execute   source ./ped_sub_prj/individual_latency/directives.tcl 
Execute     set_directive_latency -min 2 ped_alg/accumulator_condition 
INFO-FLOW: Setting directive 'LATENCY' min=2 
Execute     set_directive_latency -min 2 ped_alg/pedestal_condition 
INFO-FLOW: Setting directive 'LATENCY' min=2 
INFO-FLOW: Setting directive 'LATENCY' min=2 
Execute     set_directive_latency -min 1 ped_alg/ped_sub 
INFO-FLOW: Setting directive 'LATENCY' min=2 
INFO-FLOW: Setting directive 'LATENCY' min=2 
INFO-FLOW: Setting directive 'LATENCY' min=1 
Execute   csynth_design 
Execute     get_config_compile -dump_cfg 
Execute     get_config_compile -effort 
Execute     get_config_compile -enable_clang39 
Execute     get_config_compile -g 
Execute     get_config_compile -ng 
Execute     get_config_compile -opt_fp 
Execute     get_config_compile -skip_cdt 
Execute     get_config_compile -skip_syncheck 
Execute     get_config_compile -skip_transform 
Execute     get_config_compile -keep_printf 
Execute     elaborate -effort=medium -skip_syncheck=0 -keep_printf=0 -skip_cdt=0 -skip_transform=0 -ng=0 -g=0 -opt_fp=0 -from_csynth_design=1 
Execute       get_config_schedule -relax_ii_for_timing 
INFO: [SCHED 204-61] Option 'relax_ii_for_timing' is enabled, will increase II to preserve clock frequency constraints.
Execute       get_config_schedule -suppress_dependence_error_break 
INFO: [HLS 200-10] Analyzing design file 'functions.cpp' ... 
INFO-FLOW: Compiling one TU...
Execute       is_m_axi_addr64 
INFO-FLOW: Handling functions.cpp as C++
Execute       ap_part_info -name xczu9eg-ffvb1156-2-e -data info 
Execute       is_encrypted functions.cpp 
Execute       ap_part_info -name xczu9eg-ffvb1156-2-e -data info 
INFO-FLOW: Running: GCC PP
INFO-FLOW: Source preprocessing
Execute       clang  -fno-limit-debug-info -gcc-toolchain "/opt/ppd/tools/xilinx/Vivado/2020.1/lnx64/tools/gcc" -hls  -fno-exceptions  -D__llvm__  -E "functions.cpp"     -fno-math-errno -c -emit-llvm -O0  -mllvm -disable-llvm-optzns -fno-threadsafe-statics  -fno-use-cxa-atexit  -fno-threadsafe-statics -fno-use-cxa-atexit -D__CLANG_3_1__ -DAESL_SYN -D__SYNTHESIS__ -D__HLS_SYN__ -I "/opt/ppd/tools/xilinx/Vivado/2020.1/common/technology/autopilot" -I "/opt/ppd/tools/xilinx/Vivado/2020.1/common/technology/autopilot/ap_sysc" -include etc/autopilot_ssdm_op.h -D__DSP48E2__  -o "/data/hmo31799/ped_sub/ped_sub_prj/individual_latency/.autopilot/db/functions.pp.0.cpp" 
INFO-FLOW: exec /opt/ppd/tools/xilinx/Vivado/2020.1/lnx64/tools/clang/bin/clang -fno-limit-debug-info -gcc-toolchain /opt/ppd/tools/xilinx/Vivado/2020.1/lnx64/tools/gcc -hls -fno-exceptions -D__llvm__ -E functions.cpp -fno-math-errno -c -emit-llvm -O0 -mllvm -disable-llvm-optzns -fno-threadsafe-statics -fno-use-cxa-atexit -fno-threadsafe-statics -fno-use-cxa-atexit -D__CLANG_3_1__ -DAESL_SYN -D__SYNTHESIS__ -D__HLS_SYN__ -I /opt/ppd/tools/xilinx/Vivado/2020.1/common/technology/autopilot -I /opt/ppd/tools/xilinx/Vivado/2020.1/common/technology/autopilot/ap_sysc -include etc/autopilot_ssdm_op.h -D__DSP48E2__ -o /data/hmo31799/ped_sub/ped_sub_prj/individual_latency/.autopilot/db/functions.pp.0.cpp
Command       clang done; 3.04 sec.
Execute       tidy_31 xilinx-xfmat-array-geometry /data/hmo31799/ped_sub/ped_sub_prj/individual_latency/.autopilot/db/functions.pp.0.cpp std=gnu++98 
INFO-FLOW: exec /opt/ppd/tools/xilinx/Vivado/2020.1/lnx64/tools/clang-3.9-csynth/bin/tidy-3.1 -header-filter=.* -checks=-*,xilinx-xfmat-array-geometry -quiet -fix /data/hmo31799/ped_sub/ped_sub_prj/individual_latency/.autopilot/db/functions.pp.0.cpp -- -std=gnu++98 -fhls -ferror-limit=0
Command       tidy_31 done; 0.25 sec.
INFO-FLOW: Syntax Checking before pre-processing...
Execute       clang -syntaxcheck -src /data/hmo31799/ped_sub/ped_sub_prj/individual_latency/.autopilot/db/functions.pp.0.cpp  -fno-limit-debug-info -gcc-toolchain "/opt/ppd/tools/xilinx/Vivado/2020.1/lnx64/tools/gcc" -hls    -fno-math-errno -c -emit-llvm -O0  -mllvm -disable-llvm-optzns -fno-threadsafe-statics  -fno-use-cxa-atexit  -fno-threadsafe-statics -fno-use-cxa-atexit -D__CLANG_3_1__ -DAESL_SYN -D__SYNTHESIS__ -D__HLS_SYN__ -I "/opt/ppd/tools/xilinx/Vivado/2020.1/common/technology/autopilot" -I "/opt/ppd/tools/xilinx/Vivado/2020.1/common/technology/autopilot/ap_sysc" -include etc/autopilot_ssdm_op.h -D__DSP48E2__  "/data/hmo31799/ped_sub/ped_sub_prj/individual_latency/.autopilot/db/functions.pp.0.cpp"  -o "/data/hmo31799/ped_sub/ped_sub_prj/individual_latency/.autopilot/db/useless.bc"  
INFO-FLOW: exec /opt/ppd/tools/xilinx/Vivado/2020.1/lnx64/tools/clang/bin/clang -fno-limit-debug-info -gcc-toolchain /opt/ppd/tools/xilinx/Vivado/2020.1/lnx64/tools/gcc -hls -fno-math-errno -c -emit-llvm -O0 -mllvm -disable-llvm-optzns -fno-threadsafe-statics -fno-use-cxa-atexit -fno-threadsafe-statics -fno-use-cxa-atexit -D__CLANG_3_1__ -DAESL_SYN -D__SYNTHESIS__ -D__HLS_SYN__ -I /opt/ppd/tools/xilinx/Vivado/2020.1/common/technology/autopilot -I /opt/ppd/tools/xilinx/Vivado/2020.1/common/technology/autopilot/ap_sysc -include etc/autopilot_ssdm_op.h -D__DSP48E2__ /data/hmo31799/ped_sub/ped_sub_prj/individual_latency/.autopilot/db/functions.pp.0.cpp -o /data/hmo31799/ped_sub/ped_sub_prj/individual_latency/.autopilot/db/useless.bc
Command       clang done; 3.01 sec.
INFO-FLOW: Done: GCC PP time: 6.3 seconds per iteration
INFO-FLOW: Setting directive 'LATENCY' min=2 
INFO-FLOW: Setting directive 'LATENCY' min=2 
INFO-FLOW: Setting directive 'LATENCY' min=1 
Execute       source /opt/ppd/tools/xilinx/Vivado/2020.1/tps/tcl/tcllib1.11.1/yaml/huddle.tcl 
Execute       source /opt/ppd/tools/xilinx/Vivado/2020.1/tps/tcl/tcllib1.11.1/yaml/json2huddle.tcl 
Execute         source /opt/ppd/tools/xilinx/Vivado/2020.1/tps/tcl/tcllib1.11.1/try/try.tcl 
INFO-FLOW: Setting directive 'LATENCY' min=2 
INFO-FLOW: Setting directive 'LATENCY' min=2 
INFO-FLOW: Setting directive 'LATENCY' min=1 
Execute       list_core -type functional_unit 
Execute       tidy_31 xilinx-systemc-detector /data/hmo31799/ped_sub/ped_sub_prj/individual_latency/.autopilot/db/functions.pp.0.cpp std=gnu++98 -directive=/data/hmo31799/ped_sub/ped_sub_prj/individual_latency/.autopilot/db/.systemc_flag 
INFO-FLOW: exec /opt/ppd/tools/xilinx/Vivado/2020.1/lnx64/tools/clang-3.9-csynth/bin/tidy-3.1 -header-filter=.* -checks=-*,xilinx-systemc-detector -import-directive=/data/hmo31799/ped_sub/ped_sub_prj/individual_latency/.autopilot/db/.systemc_flag -quiet -fix-errors /data/hmo31799/ped_sub/ped_sub_prj/individual_latency/.autopilot/db/functions.pp.0.cpp -- -std=gnu++98 -fhls -ferror-limit=0
Command       tidy_31 done; 0.21 sec.
INFO-FLOW: Running: tidy-3.1 CDT preprocess
Execute       tidy_31 xilinx-directive2pragma /data/hmo31799/ped_sub/ped_sub_prj/individual_latency/.autopilot/db/functions.pp.0.cpp std=gnu++98 -directive=/data/hmo31799/ped_sub/ped_sub_prj/individual_latency/.autopilot/db/all.directive.json 
INFO-FLOW: exec /opt/ppd/tools/xilinx/Vivado/2020.1/lnx64/tools/clang-3.9-csynth/bin/tidy-3.1 -header-filter=.* -checks=-*,xilinx-directive2pragma -import-directive=/data/hmo31799/ped_sub/ped_sub_prj/individual_latency/.autopilot/db/all.directive.json -quiet -fix-errors /data/hmo31799/ped_sub/ped_sub_prj/individual_latency/.autopilot/db/functions.pp.0.cpp -- -std=gnu++98 -fhls -ferror-limit=0
Command       tidy_31 done; 0.32 sec.
Execute       get_config_dataflow -strict_mode 
Execute       ap_eval exec -ignorestderr /opt/ppd/tools/xilinx/Vivado/2020.1/lnx64/tools/clang-3.9-csynth/bin/xilinx-dataflow-lawyer -export-fixes=/data/hmo31799/ped_sub/ped_sub_prj/individual_latency/.autopilot/db/xilinx-dataflow-lawyer.functions.pp.0.cpp.diag.yml /data/hmo31799/ped_sub/ped_sub_prj/individual_latency/.autopilot/db/functions.pp.0.cpp -- -std=gnu++98 -fhls -ferror-limit=0 -fstrict-dataflow > /data/hmo31799/ped_sub/ped_sub_prj/individual_latency/.autopilot/db/xilinx-dataflow-lawyer.functions.pp.0.cpp.out.log 2> /data/hmo31799/ped_sub/ped_sub_prj/individual_latency/.autopilot/db/xilinx-dataflow-lawyer.functions.pp.0.cpp.err.log 
Command       ap_eval done; 0.2 sec.
Execute       tidy_31 -errorcheck xilinx-constantarray-param,xilinx-resource-pragma-transformer,xilinx-xfmat-array-geometry /data/hmo31799/ped_sub/ped_sub_prj/individual_latency/.autopilot/db/functions.pp.0.cpp std=gnu++98 
Execute         ap_eval exec -ignorestderr /opt/ppd/tools/xilinx/Vivado/2020.1/lnx64/tools/clang-3.9-csynth/bin/tidy-3.1 -export-fixes=/data/hmo31799/ped_sub/ped_sub_prj/individual_latency/.autopilot/db/tidy-3.1.functions.pp.0.cpp.diag.yml -header-filter=.* -checks=-*,xilinx-constantarray-param,xilinx-resource-pragma-transformer,xilinx-xfmat-array-geometry -quiet -fix-errors /data/hmo31799/ped_sub/ped_sub_prj/individual_latency/.autopilot/db/functions.pp.0.cpp -- -std=gnu++98 -fhls -ferror-limit=0 > /data/hmo31799/ped_sub/ped_sub_prj/individual_latency/.autopilot/db/tidy-3.1.functions.pp.0.cpp.out.log 2> /data/hmo31799/ped_sub/ped_sub_prj/individual_latency/.autopilot/db/tidy-3.1.functions.pp.0.cpp.err.log 
Command         ap_eval done; 0.24 sec.
Execute         ap_eval exec -ignorestderr /opt/ppd/tools/xilinx/Vivado/2020.1/lnx64/tools/clang-3.9-csynth/bin/xilinx-legacy-rewriter /data/hmo31799/ped_sub/ped_sub_prj/individual_latency/.autopilot/db/functions.pp.0.cpp -- -std=gnu++98 -fhls -ferror-limit=0 > /data/hmo31799/ped_sub/ped_sub_prj/individual_latency/.autopilot/db/xilinx-legacy-rewriter.functions.pp.0.cpp.out.log 2> /data/hmo31799/ped_sub/ped_sub_prj/individual_latency/.autopilot/db/xilinx-legacy-rewriter.functions.pp.0.cpp.err.log 
Command         ap_eval done; 0.15 sec.
Command       tidy_31 done; 0.4 sec.
INFO-FLOW: Done: tidy-3.1 CDT preprocess time: 0.9 seconds per iteration
INFO-FLOW: Pragma Handling...
Execute       tidy_31 xilinx-ssdm-intrinsics-arguments /data/hmo31799/ped_sub/ped_sub_prj/individual_latency/.autopilot/db/functions.pragma.1.cpp std=gnu++98 
INFO-FLOW: exec /opt/ppd/tools/xilinx/Vivado/2020.1/lnx64/tools/clang-3.9-csynth/bin/tidy-3.1 -header-filter=.* -checks=-*,xilinx-ssdm-intrinsics-arguments -quiet -fix-errors /data/hmo31799/ped_sub/ped_sub_prj/individual_latency/.autopilot/db/functions.pragma.1.cpp -- -std=gnu++98 -fhls -ferror-limit=0
Command       tidy_31 done; 0.26 sec.
Execute       ap_part_info -name xczu9eg-ffvb1156-2-e -data info 
INFO-FLOW: Processing labels
Execute       clang -src /data/hmo31799/ped_sub/ped_sub_prj/individual_latency/.autopilot/db/functions.pragma.2.cpp  -fno-limit-debug-info -gcc-toolchain /opt/ppd/tools/xilinx/Vivado/2020.1/lnx64/tools/gcc -hls -hls-analyze-label -hls-analyze-pragma -fno-exceptions  -D__llvm__  -w  "/data/hmo31799/ped_sub/ped_sub_prj/individual_latency/.autopilot/db/functions.pragma.2.cpp"    -fno-math-errno -c -emit-llvm -O0  -mllvm -disable-llvm-optzns -fno-threadsafe-statics  -fno-use-cxa-atexit -DAESL_SYN -D__SYNTHESIS__ -D__HLS_SYN__ -I "/opt/ppd/tools/xilinx/Vivado/2020.1/common/technology/autopilot" -I "/opt/ppd/tools/xilinx/Vivado/2020.1/common/technology/autopilot/ap_sysc" -include etc/autopilot_ssdm_op.h -D__DSP48E2__ -g -o "/data/hmo31799/ped_sub/ped_sub_prj/individual_latency/.autopilot/db/functions.bc" 
INFO-FLOW: exec /opt/ppd/tools/xilinx/Vivado/2020.1/lnx64/tools/clang/bin/clang -fno-limit-debug-info -gcc-toolchain /opt/ppd/tools/xilinx/Vivado/2020.1/lnx64/tools/gcc -hls -hls-analyze-label -hls-analyze-pragma -fno-exceptions -D__llvm__ -w /data/hmo31799/ped_sub/ped_sub_prj/individual_latency/.autopilot/db/functions.pragma.2.cpp -fno-math-errno -c -emit-llvm -O0 -mllvm -disable-llvm-optzns -fno-threadsafe-statics -fno-use-cxa-atexit -DAESL_SYN -D__SYNTHESIS__ -D__HLS_SYN__ -I /opt/ppd/tools/xilinx/Vivado/2020.1/common/technology/autopilot -I /opt/ppd/tools/xilinx/Vivado/2020.1/common/technology/autopilot/ap_sysc -include etc/autopilot_ssdm_op.h -D__DSP48E2__ -g -o /data/hmo31799/ped_sub/ped_sub_prj/individual_latency/.autopilot/db/functions.bc
Command       clang done; 3.05 sec.
INFO-FLOW: Linking Debug ...
Execute       llvm-ld /data/hmo31799/ped_sub/ped_sub_prj/individual_latency/.autopilot/db/functions.g.bc -hls-opt -except-internalize ped_alg -L/opt/ppd/tools/xilinx/Vivado/2020.1/lnx64/lib -lhlsm -lhlsmc++ -o /data/hmo31799/ped_sub/ped_sub_prj/individual_latency/.autopilot/db/a.g 
Command       llvm-ld done; 1.5 sec.
INFO: [HLS 200-111] Finished Linking Time (s): cpu = 00:00:16 ; elapsed = 00:00:17 . Memory (MB): peak = 1770.301 ; gain = 1233.891 ; free physical = 19455 ; free virtual = 90767
INFO: [HLS 200-111] Finished Checking Pragmas Time (s): cpu = 00:00:16 ; elapsed = 00:00:17 . Memory (MB): peak = 1770.301 ; gain = 1233.891 ; free physical = 19455 ; free virtual = 90767
Execute       get_config_sdx -target 
Execute       opt_and_import_c a -opt_level=2 -skip_syncheck=0 -ng=0 -keep_printf=0 
Execute         cleanup_all_models 
INFO: [HLS 200-10] Starting code transformations ...
Execute         transform -promote-dbg-pointer /data/hmo31799/ped_sub/ped_sub_prj/individual_latency/.autopilot/db/a.pp.bc -o /data/hmo31799/ped_sub/ped_sub_prj/individual_latency/.autopilot/db/a.pp.0.bc -f 
Execute         llvm-ld /data/hmo31799/ped_sub/ped_sub_prj/individual_latency/.autopilot/db/a.pp.0.bc -disable-opt -L/opt/ppd/tools/xilinx/Vivado/2020.1/lnx64/lib -lfloatconversion -o /data/hmo31799/ped_sub/ped_sub_prj/individual_latency/.autopilot/db/a.g.0 
Command         llvm-ld done; 1.48 sec.
INFO-FLOW: Running Standard Transforms...
Execute         transform -hls -share-std-xform -demangle-name -inline-byval-memcpy -always-inline -stream-depth-lower -promote-dbg-pointer -interface-preproc -mem2reg -scalarrepl -mem2reg -keep-read-access -instcombine -dce -promote-dbg-pointer -bitop-raise -loop-simplify -indvarspre -indvars -loop-simplify -xunroll -constprop -instcombine -simplifycfg -indvars -simplifycfg -dce -globaldce -basicaa -simplifycfg -mem2reg -globalopt -global-constprop -deadargelim -instcombine -simplifycfg -prune-eh -simplifycfg -scalarrepl -instcombine -reassociate -licm -simplifycfg -loop-simplify -indvars -instcombine -simplifycfg -mem2reg -loop-simplify -indvars -instcombine -gvn -gvn -instcombine -adce -break-crit-edges -simplifycfg -loop-delete -global-array-opt -dce -dse -adce -find-syn-modules -top ped_alg -deadargelim -mem2reg -instcombine -dce -presyn-prepare -auto-rom-infer -interface-preproc -syn-check -check-rec-only -find-region -simplifycfg -func-extr -function-inline -globaldce -mem2reg -instcombine -dce -gvn -globaldce -adce -adse -constprop -instcombine -bit-constprop -instcombine -dce -simplifycfg -bitop-raise -simplifycfg -dce -loop-delete -reassociate -globalopt -global-privatize -mem2reg -dce -global-constprop -pointer-simplify -constprop -dce -func-inst -deadargelim -auto-shift-reg-idiom -promote-dbg-pointer -norm-name /data/hmo31799/ped_sub/ped_sub_prj/individual_latency/.autopilot/db/a.g.0.bc -o /data/hmo31799/ped_sub/ped_sub_prj/individual_latency/.autopilot/db/a.g.1.bc -f -phase std-opt 
INFO: [HLS 200-111] Finished Standard Transforms Time (s): cpu = 00:00:18 ; elapsed = 00:00:19 . Memory (MB): peak = 1770.301 ; gain = 1233.891 ; free physical = 19451 ; free virtual = 90763
INFO: [HLS 200-10] Checking synthesizability ...
INFO-FLOW: Checking Synthesizability 1/2..
Execute         transform -hls -syn-check -check-rec-only -disaggr -scalarrepl -norm-name -dce -mem2reg -instcombine -function-uniquify -directive-preproc -mem2reg -dse -dce -auto-rom-infer -dce -pag -array-normalize -instcombine -dce -warn-fifo-pointer -array-seg-normalize -instcombine -dce -array-flatten -instcombine -dce -array-burst -dce -deadargelim -promote-global-argument -simplifycfg -mem2reg -globaldce -dce -deadargelim -dce -instcombine -function-inline -globaldce -dce -doublePtrSimplify -doublePtrElim -dce -doublePtrSimplify -promote-dbg-pointer -dce -scalarrepl -dse -adse -instcombine -ptrLegalization -simplifycfg -dce -instcombine -pointer-simplify -ptrArgReplace -dce -instcombine -resolve-double-ptr -disaggr -scalarrepl -norm-name -dce -mem2reg -instcombine -ptrLegalization -simplifycfg -deadargelim -instcombine -dce -inst-simplify -function-uniquify -directive-preproc -mem2reg -dse -dce -globaldce -check-dspbuiltin /data/hmo31799/ped_sub/ped_sub_prj/individual_latency/.autopilot/db/a.g.1.bc -o /data/hmo31799/ped_sub/ped_sub_prj/individual_latency/.autopilot/db/a.g.2.prechk.bc -f 
INFO-FLOW: Checking Synthesizability 2/2..
Execute         transform -syn-check /data/hmo31799/ped_sub/ped_sub_prj/individual_latency/.autopilot/db/a.g.2.prechk.bc -o /data/hmo31799/ped_sub/ped_sub_prj/individual_latency/.autopilot/db/a.g.2.bc -f -phase syn-check 
INFO: [HLS 200-111] Finished Checking Synthesizability Time (s): cpu = 00:00:18 ; elapsed = 00:00:19 . Memory (MB): peak = 1770.301 ; gain = 1233.891 ; free physical = 19449 ; free virtual = 90761
INFO-FLOW: Compiler optimizing ...
INFO-FLOW: Share syncheck's 1.bc for syn flow: copy /data/hmo31799/ped_sub/ped_sub_prj/individual_latency/.autopilot/db/a.g.1.bc to /data/hmo31799/ped_sub/ped_sub_prj/individual_latency/.autopilot/db/a.o.1.bc
INFO-FLOW: Presyn 1...
Execute         transform -hls -tmp /data/hmo31799/ped_sub/ped_sub_prj/individual_latency/.autopilot/db -interface-port-rename -type-info -function-uniquify -directive-preproc -mem2reg -dse -dce -disaggr -scalarrepl -norm-name -deadargelim -mem2reg -instcombine -dce -simplifycfg -auto-rom-infer -dce -function-uniquify -resource-proc -clib-intrinsic-prepare -dce -func-buffer -dce -pag -array-normalize -func-legal -instcombine -gvn -constprop -dce -simplifycfg -mem2reg -globaldce -resolve-double-ptr -dce -deadargelim -dce -instcombine -ptrArgReplace -mem2reg -dce -array-seg-normalize -deadargelim -instcombine -dce -pointer-simplify -dce -port-alignment -dce -interface-preproc -data-pack -instcombine -dce -basicaa -aggr-aa -aggrmodref-aa -aggr-aa -gvn -gvn -basicaa -aggr-aa -aggrmodref-aa -aggr-aa -dse -adse -adce -loop-simplify -indvars -instcombine -gvn -loop-simplify -mem2reg -dce -find-region -instcombine -auto-loop-pipeline -inst-simplify -interface-preproc -cfgopt -instcombine -indvars -auto-loop-unroll -loop-simplify -loop-bound -xunroll -constprop -instcombine -simplifycfg -indvars -simplifycfg -dce -globaldce -clean-region -attach-range -gvn -inst-simplify -constprop -simplifycfg -dce -pointer-simplify -dce -globalopt -constprop -dce -array-promote -constprop -dce -ptrArgReplace -mem2reg -simplifycfg -dce -auto-par -instcombine -dce -array-transform-check -array-reshape -instcombine -simplifycfg -dce -ptrArgReplace -deadargelim -mem2reg -instcombine -simplifycfg -dce -indvars -loop-simplify -loop-bound -xunroll -constprop -instcombine -simplifycfg -indvars -simplifycfg -dce -globaldce -basicaa -aggr-aa -aggrmodref-aa -aggr-aa -dse -duplicate-dataflow-processes -globaldce -instcombine -array-partition -instcombine -simplifycfg -dce -ptrArgReplace -global-constprop -deadargelim -mem2reg -func-legal -dce -global-constprop -deadargelim -mem2reg -simplifycfg -dce -merge-param -deadargelim -globalopt -constprop -dce -array-promote -constprop -dce -ptrArgReplace -mem2reg -simplifycfg -dce -mem-intrinsic-preproc -dce -global-internalize -global-privatize -mem2reg -globaldce -promote-global-argument -ptrArgReplace -mem2reg -dce -globalopt -mergereturn -simplify-global-access -mem2reg -dce -pointer-simplify -dce -functionattrs -basicaa -aggr-aa -aggrmodref-aa -aggr-aa -gvn -gvn -basicaa -aggr-aa -aggrmodref-aa -aggr-aa -dse -adse -adce -dce -norm-name -function-inline -complex-op-raise -inst-simplify -globaldce -func-inst -constprop -instcombine -simplifycfg -dce -func-legal -dce -loop-bound -arraycheck -bitwidthmin -on-by-dataflow -loop-delete -instcombine -simplifycfg -globaldce -dce -gvn -deadargelim -dce -loop-simplify -clean-region -simplifycfg -propagate-stable-arguments -loop-stream -instcombine -simplifycfg -dce -globaldce -duplicate-dataflow-processes -stream-intrinsic-preproc -dce -check-ap-stream -loop-simplify -eliminate-keepreads -extract-dataflow-in-loop -loop-simplify -dce -gvn -deadargelim -dse -check-dataflow-syntax -legalize-stream-variable -legalize-global -extract-subproc -dce -dead-channel-elimination -canonicalize-gep -globaldce -dce -gvn -deadargelim -annotate-dataflow-channels -scalar-propagation -deadargelim -globaldce -mem2reg -check-dataflow-channels -function-stream -dce -globaldce -prop-fifo-spec -internal-stream-gen -canonicalize-gep -globaldce -dce -gvn -deadargelim -mergereturn -indvars -loop-simplify -instcombine -array-stream -array-seg-normalize -array-partition -func-legal -instcombine -simplifycfg -dce -bundle-memfifo-ops -deadargelim -function-uniquify -directive-preproc -mem2reg -dse -dce -group-axi-access -licm -simplifycfg -dce -loop-delete -norm-name /data/hmo31799/ped_sub/ped_sub_prj/individual_latency/.autopilot/db/a.o.1.bc -o /data/hmo31799/ped_sub/ped_sub_prj/individual_latency/.autopilot/db/a.o.1.tmp.bc -f 
INFO-FLOW: Presyn 2...
Execute         transform -hls -keep-callgraph -scalarrepl -mem2reg -port-alignment -attach-range -dce -pipe-mux-gen -indvars -loop-bound -inst-simplify -instcombine -dce -merge-array-access -mem2reg -dce -clean-region -mergereturn -if-conv -instcombine -dce -constprop -basicaa -aggr-aa -aggrmodref-aa -aggr-aa -gvn -gvn -basicaa -aggr-aa -aggrmodref-aa -aggr-aa -dse -adse -adce -scalarrepl -mem2reg -global-constprop -deadargelim -deadargelim -instcombine -dce -simplifycfg -ptrArgReplace -mem2reg -function-inline -globaldce -mem2reg -instcombine -dce -expr-balance -instcombine -dce -bitwidthmin -interface-preproc -directive-preproc -inst-rectify -instcombine -dce -functionattrs -constprop -instcombine -bit-constprop -simplify-global-access -globalopt -globaldce -inst-simplify -instcombine -elimdeaddata -dce -loop-delete -simplifycfg -loop-simplify -auto-burst -norm-name /data/hmo31799/ped_sub/ped_sub_prj/individual_latency/.autopilot/db/a.o.1.tmp.bc -o /data/hmo31799/ped_sub/ped_sub_prj/individual_latency/.autopilot/db/a.o.2.bc -f -phase presyn 
INFO: [XFORM 203-401] Performing if-conversion on hyperblock to (functions.cpp:27:3) in function 'ped_alg'... converting 4 basic blocks.
INFO: [HLS 200-111] Finished Pre-synthesis Time (s): cpu = 00:00:18 ; elapsed = 00:00:19 . Memory (MB): peak = 1770.301 ; gain = 1233.891 ; free physical = 19432 ; free virtual = 90745
INFO-FLOW: Building ssdm...
Execute         transform -hls -function-uniquify -auto-function-inline -globaldce -ptrArgReplace -mem2reg -dce -reset-lda -loop-simplify -indvars -licm -loop-dep -loop-bound -licm -loop-simplify -flattenloopnest -array-flatten -gvn -instcombine -dce -array-map -dce -func-legal -gvn -adce -instcombine -cfgopt -simplifycfg -loop-simplify -array-burst -promote-global-argument -dce -ptrLegalization -axi4-lower -array-seg-normalize -basicaa -aggrmodref-aa -globalsmodref-aa -aggr-aa -gvn -gvn -basicaa -aggrmodref-aa -globalsmodref-aa -aggr-aa -dse -adse -adce -licm -inst-simplify -dce -globaldce -instcombine -array-stream -eliminate-keepreads -instcombine -dce -deadargelim -doublePtrSimplify -doublePtrElim -dce -doublePtrSimplify -promote-dbg-pointer -dce -scalarrepl -mem2reg -disaggr -norm-name -mem2reg -instcombine -dse -adse -adce -ptrLegalization -dce -auto-rom-infer -array-flatten -dce -instcombine -check-doubleptr -loop-rot -constprop -cfgopt -simplifycfg -loop-simplify -indvars -pointer-simplify -dce -loop-bound -loop-simplify -loop-preproc -constprop -global-constprop -gvn -mem2reg -instcombine -dce -loop-bound -loop-merge -dce -bitwidthmin -deadargelim -dce -canonicalize-dataflow -dce -scalar-propagation -deadargelim -globaldce -mem2reg -read-loop-dep -interface-preproc -directive-preproc -interface-gen -bram-byte-enable -deadargelim -inst-simplify -dce -gvn -mem2reg -instcombine -dce -adse -loop-bound -instcombine -cfgopt -simplifycfg -loop-simplify -clean-region -io-protocol -find-region -mem2reg -bitop-raise -complex-op-raise -inst-simplify -inst-rectify -instcombine -adce -deadargelim -loop-simplify -phi-opt -bitop-raise -cfgopt -simplifycfg -strip-dead-prototypes -interface-lower -bitop-lower -intrinsic-lower -auto-function-inline -basicaa -aggrmodref-aa -globalsmodref-aa -aggr-aa -inst-simplify -simplifycfg -loop-simplify -mergereturn -inst-simplify -inst-rectify -dce -load-elim -bitop-lower -loop-rewind -pointer-simplify -dce -cfgopt -dce -loop-bound -loop-dep -read-loop-dep -dce -check-stream -norm-name -legalize -validate-dataflow -inst-clarity -bitwidth -dump-loop-dep-to-ir -check-all-ssdm -cdfg-build /data/hmo31799/ped_sub/ped_sub_prj/individual_latency/.autopilot/db/a.o.2.bc -o /data/hmo31799/ped_sub/ped_sub_prj/individual_latency/.autopilot/db/a.o.3.bc -f -phase build-ssdm 
INFO: [HLS 200-111] Finished Architecture Synthesis Time (s): cpu = 00:00:18 ; elapsed = 00:00:19 . Memory (MB): peak = 1770.301 ; gain = 1233.891 ; free physical = 19430 ; free virtual = 90744
INFO-FLOW: Finish building internal data model.
Command       opt_and_import_c done; 1.81 sec.
Command     elaborate done; 14.4 sec.
Execute     autosyn -from_csynth_design=1 
INFO: [HLS 200-10] Starting hardware synthesis ...
INFO-FLOW: Synthesizing C/C++ design ...
INFO: [HLS 200-10] Synthesizing 'ped_alg' ...
Execute       ap_set_top_model ped_alg 
Execute       get_model_list ped_alg -filter all-wo-channel -topdown 
Execute       preproc_iomode -model ped_alg 
Execute       get_model_list ped_alg -filter all-wo-channel 
INFO-FLOW: Model list for configure: ped_alg
INFO-FLOW: Configuring Module : ped_alg ...
Execute       set_default_model ped_alg 
Execute       apply_spec_resource_limit ped_alg 
INFO-FLOW: Model list for preprocess: ped_alg
INFO-FLOW: Preprocessing Module: ped_alg ...
Execute       set_default_model ped_alg 
Execute       cdfg_preprocess -model ped_alg 
Execute       rtl_gen_preprocess ped_alg 
INFO-FLOW: Model list for synthesis: ped_alg
INFO: [HLS 200-10] ----------------------------------------------------------------
INFO: [HLS 200-42] -- Implementing module 'ped_alg' 
INFO: [HLS 200-10] ----------------------------------------------------------------
Execute       set_default_model ped_alg 
Execute       schedule -model ped_alg 
INFO: [SCHED 204-11] Starting scheduling ...
INFO: [SCHED 204-11] Finished scheduling.
INFO: [HLS 200-111]  Elapsed time: 19.07 seconds; current allocated memory: 112.052 MB.
Execute       syn_report -verbosereport -o /data/hmo31799/ped_sub/ped_sub_prj/individual_latency/.autopilot/db/ped_alg.verbose.sched.rpt 
Execute       db_write -o /data/hmo31799/ped_sub/ped_sub_prj/individual_latency/.autopilot/db/ped_alg.sched.adb -f 
INFO-FLOW: Finish scheduling ped_alg.
Execute       set_default_model ped_alg 
Execute       bind -model ped_alg 
BIND OPTION: model=ped_alg
INFO: [BIND 205-100] Starting micro-architecture generation ...
INFO: [BIND 205-101] Performing variable lifetime analysis.
INFO: [BIND 205-101] Exploring resource sharing.
INFO: [BIND 205-101] Binding ...
INFO: [BIND 205-100] Finished micro-architecture generation.
INFO: [HLS 200-111]  Elapsed time: 0.03 seconds; current allocated memory: 112.226 MB.
Execute       syn_report -verbosereport -o /data/hmo31799/ped_sub/ped_sub_prj/individual_latency/.autopilot/db/ped_alg.verbose.bind.rpt 
Execute       db_write -o /data/hmo31799/ped_sub/ped_sub_prj/individual_latency/.autopilot/db/ped_alg.bind.adb -f 
INFO-FLOW: Finish binding ped_alg.
Execute       get_model_list ped_alg -filter all-wo-channel 
INFO-FLOW: Preprocessing for RTLGen ...
Execute       rtl_gen_preprocess ped_alg 
INFO-FLOW: Model list for RTL generation: ped_alg
INFO: [HLS 200-10] ----------------------------------------------------------------
INFO: [HLS 200-10] -- Generating RTL for module 'ped_alg' 
INFO: [HLS 200-10] ----------------------------------------------------------------
Execute       get_config_rtl -module_prefix 
Execute       get_config_rtl -module_auto_prefix 
Execute       create_rtl_model ped_alg -vendor xilinx -mg_file /data/hmo31799/ped_sub/ped_sub_prj/individual_latency/.autopilot/db/ped_alg.compgen.tcl 
INFO: [RTGEN 206-500] Setting interface mode on port 'ped_alg/ped_val' to 'ap_ovld'.
INFO: [RTGEN 206-500] Setting interface mode on port 'ped_alg/accum' to 'ap_ovld'.
INFO: [RTGEN 206-500] Setting interface mode on port 'ped_alg/ADC' to 'ap_ovld'.
INFO: [RTGEN 206-500] Setting interface mode on function 'ped_alg' to 'ap_ctrl_hs'.
INFO: [RTGEN 206-100] Finished creating RTL model for 'ped_alg'.
INFO: [HLS 200-111]  Elapsed time: 0.05 seconds; current allocated memory: 112.574 MB.
Execute       source /data/hmo31799/ped_sub/ped_sub_prj/individual_latency/.autopilot/db/ped_alg.rtl_wrap.cfg.tcl 
Execute       gen_rtl ped_alg -istop -style xilinx -tracefl mytrace -tracefmt vcd -traceopt all -f -lang sc -o /data/hmo31799/ped_sub/ped_sub_prj/individual_latency/syn/systemc/ped_alg -synmodules ped_alg 
Execute       gen_rtl ped_alg -istop -style xilinx -f -lang vhdl -o /data/hmo31799/ped_sub/ped_sub_prj/individual_latency/syn/vhdl/ped_alg 
Execute       gen_rtl ped_alg -istop -style xilinx -f -lang vlog -o /data/hmo31799/ped_sub/ped_sub_prj/individual_latency/syn/verilog/ped_alg 
Execute       syn_report -csynth -model ped_alg -o /data/hmo31799/ped_sub/ped_sub_prj/individual_latency/syn/report/ped_alg_csynth.rpt 
Execute       syn_report -rtlxml -model ped_alg -o /data/hmo31799/ped_sub/ped_sub_prj/individual_latency/syn/report/ped_alg_csynth.xml 
Execute       syn_report -verbosereport -model ped_alg -o /data/hmo31799/ped_sub/ped_sub_prj/individual_latency/.autopilot/db/ped_alg.verbose.rpt 
Execute       db_write -model ped_alg -f -o /data/hmo31799/ped_sub/ped_sub_prj/individual_latency/.autopilot/db/ped_alg.adb 
Execute       gen_tb_info ped_alg -p /data/hmo31799/ped_sub/ped_sub_prj/individual_latency/.autopilot/db -o /data/hmo31799/ped_sub/ped_sub_prj/individual_latency/.autopilot/db/ped_alg 
Execute       export_constraint_db -f -tool general -o /data/hmo31799/ped_sub/ped_sub_prj/individual_latency/.autopilot/db/ped_alg.constraint.tcl 
Execute       syn_report -designview -model ped_alg -o /data/hmo31799/ped_sub/ped_sub_prj/individual_latency/.autopilot/db/ped_alg.design.xml 
Execute       get_config_rtl -disable_wave_debug 
Execute       syn_report -wcfg -model ped_alg -o /data/hmo31799/ped_sub/ped_sub_prj/individual_latency/.autopilot/db/ped_alg_dataflow_ana.wcfg 
Execute       syn_report -protoinst -model ped_alg -o /data/hmo31799/ped_sub/ped_sub_prj/individual_latency/.autopilot/db/ped_alg.protoinst 
Execute       get_config_debug -directory 
Execute       sc_get_clocks ped_alg 
Execute       get_config_export -vivado_clock 
Execute       sc_get_portdomain ped_alg 
INFO-FLOW: Model list for RTL component generation: ped_alg
INFO-FLOW: Handling components in module [ped_alg] ... 
Execute       source /data/hmo31799/ped_sub/ped_sub_prj/individual_latency/.autopilot/db/ped_alg.compgen.tcl 
INFO-FLOW: Append model ped_alg
INFO-FLOW: Generating RTL model list ...
INFO-FLOW: All models in this session: ped_alg
INFO-FLOW: To file: write model ped_alg
INFO-FLOW: Finished generating RTL model list.


INFO-FLOW: RTL Generation done.
INFO-FLOW: CAS Generation done.
INFO-FLOW: CBC Generation done.
Execute       syn_report -model ped_alg -printsummary 
INFO: [HLS 200-789] **** Estimated Fmax: 319.41 MHz
INFO-FLOW: DBG:CMD: auto_generate_csynth_design
INFO-FLOW: DBG:CMD:     auto_generate --sim-model -phase csynth_design -d /data/hmo31799/ped_sub/ped_sub_prj/individual_latency
Execute       source /data/hmo31799/ped_sub/ped_sub_prj/individual_latency/.autopilot/db/global.setting.tcl 
INFO-FLOW: DBG:CMD: read_platform_lib /data/hmo31799/ped_sub/ped_sub_prj/individual_latency/.autopilot/db/global.setting.tcl
Execute       source /opt/ppd/tools/xilinx/Vivado/2020.1/common/technology/generic/autopilot/common.gen 
Execute         source /opt/ppd/tools/xilinx/Vivado/2020.1/common/technology/generic/autopilot/APCoreGen.gen 
Execute       source /opt/ppd/tools/xilinx/Vivado/2020.1/common/technology/generic/autopilot/op.gen 
Execute       source /opt/ppd/tools/xilinx/Vivado/2020.1/common/technology/generic/autopilot/op_simcore.gen 
Execute       source /opt/ppd/tools/xilinx/Vivado/2020.1/common/technology/generic/autopilot/interface.gen 
Execute       source /data/hmo31799/ped_sub/ped_sub_prj/individual_latency/.autopilot/db/global.setting.tcl 
Execute       source /opt/ppd/tools/xilinx/Vivado/2020.1/common/technology/xilinx/zynquplus/zynquplus.gen 
Execute         source /opt/ppd/tools/xilinx/Vivado/2020.1/common/technology/xilinx/common/xilinx.gen 
Execute           source /opt/ppd/tools/xilinx/Vivado/2020.1/common/technology/xilinx/interface/plb46.gen 
Execute           source /opt/ppd/tools/xilinx/Vivado/2020.1/common/technology/xilinx/interface/fsl.gen 
Execute           source /opt/ppd/tools/xilinx/Vivado/2020.1/common/technology/xilinx/interface/axi4.gen 
Execute           source /opt/ppd/tools/xilinx/Vivado/2020.1/common/technology/xilinx/interface/nativeAXI4.gen 
Execute             source /opt/ppd/tools/xilinx/Vivado/2020.1/common/technology/xilinx/interface/saxilite.gen 
Execute             source /opt/ppd/tools/xilinx/Vivado/2020.1/common/technology/xilinx/interface/maxi.gen 
Execute           source /opt/ppd/tools/xilinx/Vivado/2020.1/common/technology/xilinx/scripts/xilinxcoregen.gen 
Execute           source /opt/ppd/tools/xilinx/Vivado/2020.1/common/technology/xilinx/interface/XilEDKCoreGen.gen 
Execute           source /opt/ppd/tools/xilinx/Vivado/2020.1/common/technology/xilinx/ip/dds_compiler.gen 
Execute           source /opt/ppd/tools/xilinx/Vivado/2020.1/common/technology/xilinx/ip/util.gen 
Execute           source /opt/ppd/tools/xilinx/Vivado/2020.1/common/technology/xilinx/ip/xfft.gen 
Execute           source /opt/ppd/tools/xilinx/Vivado/2020.1/common/technology/xilinx/ip/xfir.gen 
Execute           source /opt/ppd/tools/xilinx/Vivado/2020.1/common/technology/xilinx/common/dsp48.gen 
Command         ap_source done; 0.14 sec.
Command       ap_source done; 0.14 sec.
Execute       source /opt/ppd/tools/xilinx/Vivado/2020.1/common/technology/xilinx/zynquplus/zynquplus_fpv7.gen 
Execute         source /opt/ppd/tools/xilinx/Vivado/2020.1/common/technology/xilinx/common/xilinx_fp.gen 
INFO-FLOW: DBG:CMD:   using AESL_AUTOCG::g_clock_period=4.000 (was NA)
INFO-FLOW: DBG:CMD:       generate_ip_cores sim=1 export=0 expOnly=0 dstVlogDir=syn/verilog
Execute       source /data/hmo31799/ped_sub/ped_sub_prj/individual_latency/.autopilot/db/global.setting.tcl 
Execute       ap_part_info -name xczu9eg-ffvb1156-2-e -data names -quiet 
Execute       ap_part_info -name xczu9eg-ffvb1156-2-e -data info -quiet 
Execute       source /data/hmo31799/ped_sub/ped_sub_prj/individual_latency/.autopilot/db/global.setting.tcl 
Execute       source /data/hmo31799/ped_sub/ped_sub_prj/individual_latency/.autopilot/db/global.setting.tcl 
Execute       source /data/hmo31799/ped_sub/ped_sub_prj/individual_latency/.autopilot/db/ped_alg.compgen.tcl 
INFO-FLOW: DBG:CMD:     auto_generate -export -impltomg_flag -rtl both -tool Vivado -pcore_version 1.00.a -phase csynth_design -d /data/hmo31799/ped_sub/ped_sub_prj/individual_latency
Execute       source /data/hmo31799/ped_sub/ped_sub_prj/individual_latency/.autopilot/db/global.setting.tcl 
INFO-FLOW: DBG:CMD: read_platform_lib /data/hmo31799/ped_sub/ped_sub_prj/individual_latency/.autopilot/db/global.setting.tcl
Execute       source /opt/ppd/tools/xilinx/Vivado/2020.1/common/technology/generic/autopilot/common.gen 
Execute         source /opt/ppd/tools/xilinx/Vivado/2020.1/common/technology/generic/autopilot/APCoreGen.gen 
Execute       source /opt/ppd/tools/xilinx/Vivado/2020.1/common/technology/generic/autopilot/op.gen 
Execute       source /opt/ppd/tools/xilinx/Vivado/2020.1/common/technology/generic/autopilot/op_simcore.gen 
Execute       source /opt/ppd/tools/xilinx/Vivado/2020.1/common/technology/generic/autopilot/interface.gen 
Execute       source /data/hmo31799/ped_sub/ped_sub_prj/individual_latency/.autopilot/db/global.setting.tcl 
Execute       source /opt/ppd/tools/xilinx/Vivado/2020.1/common/technology/xilinx/zynquplus/zynquplus.gen 
Execute         source /opt/ppd/tools/xilinx/Vivado/2020.1/common/technology/xilinx/common/xilinx.gen 
Execute           source /opt/ppd/tools/xilinx/Vivado/2020.1/common/technology/xilinx/interface/plb46.gen 
Execute           source /opt/ppd/tools/xilinx/Vivado/2020.1/common/technology/xilinx/interface/fsl.gen 
Execute           source /opt/ppd/tools/xilinx/Vivado/2020.1/common/technology/xilinx/interface/axi4.gen 
Execute           source /opt/ppd/tools/xilinx/Vivado/2020.1/common/technology/xilinx/interface/nativeAXI4.gen 
Execute             source /opt/ppd/tools/xilinx/Vivado/2020.1/common/technology/xilinx/interface/saxilite.gen 
Execute             source /opt/ppd/tools/xilinx/Vivado/2020.1/common/technology/xilinx/interface/maxi.gen 
Execute           source /opt/ppd/tools/xilinx/Vivado/2020.1/common/technology/xilinx/scripts/xilinxcoregen.gen 
Execute           source /opt/ppd/tools/xilinx/Vivado/2020.1/common/technology/xilinx/interface/XilEDKCoreGen.gen 
Execute           source /opt/ppd/tools/xilinx/Vivado/2020.1/common/technology/xilinx/ip/dds_compiler.gen 
Execute           source /opt/ppd/tools/xilinx/Vivado/2020.1/common/technology/xilinx/ip/util.gen 
Execute           source /opt/ppd/tools/xilinx/Vivado/2020.1/common/technology/xilinx/ip/xfft.gen 
Execute           source /opt/ppd/tools/xilinx/Vivado/2020.1/common/technology/xilinx/ip/xfir.gen 
Execute           source /opt/ppd/tools/xilinx/Vivado/2020.1/common/technology/xilinx/common/dsp48.gen 
Command         ap_source done; 0.15 sec.
Command       ap_source done; 0.15 sec.
Execute       source /opt/ppd/tools/xilinx/Vivado/2020.1/common/technology/xilinx/zynquplus/zynquplus_fpv7.gen 
Execute         source /opt/ppd/tools/xilinx/Vivado/2020.1/common/technology/xilinx/common/xilinx_fp.gen 
INFO-FLOW: DBG:CMD:       initCTypeInfo top_module=ped_alg xml_exists=0
Execute       source /data/hmo31799/ped_sub/ped_sub_prj/individual_latency/.autopilot/db/ped_alg.rtl_wrap.cfg.tcl 
Execute       source /data/hmo31799/ped_sub/ped_sub_prj/individual_latency/.autopilot/db/ped_alg.rtl_wrap.cfg.tcl 
Execute       source /data/hmo31799/ped_sub/ped_sub_prj/individual_latency/.autopilot/db/ped_alg.rtl_wrap.cfg.tcl 
Execute       source /data/hmo31799/ped_sub/ped_sub_prj/individual_latency/.autopilot/db/ped_alg.tbgen.tcl 
Execute       source /data/hmo31799/ped_sub/ped_sub_prj/individual_latency/.autopilot/db/ped_alg.tbgen.tcl 
INFO-FLOW: DBG:CMD:       export_impl_rtl
INFO-FLOW: DBG:CMD:       generate_ip_cores sim=0 export=0 expOnly=0 dstVlogDir=impl/.verilog
Execute       source /data/hmo31799/ped_sub/ped_sub_prj/individual_latency/.autopilot/db/global.setting.tcl 
Execute       source /data/hmo31799/ped_sub/ped_sub_prj/individual_latency/.autopilot/db/ped_alg.compgen.tcl 
INFO-FLOW: DBG:CMD:       generate_ip_cores sim=0 export=1 expOnly=1 dstVlogDir=impl/.pcores/verilog
Execute       source /data/hmo31799/ped_sub/ped_sub_prj/individual_latency/.autopilot/db/global.setting.tcl 
Execute       source /data/hmo31799/ped_sub/ped_sub_prj/individual_latency/.autopilot/db/ped_alg.compgen.tcl 
Execute         ap_part_info -name xczu9eg-ffvb1156-2-e -data names -quiet 
Execute         ap_part_info -name xczu9eg-ffvb1156-2-e -data info -quiet 
Execute         ap_part_info -name xczu9eg-ffvb1156-2-e -data names -quiet 
Execute         ap_part_info -name xczu9eg-ffvb1156-2-e -data info -quiet 
Execute         ap_part_info -name xczu9eg-ffvb1156-2-e -data names -quiet 
Execute         ap_part_info -name xczu9eg-ffvb1156-2-e -data info -quiet 
Execute         ap_part_info -name xczu9eg-ffvb1156-2-e -data names -quiet 
Execute         ap_part_info -name xczu9eg-ffvb1156-2-e -data info -quiet 
Execute         ap_part_info -name xczu9eg-ffvb1156-2-e -data names -quiet 
Execute         ap_part_info -name xczu9eg-ffvb1156-2-e -data info -quiet 
Execute         ap_part_info -name xczu9eg-ffvb1156-2-e -data names -quiet 
Execute         ap_part_info -name xczu9eg-ffvb1156-2-e -data info -quiet 
Execute         ap_part_info -name xczu9eg-ffvb1156-2-e -data names -quiet 
Execute         ap_part_info -name xczu9eg-ffvb1156-2-e -data info -quiet 
Execute         ap_part_info -name xczu9eg-ffvb1156-2-e -data names -quiet 
Execute         ap_part_info -name xczu9eg-ffvb1156-2-e -data info -quiet 
Execute         ap_part_info -name xczu9eg-ffvb1156-2-e -data names -quiet 
Execute         ap_part_info -name xczu9eg-ffvb1156-2-e -data info -quiet 
Execute         ap_part_info -name xczu9eg-ffvb1156-2-e -data names -quiet 
Execute         ap_part_info -name xczu9eg-ffvb1156-2-e -data info -quiet 
Command       ap_source done; 0.18 sec.
Execute       ap_part_info -name xczu9eg-ffvb1156-2-e -data names -quiet 
Execute       ap_part_info -name xczu9eg-ffvb1156-2-e -data info -quiet 
INFO-FLOW: DBG:CMD:       generate_ip_cores sim=0 export=0 expOnly=0 dstVlogDir=impl/.pcores/verilog_sim
Execute       source /data/hmo31799/ped_sub/ped_sub_prj/individual_latency/.autopilot/db/global.setting.tcl 
Execute       source /data/hmo31799/ped_sub/ped_sub_prj/individual_latency/.autopilot/db/ped_alg.compgen.tcl 
Execute       ap_part_info -name xczu9eg-ffvb1156-2-e -data names -quiet 
Execute       ap_part_info -name xczu9eg-ffvb1156-2-e -data info -quiet 
Execute       ap_part_info -name xczu9eg-ffvb1156-2-e -data names -quiet 
Execute       ap_part_info -name xczu9eg-ffvb1156-2-e -data info -quiet 
Execute       source /data/hmo31799/ped_sub/ped_sub_prj/individual_latency/.autopilot/db/global.setting.tcl 
Execute       ap_part_info -name xczu9eg-ffvb1156-2-e -data names -quiet 
Execute       ap_part_info -name xczu9eg-ffvb1156-2-e -data info -quiet 
Execute       source /data/hmo31799/ped_sub/ped_sub_prj/individual_latency/.autopilot/db/ped_alg.constraint.tcl 
Execute       source /data/hmo31799/ped_sub/ped_sub_prj/individual_latency/.autopilot/db/ped_alg.tbgen.tcl 
INFO-FLOW: DBG:CMD:       hasPcoreIpAdapter=false #gSsdmPorts=8
INFO-FLOW: DBG:CMD: Skipping loadAnalyze_DB, #g_database=3
INFO-FLOW: DBG:CMD:       generate_json is_phase_csynth=1 g_has_adaptors=false generate_bd_files=0 #modelList=1 #gSsdmPorts=8
Execute       source /opt/ppd/tools/xilinx/Vivado/2020.1/tps/tcl/tcllib1.11.1/fileutil/fileutil.tcl 
Execute         source /opt/ppd/tools/xilinx/Vivado/2020.1/tps/tcl/tcllib1.11.1/cmdline/cmdline.tcl 
Execute       source /data/hmo31799/ped_sub/ped_sub_prj/individual_latency/.autopilot/db/global.setting.tcl 
Execute       source /data/hmo31799/ped_sub/ped_sub_prj/individual_latency/.autopilot/db/global.setting.tcl 
Execute       get_config_export -xo 
Execute       source /data/hmo31799/ped_sub/ped_sub_prj/individual_latency/.autopilot/db/ped_alg.tbgen.tcl 
Execute       source /data/hmo31799/ped_sub/ped_sub_prj/individual_latency/.autopilot/db/ped_alg.tbgen.tcl 
Execute       source /data/hmo31799/ped_sub/ped_sub_prj/individual_latency/.autopilot/db/ped_alg.tbgen.tcl 
Execute       source /data/hmo31799/ped_sub/ped_sub_prj/individual_latency/.autopilot/db/ped_alg.tbgen.tcl 
Execute       source /data/hmo31799/ped_sub/ped_sub_prj/individual_latency/.autopilot/db/ped_alg.tbgen.tcl 
Execute       source /data/hmo31799/ped_sub/ped_sub_prj/individual_latency/.autopilot/db/global.setting.tcl 
Execute       get_config_sdx -target 
Execute       source /data/hmo31799/ped_sub/ped_sub_prj/individual_latency/.autopilot/db/ped_alg.rtl_wrap.cfg.tcl 
Execute       source /data/hmo31799/ped_sub/ped_sub_prj/individual_latency/.autopilot/db/ped_alg.compgen.dataonly.tcl 
Execute       source /data/hmo31799/ped_sub/ped_sub_prj/individual_latency/.autopilot/db/global.setting.tcl 
Execute       ap_part_info -name xczu9eg-ffvb1156-2-e -data names -quiet 
Execute       ap_part_info -name xczu9eg-ffvb1156-2-e -data info -quiet 
Execute       source /data/hmo31799/ped_sub/ped_sub_prj/individual_latency/.autopilot/db/ped_alg.constraint.tcl 
Execute       sc_get_clocks ped_alg 
Execute       ap_part_info -name xczu9eg-ffvb1156-2-e -data names -quiet 
Execute       ap_part_info -name xczu9eg-ffvb1156-2-e -data info -quiet 
Execute       source /data/hmo31799/ped_sub/ped_sub_prj/individual_latency/.autopilot/db/global.setting.tcl 
Execute       get_config_debug -directory 
Execute       source /data/hmo31799/ped_sub/ped_sub_prj/individual_latency/.autopilot/db/ped_alg.tbgen.tcl 
Execute       get_config_sdx -target 
Execute       get_config_sdx -profile 
Execute       get_config_rtl -kernel_profile 
Execute       get_config_rtl -stall_sig_gen 
Execute       get_config_rtl -profile 
INFO-FLOW: DBG:CMD: add_json_sdx_info kernel file does not exist, skipping opencl info: /data/hmo31799/ped_sub/ped_sub_prj/individual_latency/.autopilot/db/kernel.internal.xml
INFO-FLOW: DBG:CMD:       delete-temp-dirs (skipped for debug)
INFO: [HLS 200-111] Finished generating all RTL models Time (s): cpu = 00:00:19 ; elapsed = 00:00:20 . Memory (MB): peak = 1770.301 ; gain = 1233.891 ; free physical = 19428 ; free virtual = 90743
INFO: [VHDL 208-304] Generating VHDL RTL for ped_alg.
INFO: [VLOG 209-307] Generating Verilog RTL for ped_alg.
Command     autosyn done; 1.09 sec.
Command   csynth_design done; 15.49 sec.
Command ap_source done; 19.49 sec.
Execute cleanup_all 
INFO-FLOW: Workspace /data/hmo31799/ped_sub/ped_sub_prj/individual_latency opened at Fri Oct 30 15:58:05 GMT 2020
Execute     config_clock -quiet -name default -period 4 -unit ns -default=false 
INFO: [SYN 201-201] Setting up clock 'default' with a period of 4ns.
Execute     open_platform DefaultPlatform 
Execute     import_lib /opt/ppd/tools/xilinx/Vivado/2020.1/common/technology/xilinx/zynquplus/zynquplus 
Execute       source /opt/ppd/tools/xilinx/Vivado/2020.1/common/technology/xilinx/common/xilinx.lib 
Execute         source /opt/ppd/tools/xilinx/Vivado/2020.1/common/technology/xilinx/interface/xilinx_interface.lib 
Execute           source /opt/ppd/tools/xilinx/Vivado/2020.1/common/technology/xilinx/interface/plb46.lib 
Execute           source /opt/ppd/tools/xilinx/Vivado/2020.1/common/technology/xilinx/interface/fsl.lib 
Execute           source /opt/ppd/tools/xilinx/Vivado/2020.1/common/technology/xilinx/interface/axi4.lib 
Execute           source /opt/ppd/tools/xilinx/Vivado/2020.1/common/technology/xilinx/interface/maxi.lib 
Execute           source /opt/ppd/tools/xilinx/Vivado/2020.1/common/technology/xilinx/interface/saxilite.lib 
Execute         source /opt/ppd/tools/xilinx/Vivado/2020.1/common/technology/xilinx/common/dsp48.lib 
Execute         source /opt/ppd/tools/xilinx/Vivado/2020.1/common/technology/xilinx/ip/dds_compiler.lib 
Execute         source /opt/ppd/tools/xilinx/Vivado/2020.1/common/technology/xilinx/ip/xfft.lib 
Execute         source /opt/ppd/tools/xilinx/Vivado/2020.1/common/technology/xilinx/ip/xfir.lib 
Execute       source /opt/ppd/tools/xilinx/Vivado/2020.1/common/technology/xilinx/common/xilinx.hlp 
Execute         source /opt/ppd/tools/xilinx/Vivado/2020.1/common/technology/xilinx/common/target_info.tcl 
Execute         source /opt/ppd/tools/xilinx/Vivado/2020.1/common/technology/xilinx/interface/xilinx_interface.hlp 
Execute           source /opt/ppd/tools/xilinx/Vivado/2020.1/common/technology/xilinx/interface/maxi.hlp 
Execute           source /opt/ppd/tools/xilinx/Vivado/2020.1/common/technology/xilinx/interface/saxilite.hlp 
Execute         source /opt/ppd/tools/xilinx/Vivado/2020.1/common/technology/xilinx/common/dsp48.hlp 
Execute       source /opt/ppd/tools/xilinx/Vivado/2020.1/common/technology/xilinx/zynquplus/dsp48e2.hlp 
Execute       source /opt/ppd/tools/xilinx/Vivado/2020.1/common/technology/xilinx/common/xilinx.hlp 
Execute         source /opt/ppd/tools/xilinx/Vivado/2020.1/common/technology/xilinx/common/target_info.tcl 
Execute         source /opt/ppd/tools/xilinx/Vivado/2020.1/common/technology/xilinx/interface/xilinx_interface.hlp 
Execute           source /opt/ppd/tools/xilinx/Vivado/2020.1/common/technology/xilinx/interface/maxi.hlp 
Execute           source /opt/ppd/tools/xilinx/Vivado/2020.1/common/technology/xilinx/interface/saxilite.hlp 
Execute         source /opt/ppd/tools/xilinx/Vivado/2020.1/common/technology/xilinx/common/dsp48.hlp 
Execute     source /opt/ppd/tools/xilinx/Vivado/2020.1/common/technology/xilinx/zynquplus/zynquplus.gen 
Execute       source /opt/ppd/tools/xilinx/Vivado/2020.1/common/technology/xilinx/common/xilinx.gen 
Execute         source /opt/ppd/tools/xilinx/Vivado/2020.1/common/technology/xilinx/interface/plb46.gen 
Execute         source /opt/ppd/tools/xilinx/Vivado/2020.1/common/technology/xilinx/interface/fsl.gen 
Execute         source /opt/ppd/tools/xilinx/Vivado/2020.1/common/technology/xilinx/interface/axi4.gen 
Execute         source /opt/ppd/tools/xilinx/Vivado/2020.1/common/technology/xilinx/interface/nativeAXI4.gen 
Execute           source /opt/ppd/tools/xilinx/Vivado/2020.1/common/technology/xilinx/interface/saxilite.gen 
Execute           source /opt/ppd/tools/xilinx/Vivado/2020.1/common/technology/xilinx/interface/maxi.gen 
Execute         source /opt/ppd/tools/xilinx/Vivado/2020.1/common/technology/xilinx/scripts/xilinxcoregen.gen 
Execute         source /opt/ppd/tools/xilinx/Vivado/2020.1/common/technology/xilinx/interface/XilEDKCoreGen.gen 
Execute         source /opt/ppd/tools/xilinx/Vivado/2020.1/common/technology/xilinx/ip/dds_compiler.gen 
Execute         source /opt/ppd/tools/xilinx/Vivado/2020.1/common/technology/xilinx/ip/util.gen 
Execute         source /opt/ppd/tools/xilinx/Vivado/2020.1/common/technology/xilinx/ip/xfft.gen 
Command         ap_source done; 0.11 sec.
Execute         source /opt/ppd/tools/xilinx/Vivado/2020.1/common/technology/xilinx/ip/xfir.gen 
Execute         source /opt/ppd/tools/xilinx/Vivado/2020.1/common/technology/xilinx/common/dsp48.gen 
Command       ap_source done; 0.15 sec.
Command     ap_source done; 0.15 sec.
Execute     open_platform DefaultPlatform 
Execute     import_lib /opt/ppd/tools/xilinx/Vivado/2020.1/common/technology/xilinx/zynquplus/zynquplus_fpv7 
Execute       source /opt/ppd/tools/xilinx/Vivado/2020.1/common/technology/xilinx/common/xilinx_fp.lib 
Execute       source /opt/ppd/tools/xilinx/Vivado/2020.1/common/technology/xilinx/common/xilinx_fp.hlp 
Execute         source /opt/ppd/tools/xilinx/Vivado/2020.1/common/technology/xilinx/common/xilinx.hlp 
Execute           source /opt/ppd/tools/xilinx/Vivado/2020.1/common/technology/xilinx/common/target_info.tcl 
Execute           source /opt/ppd/tools/xilinx/Vivado/2020.1/common/technology/xilinx/interface/xilinx_interface.hlp 
Execute             source /opt/ppd/tools/xilinx/Vivado/2020.1/common/technology/xilinx/interface/maxi.hlp 
Execute             source /opt/ppd/tools/xilinx/Vivado/2020.1/common/technology/xilinx/interface/saxilite.hlp 
Execute           source /opt/ppd/tools/xilinx/Vivado/2020.1/common/technology/xilinx/common/dsp48.hlp 
Execute     source /opt/ppd/tools/xilinx/Vivado/2020.1/common/technology/xilinx/zynquplus/zynquplus_fpv7.gen 
Execute       source /opt/ppd/tools/xilinx/Vivado/2020.1/common/technology/xilinx/common/xilinx_fp.gen 
Execute     set_part xczu9eg-ffvb1156-2-e 
Execute       ap_part_info -name xczu9eg-ffvb1156-2-e -data single -quiet 
Command       ap_part_info done; 3.26 sec.
Execute       ap_part_info -name xczu9eg-ffvb1156-2-e -data info 
Execute       add_library xilinx/zynquplus/zynquplus:xczu9eg:-ffvb1156:-2-e 
Execute         get_default_platform 
Execute         ap_part_info -data single -name xczu9eg-ffvb1156-2-e 
Execute         ap_part_info -name xczu9eg-ffvb1156-2-e -data resources 
Execute         ap_part_info -name xczu9eg-ffvb1156-2-e -data info 
Execute         ap_part_info -name xczu9eg-ffvb1156-2-e -data info 
Execute         config_chip_info -quiet -resource {SLICE 34260} {LUT 274080} {FF 548160} {DSP48E 2520} {BRAM 1824} {URAM 0} 
Execute         ap_part_info -name xczu9eg-ffvb1156-2-e -data info 
Execute         config_chip_info -quiet -speed medium 
Execute       add_library xilinx/zynquplus/zynquplus_fpv7 
Execute         get_default_platform 
INFO: [HLS 200-10] Setting target device to 'xczu9eg-ffvb1156-2-e'
Execute       ap_part_info -name xczu9eg-ffvb1156-2-e -data info 
Execute       get_default_platform 
Command     set_part done; 3.45 sec.
Execute     ap_part_info -data single -name xczu9eg-ffvb1156-2-e 
Execute     ap_part_info -name xczu9eg-ffvb1156-2-e -data resources 
Execute     ap_part_info -name xczu9eg-ffvb1156-2-e -data info 
Execute     ap_part_info -name xczu9eg-ffvb1156-2-e -data info 
Execute     config_chip_info -quiet -resource {SLICE 34260} {LUT 274080} {FF 548160} {DSP48E 2520} {BRAM 1824} {URAM 0} 
Execute     ap_part_info -name xczu9eg-ffvb1156-2-e -data info 
Execute     config_chip_info -quiet -speed medium 
Command   open_solution done; 3.76 sec.
Execute   cosim_design -rtl vhdl 
Execute     source /data/hmo31799/ped_sub/ped_sub_prj/individual_latency/.autopilot/db/global.setting.tcl 
Execute     source /data/hmo31799/ped_sub/ped_sub_prj/individual_latency/.autopilot/db/global.setting.tcl 
Execute     source /data/hmo31799/ped_sub/ped_sub_prj/individual_latency/.autopilot/db/global.setting.tcl 
INFO-FLOW: DBG:CMD: read_platform_lib /data/hmo31799/ped_sub/ped_sub_prj/individual_latency/.autopilot/db/global.setting.tcl
Execute     source /opt/ppd/tools/xilinx/Vivado/2020.1/common/technology/generic/autopilot/common.gen 
Execute       source /opt/ppd/tools/xilinx/Vivado/2020.1/common/technology/generic/autopilot/APCoreGen.gen 
Execute     source /opt/ppd/tools/xilinx/Vivado/2020.1/common/technology/generic/autopilot/op.gen 
Execute     source /opt/ppd/tools/xilinx/Vivado/2020.1/common/technology/generic/autopilot/op_simcore.gen 
Execute     source /opt/ppd/tools/xilinx/Vivado/2020.1/common/technology/generic/autopilot/interface.gen 
Execute     source /data/hmo31799/ped_sub/ped_sub_prj/individual_latency/.autopilot/db/global.setting.tcl 
Execute     source /opt/ppd/tools/xilinx/Vivado/2020.1/common/technology/xilinx/zynquplus/zynquplus.gen 
Execute       source /opt/ppd/tools/xilinx/Vivado/2020.1/common/technology/xilinx/common/xilinx.gen 
Execute         source /opt/ppd/tools/xilinx/Vivado/2020.1/common/technology/xilinx/interface/plb46.gen 
Execute         source /opt/ppd/tools/xilinx/Vivado/2020.1/common/technology/xilinx/interface/fsl.gen 
Execute         source /opt/ppd/tools/xilinx/Vivado/2020.1/common/technology/xilinx/interface/axi4.gen 
Execute         source /opt/ppd/tools/xilinx/Vivado/2020.1/common/technology/xilinx/interface/nativeAXI4.gen 
Execute           source /opt/ppd/tools/xilinx/Vivado/2020.1/common/technology/xilinx/interface/saxilite.gen 
Execute           source /opt/ppd/tools/xilinx/Vivado/2020.1/common/technology/xilinx/interface/maxi.gen 
Execute         source /opt/ppd/tools/xilinx/Vivado/2020.1/common/technology/xilinx/scripts/xilinxcoregen.gen 
Execute         source /opt/ppd/tools/xilinx/Vivado/2020.1/common/technology/xilinx/interface/XilEDKCoreGen.gen 
Execute         source /opt/ppd/tools/xilinx/Vivado/2020.1/common/technology/xilinx/ip/dds_compiler.gen 
Execute         source /opt/ppd/tools/xilinx/Vivado/2020.1/common/technology/xilinx/ip/util.gen 
Execute         source /opt/ppd/tools/xilinx/Vivado/2020.1/common/technology/xilinx/ip/xfft.gen 
Execute         source /opt/ppd/tools/xilinx/Vivado/2020.1/common/technology/xilinx/ip/xfir.gen 
Execute         source /opt/ppd/tools/xilinx/Vivado/2020.1/common/technology/xilinx/common/dsp48.gen 
Command       ap_source done; 0.14 sec.
Command     ap_source done; 0.14 sec.
Execute     source /opt/ppd/tools/xilinx/Vivado/2020.1/common/technology/xilinx/zynquplus/zynquplus_fpv7.gen 
Execute       source /opt/ppd/tools/xilinx/Vivado/2020.1/common/technology/xilinx/common/xilinx_fp.gen 
INFO-FLOW: DBG:CMD:   using AESL_AUTOCG::g_clock_period=4.000 (was NA)
Execute     ap_part_info -name xczu9eg-ffvb1156-2-e -data names -quiet 
Execute     ap_part_info -name xczu9eg-ffvb1156-2-e -data info -quiet 
Execute     source /data/hmo31799/ped_sub/ped_sub_prj/individual_latency/.autopilot/db/global.setting.tcl 
Execute     source /data/hmo31799/ped_sub/ped_sub_prj/individual_latency/.autopilot/db/ped_alg.rtl_wrap.cfg.tcl 
Execute     source /data/hmo31799/ped_sub/ped_sub_prj/individual_latency/.autopilot/db/ped_alg.tbgen.tcl 
Execute     is_encrypted /data/hmo31799/ped_sub/pedsub_test.cpp 
Execute     is_encrypted /data/hmo31799/ped_sub/functions.cpp 
Execute     source /data/hmo31799/ped_sub/ped_sub_prj/individual_latency/.autopilot/db/ped_alg.tbgen.tcl 
Execute     source /data/hmo31799/ped_sub/ped_sub_prj/individual_latency/.autopilot/db/ped_alg.tbgen.tcl 
INFO: [COSIM 212-47] Using XSIM for RTL simulation.
INFO: [COSIM 212-14] Instrumenting C test bench ...
Execute     ap_part_info -name xczu9eg-ffvb1156-2-e -data info 
INFO-FLOW: TB processing: /data/hmo31799/ped_sub/pedsub_test.cpp /data/hmo31799/ped_sub/ped_sub_prj/individual_latency/./sim/autowrap/testbench/pedsub_test.cpp_pre.cpp
Execute     tidy_31 xilinx-tb-xfmat /data/hmo31799/ped_sub/ped_sub_prj/individual_latency/./sim/autowrap/testbench/pedsub_test.cpp_pre.cpp std=c++11 
INFO-FLOW: exec /opt/ppd/tools/xilinx/Vivado/2020.1/lnx64/tools/clang-3.9-csynth/bin/tidy-3.1 -header-filter=.* -checks=-*,xilinx-tb-xfmat -quiet -fix-errors /data/hmo31799/ped_sub/ped_sub_prj/individual_latency/./sim/autowrap/testbench/pedsub_test.cpp_pre.cpp -- -std=c++11 -fhls -ferror-limit=0
Command     tidy_31 done; 0.35 sec.
Execute     tidy_31 xilinx-tb31-process /data/hmo31799/ped_sub/ped_sub_prj/individual_latency/./sim/autowrap/testbench/pedsub_test.cpp_pre.cpp.tb.cpp std=c++11 
INFO-FLOW: exec /opt/ppd/tools/xilinx/Vivado/2020.1/lnx64/tools/clang-3.9-csynth/bin/tidy-3.1 -header-filter=.* -checks=-*,xilinx-tb31-process -quiet -fix-errors /data/hmo31799/ped_sub/ped_sub_prj/individual_latency/./sim/autowrap/testbench/pedsub_test.cpp_pre.cpp.tb.cpp -- -std=c++11 -fhls -ferror-limit=0
Command     tidy_31 done; 0.35 sec.
Execute     ap_part_info -name xczu9eg-ffvb1156-2-e -data info 
INFO-FLOW: TB processing: /data/hmo31799/ped_sub/functions.cpp /data/hmo31799/ped_sub/ped_sub_prj/individual_latency/./sim/autowrap/testbench/functions.cpp_pre.cpp
Execute     tidy_31 xilinx-tb-xfmat /data/hmo31799/ped_sub/ped_sub_prj/individual_latency/./sim/autowrap/testbench/functions.cpp_pre.cpp std=c++11 
INFO-FLOW: exec /opt/ppd/tools/xilinx/Vivado/2020.1/lnx64/tools/clang-3.9-csynth/bin/tidy-3.1 -header-filter=.* -checks=-*,xilinx-tb-xfmat -quiet -fix-errors /data/hmo31799/ped_sub/ped_sub_prj/individual_latency/./sim/autowrap/testbench/functions.cpp_pre.cpp -- -std=c++11 -fhls -ferror-limit=0
Command     tidy_31 done; 0.34 sec.
Execute     tidy_31 xilinx-tb31-process /data/hmo31799/ped_sub/ped_sub_prj/individual_latency/./sim/autowrap/testbench/functions.cpp_pre.cpp.tb.cpp std=c++11 
INFO-FLOW: exec /opt/ppd/tools/xilinx/Vivado/2020.1/lnx64/tools/clang-3.9-csynth/bin/tidy-3.1 -header-filter=.* -checks=-*,xilinx-tb31-process -quiet -fix-errors /data/hmo31799/ped_sub/ped_sub_prj/individual_latency/./sim/autowrap/testbench/functions.cpp_pre.cpp.tb.cpp -- -std=c++11 -fhls -ferror-limit=0
Command     tidy_31 done; 0.52 sec.
Execute     source /data/hmo31799/ped_sub/ped_sub_prj/individual_latency/./sim/autowrap/testbench/tb.status.tcl 
Execute     source /data/hmo31799/ped_sub/ped_sub_prj/individual_latency/.autopilot/db/global.setting.tcl 
Execute     source /data/hmo31799/ped_sub/ped_sub_prj/individual_latency/.autopilot/db/ped_alg.rtl_wrap.cfg.tcl 
Execute     source /data/hmo31799/ped_sub/ped_sub_prj/individual_latency/.autopilot/db/ped_alg.rtl_wrap.cfg.tcl 
Execute     source /data/hmo31799/ped_sub/ped_sub_prj/individual_latency/.autopilot/db/ped_alg.rtl_wrap.cfg.tcl 
Execute     source /data/hmo31799/ped_sub/ped_sub_prj/individual_latency/.autopilot/db/ped_alg.tbgen.tcl 
Execute     source /data/hmo31799/ped_sub/ped_sub_prj/individual_latency/.autopilot/db/ped_alg.tbgen.tcl 
Execute     ap_part_info -name xczu9eg-ffvb1156-2-e -data info 
Execute     source .run_sim.tcl 
INFO: [COSIM 212-302] Starting C TB testing ... 
Command     ap_source done; 0.57 sec.
INFO: [COSIM 212-333] Generating C post check test bench ...
Execute     ap_part_info -name xczu9eg-ffvb1156-2-e -data info 
INFO: [COSIM 212-12] Generating RTL test bench ...
Execute     source /data/hmo31799/ped_sub/ped_sub_prj/individual_latency/.autopilot/db/ped_alg.tbgen.tcl 
Execute     source /data/hmo31799/ped_sub/ped_sub_prj/individual_latency/.autopilot/db/ped_alg.tbgen.tcl 
Execute     source /data/hmo31799/ped_sub/ped_sub_prj/individual_latency/.autopilot/db/ped_alg.tbgen.tcl 
Execute     source /data/hmo31799/ped_sub/ped_sub_prj/individual_latency/.autopilot/db/ped_alg.tbgen.tcl 
Execute     source ../tv/cdatafile/ref.tcl 
Execute     source /data/hmo31799/ped_sub/ped_sub_prj/individual_latency/.autopilot/db/ped_alg.tbgen.tcl 
Execute     source /data/hmo31799/ped_sub/ped_sub_prj/individual_latency/.autopilot/db/ped_alg.tbgen.tcl 
Execute     source /data/hmo31799/ped_sub/ped_sub_prj/individual_latency/.autopilot/db/ped_alg.tbgen.tcl 
Execute     source /data/hmo31799/ped_sub/ped_sub_prj/individual_latency/.autopilot/db/ped_alg.tbgen.tcl 
Execute     source /data/hmo31799/ped_sub/ped_sub_prj/individual_latency/.autopilot/db/ped_alg.tbgen.tcl 
Execute     source /data/hmo31799/ped_sub/ped_sub_prj/individual_latency/.autopilot/db/ped_alg.tbgen.tcl 
Execute     source /data/hmo31799/ped_sub/ped_sub_prj/individual_latency/.autopilot/db/ped_alg.tbgen.tcl 
Execute     source /data/hmo31799/ped_sub/ped_sub_prj/individual_latency/.autopilot/db/ped_alg.tbgen.tcl 
Execute     source /data/hmo31799/ped_sub/ped_sub_prj/individual_latency/.autopilot/db/ped_alg.tbgen.tcl 
Execute     source /data/hmo31799/ped_sub/ped_sub_prj/individual_latency/.autopilot/db/ped_alg.tbgen.tcl 
Execute     source /data/hmo31799/ped_sub/ped_sub_prj/individual_latency/.autopilot/db/ped_alg.tbgen.tcl 
Execute     source /data/hmo31799/ped_sub/ped_sub_prj/individual_latency/.autopilot/db/ped_alg.tbgen.tcl 
Execute     source /data/hmo31799/ped_sub/ped_sub_prj/individual_latency/.autopilot/db/ped_alg.tbgen.tcl 
Execute     source /data/hmo31799/ped_sub/ped_sub_prj/individual_latency/.autopilot/db/ped_alg.tbgen.tcl 
Execute     source /data/hmo31799/ped_sub/ped_sub_prj/individual_latency/.autopilot/db/ped_alg.tbgen.tcl 
Execute     source /data/hmo31799/ped_sub/ped_sub_prj/individual_latency/.autopilot/db/ped_alg.tbgen.tcl 
Execute     source /data/hmo31799/ped_sub/ped_sub_prj/individual_latency/.autopilot/db/ped_alg.tbgen.tcl 
Execute     source ../tv/cdatafile/ref.tcl 
Execute     source /data/hmo31799/ped_sub/ped_sub_prj/individual_latency/.autopilot/db/ped_alg.tbgen.tcl 
Execute     source /data/hmo31799/ped_sub/ped_sub_prj/individual_latency/.autopilot/db/ped_alg.tbgen.tcl 
Execute     source /data/hmo31799/ped_sub/ped_sub_prj/individual_latency/.autopilot/db/ped_alg.tbgen.tcl 
Execute     source /data/hmo31799/ped_sub/ped_sub_prj/individual_latency/.autopilot/db/ped_alg.tbgen.tcl 
Execute     source /data/hmo31799/ped_sub/ped_sub_prj/individual_latency/.autopilot/db/ped_alg.tbgen.tcl 
Execute     source /data/hmo31799/ped_sub/ped_sub_prj/individual_latency/.autopilot/db/ped_alg.tbgen.tcl 
Execute     source /data/hmo31799/ped_sub/ped_sub_prj/individual_latency/.autopilot/db/ped_alg.tbgen.tcl 
Execute     source /data/hmo31799/ped_sub/ped_sub_prj/individual_latency/.autopilot/db/ped_alg.tbgen.tcl 
Execute     source /data/hmo31799/ped_sub/ped_sub_prj/individual_latency/.autopilot/db/ped_alg.tbgen.tcl 
Execute     source /data/hmo31799/ped_sub/ped_sub_prj/individual_latency/.autopilot/db/ped_alg.tbgen.tcl 
Execute     source /data/hmo31799/ped_sub/ped_sub_prj/individual_latency/.autopilot/db/ped_alg.tbgen.tcl 
Execute     source /data/hmo31799/ped_sub/ped_sub_prj/individual_latency/.autopilot/db/ped_alg.tbgen.tcl 
INFO: [COSIM 212-1] *** C/RTL co-simulation file generation completed. ***
Execute     source .run_sim.tcl 
Execute       source check_sim.tcl 
Execute       source .sim.status.tcl 
INFO: [COSIM 212-322] Starting VHDL simulation. 
INFO: [COSIM 212-15] Starting XSIM ...
INFO: [COSIM 212-316] Starting C post checking ...
Command     ap_source done; 34.73 sec.
INFO: [COSIM 212-1000] *** C/RTL co-simulation finished: PASS ***
Command   cosim_design done; 43.82 sec.
Command ap_source done; 47.58 sec.
Execute cleanup_all 
INFO-FLOW: Workspace /net/home/ppd/hmo31799/Documents/dune_project/ped_sub/ped_sub_prj/individual_latency opened at Tue Nov 03 11:13:03 GMT 2020
Execute     config_clock -quiet -name default -period 4 -unit ns -default=false 
INFO: [SYN 201-201] Setting up clock 'default' with a period of 4ns.
Execute     open_platform DefaultPlatform 
Execute     import_lib /opt/ppd/tools/xilinx/Vivado/2020.1/common/technology/xilinx/zynquplus/zynquplus 
Execute       source /opt/ppd/tools/xilinx/Vivado/2020.1/common/technology/xilinx/common/xilinx.lib 
Execute         source /opt/ppd/tools/xilinx/Vivado/2020.1/common/technology/xilinx/interface/xilinx_interface.lib 
Execute           source /opt/ppd/tools/xilinx/Vivado/2020.1/common/technology/xilinx/interface/plb46.lib 
Execute           source /opt/ppd/tools/xilinx/Vivado/2020.1/common/technology/xilinx/interface/fsl.lib 
Execute           source /opt/ppd/tools/xilinx/Vivado/2020.1/common/technology/xilinx/interface/axi4.lib 
Execute           source /opt/ppd/tools/xilinx/Vivado/2020.1/common/technology/xilinx/interface/maxi.lib 
Execute           source /opt/ppd/tools/xilinx/Vivado/2020.1/common/technology/xilinx/interface/saxilite.lib 
Execute         source /opt/ppd/tools/xilinx/Vivado/2020.1/common/technology/xilinx/common/dsp48.lib 
Execute         source /opt/ppd/tools/xilinx/Vivado/2020.1/common/technology/xilinx/ip/dds_compiler.lib 
Execute         source /opt/ppd/tools/xilinx/Vivado/2020.1/common/technology/xilinx/ip/xfft.lib 
Execute         source /opt/ppd/tools/xilinx/Vivado/2020.1/common/technology/xilinx/ip/xfir.lib 
Execute       source /opt/ppd/tools/xilinx/Vivado/2020.1/common/technology/xilinx/common/xilinx.hlp 
Execute         source /opt/ppd/tools/xilinx/Vivado/2020.1/common/technology/xilinx/common/target_info.tcl 
Execute         source /opt/ppd/tools/xilinx/Vivado/2020.1/common/technology/xilinx/interface/xilinx_interface.hlp 
Execute           source /opt/ppd/tools/xilinx/Vivado/2020.1/common/technology/xilinx/interface/maxi.hlp 
Execute           source /opt/ppd/tools/xilinx/Vivado/2020.1/common/technology/xilinx/interface/saxilite.hlp 
Execute         source /opt/ppd/tools/xilinx/Vivado/2020.1/common/technology/xilinx/common/dsp48.hlp 
Execute       source /opt/ppd/tools/xilinx/Vivado/2020.1/common/technology/xilinx/zynquplus/dsp48e2.hlp 
Execute       source /opt/ppd/tools/xilinx/Vivado/2020.1/common/technology/xilinx/common/xilinx.hlp 
Execute         source /opt/ppd/tools/xilinx/Vivado/2020.1/common/technology/xilinx/common/target_info.tcl 
Execute         source /opt/ppd/tools/xilinx/Vivado/2020.1/common/technology/xilinx/interface/xilinx_interface.hlp 
Execute           source /opt/ppd/tools/xilinx/Vivado/2020.1/common/technology/xilinx/interface/maxi.hlp 
Execute           source /opt/ppd/tools/xilinx/Vivado/2020.1/common/technology/xilinx/interface/saxilite.hlp 
Execute         source /opt/ppd/tools/xilinx/Vivado/2020.1/common/technology/xilinx/common/dsp48.hlp 
Execute     source /opt/ppd/tools/xilinx/Vivado/2020.1/common/technology/xilinx/zynquplus/zynquplus.gen 
Execute       source /opt/ppd/tools/xilinx/Vivado/2020.1/common/technology/xilinx/common/xilinx.gen 
Execute         source /opt/ppd/tools/xilinx/Vivado/2020.1/common/technology/xilinx/interface/plb46.gen 
Execute         source /opt/ppd/tools/xilinx/Vivado/2020.1/common/technology/xilinx/interface/fsl.gen 
Execute         source /opt/ppd/tools/xilinx/Vivado/2020.1/common/technology/xilinx/interface/axi4.gen 
Execute         source /opt/ppd/tools/xilinx/Vivado/2020.1/common/technology/xilinx/interface/nativeAXI4.gen 
Execute           source /opt/ppd/tools/xilinx/Vivado/2020.1/common/technology/xilinx/interface/saxilite.gen 
Execute           source /opt/ppd/tools/xilinx/Vivado/2020.1/common/technology/xilinx/interface/maxi.gen 
Execute         source /opt/ppd/tools/xilinx/Vivado/2020.1/common/technology/xilinx/scripts/xilinxcoregen.gen 
Execute         source /opt/ppd/tools/xilinx/Vivado/2020.1/common/technology/xilinx/interface/XilEDKCoreGen.gen 
Execute         source /opt/ppd/tools/xilinx/Vivado/2020.1/common/technology/xilinx/ip/dds_compiler.gen 
Execute         source /opt/ppd/tools/xilinx/Vivado/2020.1/common/technology/xilinx/ip/util.gen 
Execute         source /opt/ppd/tools/xilinx/Vivado/2020.1/common/technology/xilinx/ip/xfft.gen 
Command         ap_source done; 0.11 sec.
Execute         source /opt/ppd/tools/xilinx/Vivado/2020.1/common/technology/xilinx/ip/xfir.gen 
Execute         source /opt/ppd/tools/xilinx/Vivado/2020.1/common/technology/xilinx/common/dsp48.gen 
Command       ap_source done; 0.19 sec.
Command     ap_source done; 0.19 sec.
Execute     open_platform DefaultPlatform 
Execute     import_lib /opt/ppd/tools/xilinx/Vivado/2020.1/common/technology/xilinx/zynquplus/zynquplus_fpv7 
Execute       source /opt/ppd/tools/xilinx/Vivado/2020.1/common/technology/xilinx/common/xilinx_fp.lib 
Execute       source /opt/ppd/tools/xilinx/Vivado/2020.1/common/technology/xilinx/common/xilinx_fp.hlp 
Execute         source /opt/ppd/tools/xilinx/Vivado/2020.1/common/technology/xilinx/common/xilinx.hlp 
Execute           source /opt/ppd/tools/xilinx/Vivado/2020.1/common/technology/xilinx/common/target_info.tcl 
Execute           source /opt/ppd/tools/xilinx/Vivado/2020.1/common/technology/xilinx/interface/xilinx_interface.hlp 
Execute             source /opt/ppd/tools/xilinx/Vivado/2020.1/common/technology/xilinx/interface/maxi.hlp 
Execute             source /opt/ppd/tools/xilinx/Vivado/2020.1/common/technology/xilinx/interface/saxilite.hlp 
Execute           source /opt/ppd/tools/xilinx/Vivado/2020.1/common/technology/xilinx/common/dsp48.hlp 
Execute     source /opt/ppd/tools/xilinx/Vivado/2020.1/common/technology/xilinx/zynquplus/zynquplus_fpv7.gen 
Execute       source /opt/ppd/tools/xilinx/Vivado/2020.1/common/technology/xilinx/common/xilinx_fp.gen 
Execute     set_part xczu9eg-ffvb1156-2-e 
Execute       ap_part_info -name xczu9eg-ffvb1156-2-e -data single -quiet 
Command       ap_part_info done; 3.41 sec.
Execute       ap_part_info -name xczu9eg-ffvb1156-2-e -data info 
Execute       add_library xilinx/zynquplus/zynquplus:xczu9eg:-ffvb1156:-2-e 
Execute         get_default_platform 
Execute         ap_part_info -data single -name xczu9eg-ffvb1156-2-e 
Execute         ap_part_info -name xczu9eg-ffvb1156-2-e -data resources 
Execute         ap_part_info -name xczu9eg-ffvb1156-2-e -data info 
Execute         ap_part_info -name xczu9eg-ffvb1156-2-e -data info 
Execute         config_chip_info -quiet -resource {SLICE 34260} {LUT 274080} {FF 548160} {DSP48E 2520} {BRAM 1824} {URAM 0} 
Execute         ap_part_info -name xczu9eg-ffvb1156-2-e -data info 
Execute         config_chip_info -quiet -speed medium 
Command       add_library done; 0.11 sec.
Execute       add_library xilinx/zynquplus/zynquplus_fpv7 
Execute         get_default_platform 
INFO: [HLS 200-10] Setting target device to 'xczu9eg-ffvb1156-2-e'
Execute       ap_part_info -name xczu9eg-ffvb1156-2-e -data info 
Execute       get_default_platform 
Command     set_part done; 3.72 sec.
Execute     ap_part_info -data single -name xczu9eg-ffvb1156-2-e 
Execute     ap_part_info -name xczu9eg-ffvb1156-2-e -data resources 
Execute     ap_part_info -name xczu9eg-ffvb1156-2-e -data info 
Execute     ap_part_info -name xczu9eg-ffvb1156-2-e -data info 
Execute     config_chip_info -quiet -resource {SLICE 34260} {LUT 274080} {FF 548160} {DSP48E 2520} {BRAM 1824} {URAM 0} 
Execute     ap_part_info -name xczu9eg-ffvb1156-2-e -data info 
Execute     config_chip_info -quiet -speed medium 
Command   open_solution done; 4.14 sec.
Execute   cosim_design -rtl vhdl 
Execute     source /net/home/ppd/hmo31799/Documents/dune_project/ped_sub/ped_sub_prj/individual_latency/.autopilot/db/global.setting.tcl 
Execute     source /net/home/ppd/hmo31799/Documents/dune_project/ped_sub/ped_sub_prj/individual_latency/.autopilot/db/global.setting.tcl 
Execute     source /net/home/ppd/hmo31799/Documents/dune_project/ped_sub/ped_sub_prj/individual_latency/.autopilot/db/global.setting.tcl 
INFO-FLOW: DBG:CMD: read_platform_lib /net/home/ppd/hmo31799/Documents/dune_project/ped_sub/ped_sub_prj/individual_latency/.autopilot/db/global.setting.tcl
Execute     source /opt/ppd/tools/xilinx/Vivado/2020.1/common/technology/generic/autopilot/common.gen 
Execute       source /opt/ppd/tools/xilinx/Vivado/2020.1/common/technology/generic/autopilot/APCoreGen.gen 
Execute     source /opt/ppd/tools/xilinx/Vivado/2020.1/common/technology/generic/autopilot/op.gen 
Execute     source /opt/ppd/tools/xilinx/Vivado/2020.1/common/technology/generic/autopilot/op_simcore.gen 
Execute     source /opt/ppd/tools/xilinx/Vivado/2020.1/common/technology/generic/autopilot/interface.gen 
Execute     source /net/home/ppd/hmo31799/Documents/dune_project/ped_sub/ped_sub_prj/individual_latency/.autopilot/db/global.setting.tcl 
Execute     source /opt/ppd/tools/xilinx/Vivado/2020.1/common/technology/xilinx/zynquplus/zynquplus.gen 
Execute       source /opt/ppd/tools/xilinx/Vivado/2020.1/common/technology/xilinx/common/xilinx.gen 
Execute         source /opt/ppd/tools/xilinx/Vivado/2020.1/common/technology/xilinx/interface/plb46.gen 
Execute         source /opt/ppd/tools/xilinx/Vivado/2020.1/common/technology/xilinx/interface/fsl.gen 
Execute         source /opt/ppd/tools/xilinx/Vivado/2020.1/common/technology/xilinx/interface/axi4.gen 
Execute         source /opt/ppd/tools/xilinx/Vivado/2020.1/common/technology/xilinx/interface/nativeAXI4.gen 
Execute           source /opt/ppd/tools/xilinx/Vivado/2020.1/common/technology/xilinx/interface/saxilite.gen 
Execute           source /opt/ppd/tools/xilinx/Vivado/2020.1/common/technology/xilinx/interface/maxi.gen 
Execute         source /opt/ppd/tools/xilinx/Vivado/2020.1/common/technology/xilinx/scripts/xilinxcoregen.gen 
Execute         source /opt/ppd/tools/xilinx/Vivado/2020.1/common/technology/xilinx/interface/XilEDKCoreGen.gen 
Execute         source /opt/ppd/tools/xilinx/Vivado/2020.1/common/technology/xilinx/ip/dds_compiler.gen 
Execute         source /opt/ppd/tools/xilinx/Vivado/2020.1/common/technology/xilinx/ip/util.gen 
Execute         source /opt/ppd/tools/xilinx/Vivado/2020.1/common/technology/xilinx/ip/xfft.gen 
Execute         source /opt/ppd/tools/xilinx/Vivado/2020.1/common/technology/xilinx/ip/xfir.gen 
Execute         source /opt/ppd/tools/xilinx/Vivado/2020.1/common/technology/xilinx/common/dsp48.gen 
Command       ap_source done; 0.16 sec.
Command     ap_source done; 0.16 sec.
Execute     source /opt/ppd/tools/xilinx/Vivado/2020.1/common/technology/xilinx/zynquplus/zynquplus_fpv7.gen 
Execute       source /opt/ppd/tools/xilinx/Vivado/2020.1/common/technology/xilinx/common/xilinx_fp.gen 
INFO-FLOW: DBG:CMD:   using AESL_AUTOCG::g_clock_period=4.000 (was NA)
Execute     ap_part_info -name xczu9eg-ffvb1156-2-e -data names -quiet 
Execute     ap_part_info -name xczu9eg-ffvb1156-2-e -data info -quiet 
Execute     source /net/home/ppd/hmo31799/Documents/dune_project/ped_sub/ped_sub_prj/individual_latency/.autopilot/db/global.setting.tcl 
Execute     source /net/home/ppd/hmo31799/Documents/dune_project/ped_sub/ped_sub_prj/individual_latency/.autopilot/db/ped_alg.rtl_wrap.cfg.tcl 
Execute     source /net/home/ppd/hmo31799/Documents/dune_project/ped_sub/ped_sub_prj/individual_latency/.autopilot/db/ped_alg.tbgen.tcl 
Execute     is_encrypted /net/home/ppd/hmo31799/Documents/dune_project/ped_sub/pedsub_test.cpp 
Execute     is_encrypted /net/home/ppd/hmo31799/Documents/dune_project/ped_sub/functions.cpp 
Execute     source /net/home/ppd/hmo31799/Documents/dune_project/ped_sub/ped_sub_prj/individual_latency/.autopilot/db/ped_alg.tbgen.tcl 
Execute     source /net/home/ppd/hmo31799/Documents/dune_project/ped_sub/ped_sub_prj/individual_latency/.autopilot/db/ped_alg.tbgen.tcl 
INFO: [COSIM 212-47] Using XSIM for RTL simulation.
INFO: [COSIM 212-14] Instrumenting C test bench ...
Execute     ap_part_info -name xczu9eg-ffvb1156-2-e -data info 
INFO-FLOW: TB processing: /net/home/ppd/hmo31799/Documents/dune_project/ped_sub/pedsub_test.cpp /net/home/ppd/hmo31799/Documents/dune_project/ped_sub/ped_sub_prj/individual_latency/./sim/autowrap/testbench/pedsub_test.cpp_pre.cpp
Execute     tidy_31 xilinx-tb-xfmat /net/home/ppd/hmo31799/Documents/dune_project/ped_sub/ped_sub_prj/individual_latency/./sim/autowrap/testbench/pedsub_test.cpp_pre.cpp std=c++11 
INFO-FLOW: exec /opt/ppd/tools/xilinx/Vivado/2020.1/lnx64/tools/clang-3.9-csynth/bin/tidy-3.1 -header-filter=.* -checks=-*,xilinx-tb-xfmat -quiet -fix-errors /net/home/ppd/hmo31799/Documents/dune_project/ped_sub/ped_sub_prj/individual_latency/./sim/autowrap/testbench/pedsub_test.cpp_pre.cpp -- -std=c++11 -fhls -ferror-limit=0
Command     tidy_31 done; 0.41 sec.
Execute     tidy_31 xilinx-tb31-process /net/home/ppd/hmo31799/Documents/dune_project/ped_sub/ped_sub_prj/individual_latency/./sim/autowrap/testbench/pedsub_test.cpp_pre.cpp.tb.cpp std=c++11 
INFO-FLOW: exec /opt/ppd/tools/xilinx/Vivado/2020.1/lnx64/tools/clang-3.9-csynth/bin/tidy-3.1 -header-filter=.* -checks=-*,xilinx-tb31-process -quiet -fix-errors /net/home/ppd/hmo31799/Documents/dune_project/ped_sub/ped_sub_prj/individual_latency/./sim/autowrap/testbench/pedsub_test.cpp_pre.cpp.tb.cpp -- -std=c++11 -fhls -ferror-limit=0
Command     tidy_31 done; 0.45 sec.
Execute     ap_part_info -name xczu9eg-ffvb1156-2-e -data info 
INFO-FLOW: TB processing: /net/home/ppd/hmo31799/Documents/dune_project/ped_sub/functions.cpp /net/home/ppd/hmo31799/Documents/dune_project/ped_sub/ped_sub_prj/individual_latency/./sim/autowrap/testbench/functions.cpp_pre.cpp
Execute     tidy_31 xilinx-tb-xfmat /net/home/ppd/hmo31799/Documents/dune_project/ped_sub/ped_sub_prj/individual_latency/./sim/autowrap/testbench/functions.cpp_pre.cpp std=c++11 
INFO-FLOW: exec /opt/ppd/tools/xilinx/Vivado/2020.1/lnx64/tools/clang-3.9-csynth/bin/tidy-3.1 -header-filter=.* -checks=-*,xilinx-tb-xfmat -quiet -fix-errors /net/home/ppd/hmo31799/Documents/dune_project/ped_sub/ped_sub_prj/individual_latency/./sim/autowrap/testbench/functions.cpp_pre.cpp -- -std=c++11 -fhls -ferror-limit=0
Command     tidy_31 done; 0.36 sec.
Execute     tidy_31 xilinx-tb31-process /net/home/ppd/hmo31799/Documents/dune_project/ped_sub/ped_sub_prj/individual_latency/./sim/autowrap/testbench/functions.cpp_pre.cpp.tb.cpp std=c++11 
INFO-FLOW: exec /opt/ppd/tools/xilinx/Vivado/2020.1/lnx64/tools/clang-3.9-csynth/bin/tidy-3.1 -header-filter=.* -checks=-*,xilinx-tb31-process -quiet -fix-errors /net/home/ppd/hmo31799/Documents/dune_project/ped_sub/ped_sub_prj/individual_latency/./sim/autowrap/testbench/functions.cpp_pre.cpp.tb.cpp -- -std=c++11 -fhls -ferror-limit=0
Command     tidy_31 done; 0.8 sec.
Execute     source /net/home/ppd/hmo31799/Documents/dune_project/ped_sub/ped_sub_prj/individual_latency/./sim/autowrap/testbench/tb.status.tcl 
Execute     source /net/home/ppd/hmo31799/Documents/dune_project/ped_sub/ped_sub_prj/individual_latency/.autopilot/db/global.setting.tcl 
Execute     source /net/home/ppd/hmo31799/Documents/dune_project/ped_sub/ped_sub_prj/individual_latency/.autopilot/db/ped_alg.rtl_wrap.cfg.tcl 
Execute     source /net/home/ppd/hmo31799/Documents/dune_project/ped_sub/ped_sub_prj/individual_latency/.autopilot/db/ped_alg.rtl_wrap.cfg.tcl 
Execute     source /net/home/ppd/hmo31799/Documents/dune_project/ped_sub/ped_sub_prj/individual_latency/.autopilot/db/ped_alg.rtl_wrap.cfg.tcl 
Execute     source /net/home/ppd/hmo31799/Documents/dune_project/ped_sub/ped_sub_prj/individual_latency/.autopilot/db/ped_alg.tbgen.tcl 
Execute     source /net/home/ppd/hmo31799/Documents/dune_project/ped_sub/ped_sub_prj/individual_latency/.autopilot/db/ped_alg.tbgen.tcl 
Execute     ap_part_info -name xczu9eg-ffvb1156-2-e -data info 
Execute     source .run_sim.tcl 
INFO: [COSIM 212-302] Starting C TB testing ... 
Command     ap_source done; 0.62 sec.
INFO: [COSIM 212-333] Generating C post check test bench ...
Execute     ap_part_info -name xczu9eg-ffvb1156-2-e -data info 
INFO: [COSIM 212-12] Generating RTL test bench ...
Execute     source /net/home/ppd/hmo31799/Documents/dune_project/ped_sub/ped_sub_prj/individual_latency/.autopilot/db/ped_alg.tbgen.tcl 
Execute     source /net/home/ppd/hmo31799/Documents/dune_project/ped_sub/ped_sub_prj/individual_latency/.autopilot/db/ped_alg.tbgen.tcl 
Execute     source /net/home/ppd/hmo31799/Documents/dune_project/ped_sub/ped_sub_prj/individual_latency/.autopilot/db/ped_alg.tbgen.tcl 
Execute     source /net/home/ppd/hmo31799/Documents/dune_project/ped_sub/ped_sub_prj/individual_latency/.autopilot/db/ped_alg.tbgen.tcl 
Execute     source ../tv/cdatafile/ref.tcl 
Execute     source /net/home/ppd/hmo31799/Documents/dune_project/ped_sub/ped_sub_prj/individual_latency/.autopilot/db/ped_alg.tbgen.tcl 
Execute     source /net/home/ppd/hmo31799/Documents/dune_project/ped_sub/ped_sub_prj/individual_latency/.autopilot/db/ped_alg.tbgen.tcl 
Execute     source /net/home/ppd/hmo31799/Documents/dune_project/ped_sub/ped_sub_prj/individual_latency/.autopilot/db/ped_alg.tbgen.tcl 
Execute     source /net/home/ppd/hmo31799/Documents/dune_project/ped_sub/ped_sub_prj/individual_latency/.autopilot/db/ped_alg.tbgen.tcl 
Execute     source /net/home/ppd/hmo31799/Documents/dune_project/ped_sub/ped_sub_prj/individual_latency/.autopilot/db/ped_alg.tbgen.tcl 
Execute     source /net/home/ppd/hmo31799/Documents/dune_project/ped_sub/ped_sub_prj/individual_latency/.autopilot/db/ped_alg.tbgen.tcl 
Execute     source /net/home/ppd/hmo31799/Documents/dune_project/ped_sub/ped_sub_prj/individual_latency/.autopilot/db/ped_alg.tbgen.tcl 
Execute     source /net/home/ppd/hmo31799/Documents/dune_project/ped_sub/ped_sub_prj/individual_latency/.autopilot/db/ped_alg.tbgen.tcl 
Execute     source /net/home/ppd/hmo31799/Documents/dune_project/ped_sub/ped_sub_prj/individual_latency/.autopilot/db/ped_alg.tbgen.tcl 
Execute     source /net/home/ppd/hmo31799/Documents/dune_project/ped_sub/ped_sub_prj/individual_latency/.autopilot/db/ped_alg.tbgen.tcl 
Execute     source /net/home/ppd/hmo31799/Documents/dune_project/ped_sub/ped_sub_prj/individual_latency/.autopilot/db/ped_alg.tbgen.tcl 
Execute     source /net/home/ppd/hmo31799/Documents/dune_project/ped_sub/ped_sub_prj/individual_latency/.autopilot/db/ped_alg.tbgen.tcl 
Execute     source /net/home/ppd/hmo31799/Documents/dune_project/ped_sub/ped_sub_prj/individual_latency/.autopilot/db/ped_alg.tbgen.tcl 
Execute     source /net/home/ppd/hmo31799/Documents/dune_project/ped_sub/ped_sub_prj/individual_latency/.autopilot/db/ped_alg.tbgen.tcl 
Execute     source /net/home/ppd/hmo31799/Documents/dune_project/ped_sub/ped_sub_prj/individual_latency/.autopilot/db/ped_alg.tbgen.tcl 
Execute     source /net/home/ppd/hmo31799/Documents/dune_project/ped_sub/ped_sub_prj/individual_latency/.autopilot/db/ped_alg.tbgen.tcl 
Execute     source /net/home/ppd/hmo31799/Documents/dune_project/ped_sub/ped_sub_prj/individual_latency/.autopilot/db/ped_alg.tbgen.tcl 
Execute     source ../tv/cdatafile/ref.tcl 
Execute     source /net/home/ppd/hmo31799/Documents/dune_project/ped_sub/ped_sub_prj/individual_latency/.autopilot/db/ped_alg.tbgen.tcl 
Execute     source /net/home/ppd/hmo31799/Documents/dune_project/ped_sub/ped_sub_prj/individual_latency/.autopilot/db/ped_alg.tbgen.tcl 
Execute     source /net/home/ppd/hmo31799/Documents/dune_project/ped_sub/ped_sub_prj/individual_latency/.autopilot/db/ped_alg.tbgen.tcl 
Execute     source /net/home/ppd/hmo31799/Documents/dune_project/ped_sub/ped_sub_prj/individual_latency/.autopilot/db/ped_alg.tbgen.tcl 
Execute     source /net/home/ppd/hmo31799/Documents/dune_project/ped_sub/ped_sub_prj/individual_latency/.autopilot/db/ped_alg.tbgen.tcl 
Execute     source /net/home/ppd/hmo31799/Documents/dune_project/ped_sub/ped_sub_prj/individual_latency/.autopilot/db/ped_alg.tbgen.tcl 
Execute     source /net/home/ppd/hmo31799/Documents/dune_project/ped_sub/ped_sub_prj/individual_latency/.autopilot/db/ped_alg.tbgen.tcl 
Execute     source /net/home/ppd/hmo31799/Documents/dune_project/ped_sub/ped_sub_prj/individual_latency/.autopilot/db/ped_alg.tbgen.tcl 
Execute     source /net/home/ppd/hmo31799/Documents/dune_project/ped_sub/ped_sub_prj/individual_latency/.autopilot/db/ped_alg.tbgen.tcl 
Execute     source /net/home/ppd/hmo31799/Documents/dune_project/ped_sub/ped_sub_prj/individual_latency/.autopilot/db/ped_alg.tbgen.tcl 
Execute     source /net/home/ppd/hmo31799/Documents/dune_project/ped_sub/ped_sub_prj/individual_latency/.autopilot/db/ped_alg.tbgen.tcl 
Execute     source /net/home/ppd/hmo31799/Documents/dune_project/ped_sub/ped_sub_prj/individual_latency/.autopilot/db/ped_alg.tbgen.tcl 
INFO: [COSIM 212-1] *** C/RTL co-simulation file generation completed. ***
Execute     source .run_sim.tcl 
Execute       source check_sim.tcl 
Execute       source .sim.status.tcl 
INFO: [COSIM 212-322] Starting VHDL simulation. 
INFO: [COSIM 212-15] Starting XSIM ...
INFO: [COSIM 212-316] Starting C post checking ...
Command     ap_source done; 28.12 sec.
INFO: [COSIM 212-1000] *** C/RTL co-simulation finished: PASS ***
Command   cosim_design done; 41.28 sec.
Command ap_source done; 45.46 sec.
Execute cleanup_all 
INFO-FLOW: Workspace /net/home/ppd/hmo31799/Documents/dune_project/ped_sub/ped_sub_prj/individual_latency opened at Tue Nov 03 18:05:58 GMT 2020
Execute     config_clock -quiet -name default -period 4 -unit ns -default=false 
INFO: [SYN 201-201] Setting up clock 'default' with a period of 4ns.
Execute     open_platform DefaultPlatform 
Execute     import_lib /opt/ppd/tools/xilinx/Vivado/2020.1/common/technology/xilinx/zynquplus/zynquplus 
Execute       source /opt/ppd/tools/xilinx/Vivado/2020.1/common/technology/xilinx/common/xilinx.lib 
Execute         source /opt/ppd/tools/xilinx/Vivado/2020.1/common/technology/xilinx/interface/xilinx_interface.lib 
Execute           source /opt/ppd/tools/xilinx/Vivado/2020.1/common/technology/xilinx/interface/plb46.lib 
Execute           source /opt/ppd/tools/xilinx/Vivado/2020.1/common/technology/xilinx/interface/fsl.lib 
Execute           source /opt/ppd/tools/xilinx/Vivado/2020.1/common/technology/xilinx/interface/axi4.lib 
Execute           source /opt/ppd/tools/xilinx/Vivado/2020.1/common/technology/xilinx/interface/maxi.lib 
Execute           source /opt/ppd/tools/xilinx/Vivado/2020.1/common/technology/xilinx/interface/saxilite.lib 
Execute         source /opt/ppd/tools/xilinx/Vivado/2020.1/common/technology/xilinx/common/dsp48.lib 
Execute         source /opt/ppd/tools/xilinx/Vivado/2020.1/common/technology/xilinx/ip/dds_compiler.lib 
Execute         source /opt/ppd/tools/xilinx/Vivado/2020.1/common/technology/xilinx/ip/xfft.lib 
Execute         source /opt/ppd/tools/xilinx/Vivado/2020.1/common/technology/xilinx/ip/xfir.lib 
Execute       source /opt/ppd/tools/xilinx/Vivado/2020.1/common/technology/xilinx/common/xilinx.hlp 
Execute         source /opt/ppd/tools/xilinx/Vivado/2020.1/common/technology/xilinx/common/target_info.tcl 
Execute         source /opt/ppd/tools/xilinx/Vivado/2020.1/common/technology/xilinx/interface/xilinx_interface.hlp 
Execute           source /opt/ppd/tools/xilinx/Vivado/2020.1/common/technology/xilinx/interface/maxi.hlp 
Execute           source /opt/ppd/tools/xilinx/Vivado/2020.1/common/technology/xilinx/interface/saxilite.hlp 
Execute         source /opt/ppd/tools/xilinx/Vivado/2020.1/common/technology/xilinx/common/dsp48.hlp 
Execute       source /opt/ppd/tools/xilinx/Vivado/2020.1/common/technology/xilinx/zynquplus/dsp48e2.hlp 
Execute       source /opt/ppd/tools/xilinx/Vivado/2020.1/common/technology/xilinx/common/xilinx.hlp 
Execute         source /opt/ppd/tools/xilinx/Vivado/2020.1/common/technology/xilinx/common/target_info.tcl 
Execute         source /opt/ppd/tools/xilinx/Vivado/2020.1/common/technology/xilinx/interface/xilinx_interface.hlp 
Execute           source /opt/ppd/tools/xilinx/Vivado/2020.1/common/technology/xilinx/interface/maxi.hlp 
Execute           source /opt/ppd/tools/xilinx/Vivado/2020.1/common/technology/xilinx/interface/saxilite.hlp 
Execute         source /opt/ppd/tools/xilinx/Vivado/2020.1/common/technology/xilinx/common/dsp48.hlp 
Execute     source /opt/ppd/tools/xilinx/Vivado/2020.1/common/technology/xilinx/zynquplus/zynquplus.gen 
Execute       source /opt/ppd/tools/xilinx/Vivado/2020.1/common/technology/xilinx/common/xilinx.gen 
Execute         source /opt/ppd/tools/xilinx/Vivado/2020.1/common/technology/xilinx/interface/plb46.gen 
Execute         source /opt/ppd/tools/xilinx/Vivado/2020.1/common/technology/xilinx/interface/fsl.gen 
Execute         source /opt/ppd/tools/xilinx/Vivado/2020.1/common/technology/xilinx/interface/axi4.gen 
Execute         source /opt/ppd/tools/xilinx/Vivado/2020.1/common/technology/xilinx/interface/nativeAXI4.gen 
Execute           source /opt/ppd/tools/xilinx/Vivado/2020.1/common/technology/xilinx/interface/saxilite.gen 
Execute           source /opt/ppd/tools/xilinx/Vivado/2020.1/common/technology/xilinx/interface/maxi.gen 
Execute         source /opt/ppd/tools/xilinx/Vivado/2020.1/common/technology/xilinx/scripts/xilinxcoregen.gen 
Execute         source /opt/ppd/tools/xilinx/Vivado/2020.1/common/technology/xilinx/interface/XilEDKCoreGen.gen 
Execute         source /opt/ppd/tools/xilinx/Vivado/2020.1/common/technology/xilinx/ip/dds_compiler.gen 
Execute         source /opt/ppd/tools/xilinx/Vivado/2020.1/common/technology/xilinx/ip/util.gen 
Execute         source /opt/ppd/tools/xilinx/Vivado/2020.1/common/technology/xilinx/ip/xfft.gen 
Command         ap_source done; 0.11 sec.
Execute         source /opt/ppd/tools/xilinx/Vivado/2020.1/common/technology/xilinx/ip/xfir.gen 
Execute         source /opt/ppd/tools/xilinx/Vivado/2020.1/common/technology/xilinx/common/dsp48.gen 
Command       ap_source done; 0.16 sec.
Command     ap_source done; 0.17 sec.
Execute     open_platform DefaultPlatform 
Execute     import_lib /opt/ppd/tools/xilinx/Vivado/2020.1/common/technology/xilinx/zynquplus/zynquplus_fpv7 
Execute       source /opt/ppd/tools/xilinx/Vivado/2020.1/common/technology/xilinx/common/xilinx_fp.lib 
Execute       source /opt/ppd/tools/xilinx/Vivado/2020.1/common/technology/xilinx/common/xilinx_fp.hlp 
Execute         source /opt/ppd/tools/xilinx/Vivado/2020.1/common/technology/xilinx/common/xilinx.hlp 
Execute           source /opt/ppd/tools/xilinx/Vivado/2020.1/common/technology/xilinx/common/target_info.tcl 
Execute           source /opt/ppd/tools/xilinx/Vivado/2020.1/common/technology/xilinx/interface/xilinx_interface.hlp 
Execute             source /opt/ppd/tools/xilinx/Vivado/2020.1/common/technology/xilinx/interface/maxi.hlp 
Execute             source /opt/ppd/tools/xilinx/Vivado/2020.1/common/technology/xilinx/interface/saxilite.hlp 
Execute           source /opt/ppd/tools/xilinx/Vivado/2020.1/common/technology/xilinx/common/dsp48.hlp 
Execute     source /opt/ppd/tools/xilinx/Vivado/2020.1/common/technology/xilinx/zynquplus/zynquplus_fpv7.gen 
Execute       source /opt/ppd/tools/xilinx/Vivado/2020.1/common/technology/xilinx/common/xilinx_fp.gen 
Execute     set_part xczu9eg-ffvb1156-2-e 
Execute       ap_part_info -name xczu9eg-ffvb1156-2-e -data single -quiet 
Command       ap_part_info done; 3.43 sec.
Execute       ap_part_info -name xczu9eg-ffvb1156-2-e -data info 
Execute       add_library xilinx/zynquplus/zynquplus:xczu9eg:-ffvb1156:-2-e 
Execute         get_default_platform 
Execute         ap_part_info -data single -name xczu9eg-ffvb1156-2-e 
Execute         ap_part_info -name xczu9eg-ffvb1156-2-e -data resources 
Execute         ap_part_info -name xczu9eg-ffvb1156-2-e -data info 
Execute         ap_part_info -name xczu9eg-ffvb1156-2-e -data info 
Execute         config_chip_info -quiet -resource {SLICE 34260} {LUT 274080} {FF 548160} {DSP48E 2520} {BRAM 1824} {URAM 0} 
Execute         ap_part_info -name xczu9eg-ffvb1156-2-e -data info 
Execute         config_chip_info -quiet -speed medium 
Command       add_library done; 0.17 sec.
Execute       add_library xilinx/zynquplus/zynquplus_fpv7 
Execute         get_default_platform 
INFO: [HLS 200-10] Setting target device to 'xczu9eg-ffvb1156-2-e'
Execute       ap_part_info -name xczu9eg-ffvb1156-2-e -data info 
Execute       get_default_platform 
Command     set_part done; 3.78 sec.
Execute     ap_part_info -data single -name xczu9eg-ffvb1156-2-e 
Execute     ap_part_info -name xczu9eg-ffvb1156-2-e -data resources 
Execute     ap_part_info -name xczu9eg-ffvb1156-2-e -data info 
Execute     ap_part_info -name xczu9eg-ffvb1156-2-e -data info 
Execute     config_chip_info -quiet -resource {SLICE 34260} {LUT 274080} {FF 548160} {DSP48E 2520} {BRAM 1824} {URAM 0} 
Execute     ap_part_info -name xczu9eg-ffvb1156-2-e -data info 
Execute     config_chip_info -quiet -speed medium 
Command   open_solution done; 4.41 sec.
Execute   csim_design -quiet 
Execute     source /net/home/ppd/hmo31799/Documents/dune_project/ped_sub/ped_sub_prj/individual_latency/.autopilot/db/global.setting.tcl 
INFO: [SIM 211-2] *************** CSIM start ***************
INFO: [SIM 211-4] CSIM will launch GCC as the compiler.
Execute     is_encrypted /net/home/ppd/hmo31799/Documents/dune_project/ped_sub/pedsub_test.cpp 
Execute     is_xip /net/home/ppd/hmo31799/Documents/dune_project/ped_sub/pedsub_test.cpp 
Execute     is_encrypted /net/home/ppd/hmo31799/Documents/dune_project/ped_sub/functions.cpp 
Execute     is_xip /net/home/ppd/hmo31799/Documents/dune_project/ped_sub/functions.cpp 
Execute     ap_part_info -name xczu9eg-ffvb1156-2-e -data info 
ERROR: [SIM 211-100] 'csim_design' failed: compilation error(s).
INFO: [SIM 211-3] *************** CSIM finish ***************
Command   csim_design done; error code: 2; 1.77 sec.
Command ap_source done; error code: 1; 6.44 sec.
Execute cleanup_all 
