Running algorithm on input file: 


 Final pedestal value for this channel was: 501.
Now loading pedestal and accumulator for channel 1.

 Final pedestal value for this channel was: 500.
Now loading pedestal and accumulator for channel 2.

 Final pedestal value for this channel was: 500.
Now loading pedestal and accumulator for channel 3.

Line 195 had a high tready during attempt 1 so pointer will return to that line and reattempt the scan 

Line 239 had a high tready during attempt 1 so pointer will return to that line and reattempt the scan 

 Final pedestal value for this channel was: 502.
Now loading pedestal and accumulator for channel 4.

 Final pedestal value for this channel was: 500.
Now loading pedestal and accumulator for channel 5.

 Final pedestal value for this channel was: 500.
Now loading pedestal and accumulator for channel 6.

 Final pedestal value for this channel was: 502.
Now loading pedestal and accumulator for channel 7.

 Final pedestal value for this channel was: 502.
Now loading pedestal and accumulator for channel 8.

 Final pedestal value for this channel was: 500.
Now loading pedestal and accumulator for channel 9.

 Final pedestal value for this channel was: 501.
Now loading pedestal and accumulator for channel 10.

Line 661 had a high tready during attempt 1 so pointer will return to that line and reattempt the scan 

 Final pedestal value for this channel was: 500.
Now loading pedestal and accumulator for channel 11.

 Final pedestal value for this channel was: 501.
Now loading pedestal and accumulator for channel 12.

 Final pedestal value for this channel was: 500.
Now loading pedestal and accumulator for channel 13.

 Final pedestal value for this channel was: 502.
Now loading pedestal and accumulator for channel 14.

 Final pedestal value for this channel was: 500.
Now loading pedestal and accumulator for channel 15.

 Final pedestal value for this channel was: 502.
Now loading pedestal and accumulator for channel 16.

 Final pedestal value for this channel was: 500.
Now loading pedestal and accumulator for channel 17.

treset went high, for iteration 1142 so entire process will be reset.
Attempt 1 has ended.

 Final pedestal value for this channel was: 501.
Now loading pedestal and accumulator for channel 1.

 Final pedestal value for this channel was: 500.
Now loading pedestal and accumulator for channel 2.

Line 164 had a high tready during attempt 2 so pointer will return to that line and reattempt the scan 

 Final pedestal value for this channel was: 500.
Now loading pedestal and accumulator for channel 3.

 Final pedestal value for this channel was: 502.
Now loading pedestal and accumulator for channel 4.

 Final pedestal value for this channel was: 500.
Now loading pedestal and accumulator for channel 5.

 Final pedestal value for this channel was: 500.
Now loading pedestal and accumulator for channel 6.

 Final pedestal value for this channel was: 502.
Now loading pedestal and accumulator for channel 7.

 Final pedestal value for this channel was: 502.
Now loading pedestal and accumulator for channel 8.

 Final pedestal value for this channel was: 500.
Now loading pedestal and accumulator for channel 9.

 Final pedestal value for this channel was: 501.
Now loading pedestal and accumulator for channel 10.

Line 690 had a high tready during attempt 2 so pointer will return to that line and reattempt the scan 

 Final pedestal value for this channel was: 500.
Now loading pedestal and accumulator for channel 11.

 Final pedestal value for this channel was: 501.
Now loading pedestal and accumulator for channel 12.

 Final pedestal value for this channel was: 500.
Now loading pedestal and accumulator for channel 13.

 Final pedestal value for this channel was: 502.
Now loading pedestal and accumulator for channel 14.

 Final pedestal value for this channel was: 500.
Now loading pedestal and accumulator for channel 15.

 Final pedestal value for this channel was: 502.
Now loading pedestal and accumulator for channel 16.

 Final pedestal value for this channel was: 500.
Now loading pedestal and accumulator for channel 17.

 Final pedestal value for this channel was: 500.
Now loading pedestal and accumulator for channel 18.

 Final pedestal value for this channel was: 502.
Now loading pedestal and accumulator for channel 19.

 Final pedestal value for this channel was: 502.
Now loading pedestal and accumulator for channel 20.

 Final pedestal value for this channel was: 501.
Now loading pedestal and accumulator for channel 21.

 Final pedestal value for this channel was: 502.
Now loading pedestal and accumulator for channel 22.

 Final pedestal value for this channel was: 502.
Now loading pedestal and accumulator for channel 23.

 Final pedestal value for this channel was: 502.
Now loading pedestal and accumulator for channel 24.

 Final pedestal value for this channel was: 502.
Now loading pedestal and accumulator for channel 25.

 Final pedestal value for this channel was: 502.
Now loading pedestal and accumulator for channel 26.

 Final pedestal value for this channel was: 500.
Now loading pedestal and accumulator for channel 27.

 Final pedestal value for this channel was: 502.
Now loading pedestal and accumulator for channel 28.

 Final pedestal value for this channel was: 502.
Now loading pedestal and accumulator for channel 29.

 Final pedestal value for this channel was: 501.
Now loading pedestal and accumulator for channel 30.

 Final pedestal value for this channel was: 500.
Now loading pedestal and accumulator for channel 31.

 Final pedestal value for this channel was: 502.
Now loading pedestal and accumulator for channel 32.

 Final pedestal value for this channel was: 502.
Now loading pedestal and accumulator for channel 33.

Line 2113 had a high tready during attempt 2 so pointer will return to that line and reattempt the scan 

 Final pedestal value for this channel was: 501.
Now loading pedestal and accumulator for channel 34.

 Final pedestal value for this channel was: 501.
Now loading pedestal and accumulator for channel 35.

 Final pedestal value for this channel was: 502.
Now loading pedestal and accumulator for channel 36.

 Final pedestal value for this channel was: 500.
Now loading pedestal and accumulator for channel 37.

 Final pedestal value for this channel was: 502.
Now loading pedestal and accumulator for channel 38.

 Final pedestal value for this channel was: 500.
Now loading pedestal and accumulator for channel 39.

 Final pedestal value for this channel was: 502.
Now loading pedestal and accumulator for channel 40.

 Final pedestal value for this channel was: 502.
Now loading pedestal and accumulator for channel 41.

 Final pedestal value for this channel was: 502.
Now loading pedestal and accumulator for channel 42.

 Final pedestal value for this channel was: 503.
Now loading pedestal and accumulator for channel 43.

 Final pedestal value for this channel was: 500.
Now loading pedestal and accumulator for channel 44.

 Final pedestal value for this channel was: 502.
Now loading pedestal and accumulator for channel 45.

 Final pedestal value for this channel was: 502.
Now loading pedestal and accumulator for channel 46.

 Final pedestal value for this channel was: 500.
Now loading pedestal and accumulator for channel 47.

 Final pedestal value for this channel was: 501.
Now loading pedestal and accumulator for channel 48.

 Final pedestal value for this channel was: 501.
Now loading pedestal and accumulator for channel 49.

 Final pedestal value for this channel was: 502.
Now loading pedestal and accumulator for channel 50.

 Final pedestal value for this channel was: 500.
Now loading pedestal and accumulator for channel 51.

 Final pedestal value for this channel was: 501.
Now loading pedestal and accumulator for channel 52.

 Final pedestal value for this channel was: 502.
Now loading pedestal and accumulator for channel 53.

 Final pedestal value for this channel was: 500.
Now loading pedestal and accumulator for channel 54.

 Final pedestal value for this channel was: 500.
Now loading pedestal and accumulator for channel 55.

 Final pedestal value for this channel was: 502.
Now loading pedestal and accumulator for channel 56.

 Final pedestal value for this channel was: 501.
Now loading pedestal and accumulator for channel 57.

 Final pedestal value for this channel was: 500.
Now loading pedestal and accumulator for channel 58.

 Final pedestal value for this channel was: 500.
Now loading pedestal and accumulator for channel 59.

 Final pedestal value for this channel was: 501.
Now loading pedestal and accumulator for channel 60.

 Final pedestal value for this channel was: 503.
Now loading pedestal and accumulator for channel 61.

 Final pedestal value for this channel was: 502.
Now loading pedestal and accumulator for channel 62.

 Final pedestal value for this channel was: 502.
Now loading pedestal and accumulator for channel 63.

 Final pedestal value for this channel was: 500.

Last channel processed, returning to channel 0.

 Final pedestal value for this channel was: 501.
Now loading pedestal and accumulator for channel 1.

 Final pedestal value for this channel was: 500.
Now loading pedestal and accumulator for channel 2.

 Final pedestal value for this channel was: 500.
Now loading pedestal and accumulator for channel 3.

Line 4329 had a high tready during attempt 2 so pointer will return to that line and reattempt the scan 

 Final pedestal value for this channel was: 502.
Now loading pedestal and accumulator for channel 4.

 Final pedestal value for this channel was: 500.
Now loading pedestal and accumulator for channel 5.

Line 4455 had a high tready during attempt 2 so pointer will return to that line and reattempt the scan 

 Final pedestal value for this channel was: 500.
Now loading pedestal and accumulator for channel 6.

 Final pedestal value for this channel was: 502.
Now loading pedestal and accumulator for channel 7.

 Final pedestal value for this channel was: 502.
Now loading pedestal and accumulator for channel 8.

 Final pedestal value for this channel was: 500.
Now loading pedestal and accumulator for channel 9.

 Final pedestal value for this channel was: 501.
Now loading pedestal and accumulator for channel 10.

 Final pedestal value for this channel was: 500.
Now loading pedestal and accumulator for channel 11.

 Final pedestal value for this channel was: 501.
Now loading pedestal and accumulator for channel 12.

 Final pedestal value for this channel was: 500.
Now loading pedestal and accumulator for channel 13.

Line 4942 had a high tready during attempt 2 so pointer will return to that line and reattempt the scan 

 Final pedestal value for this channel was: 502.
Now loading pedestal and accumulator for channel 14.

 Final pedestal value for this channel was: 500.
Now loading pedestal and accumulator for channel 15.

Line 5063 had a high tready during attempt 2 so pointer will return to that line and reattempt the scan 

 Final pedestal value for this channel was: 502.
Now loading pedestal and accumulator for channel 16.

 Final pedestal value for this channel was: 500.
Now loading pedestal and accumulator for channel 17.

 Final pedestal value for this channel was: 500.
Now loading pedestal and accumulator for channel 18.

 Final pedestal value for this channel was: 502.
Now loading pedestal and accumulator for channel 19.

 Final pedestal value for this channel was: 502.
Now loading pedestal and accumulator for channel 20.

 Final pedestal value for this channel was: 501.
Now loading pedestal and accumulator for channel 21.

 Final pedestal value for this channel was: 502.
Now loading pedestal and accumulator for channel 22.

 Final pedestal value for this channel was: 502.
Now loading pedestal and accumulator for channel 23.

 Final pedestal value for this channel was: 502.
Now loading pedestal and accumulator for channel 24.

 Final pedestal value for this channel was: 502.
Now loading pedestal and accumulator for channel 25.

 Final pedestal value for this channel was: 502.
Now loading pedestal and accumulator for channel 26.

 Final pedestal value for this channel was: 500.
Now loading pedestal and accumulator for channel 27.

 Final pedestal value for this channel was: 502.
Now loading pedestal and accumulator for channel 28.

 Final pedestal value for this channel was: 502.
Now loading pedestal and accumulator for channel 29.

 Final pedestal value for this channel was: 501.
Now loading pedestal and accumulator for channel 30.

 Final pedestal value for this channel was: 500.
Now loading pedestal and accumulator for channel 31.

 Final pedestal value for this channel was: 502.
Now loading pedestal and accumulator for channel 32.

 Final pedestal value for this channel was: 502.
Now loading pedestal and accumulator for channel 33.

 Final pedestal value for this channel was: 501.
Now loading pedestal and accumulator for channel 34.

 Final pedestal value for this channel was: 501.
Now loading pedestal and accumulator for channel 35.

 Final pedestal value for this channel was: 502.
Now loading pedestal and accumulator for channel 36.

 Final pedestal value for this channel was: 500.
Now loading pedestal and accumulator for channel 37.

 Final pedestal value for this channel was: 502.
Now loading pedestal and accumulator for channel 38.

 Final pedestal value for this channel was: 500.
Now loading pedestal and accumulator for channel 39.

 Final pedestal value for this channel was: 502.
Now loading pedestal and accumulator for channel 40.

 Final pedestal value for this channel was: 502.
Now loading pedestal and accumulator for channel 41.

 Final pedestal value for this channel was: 502.
Now loading pedestal and accumulator for channel 42.

 Final pedestal value for this channel was: 503.
Now loading pedestal and accumulator for channel 43.

 Final pedestal value for this channel was: 500.
Now loading pedestal and accumulator for channel 44.

 Final pedestal value for this channel was: 502.
Now loading pedestal and accumulator for channel 45.

 Final pedestal value for this channel was: 502.
Now loading pedestal and accumulator for channel 46.

 Final pedestal value for this channel was: 500.
Now loading pedestal and accumulator for channel 47.

 Final pedestal value for this channel was: 501.
Now loading pedestal and accumulator for channel 48.

 Final pedestal value for this channel was: 501.
Now loading pedestal and accumulator for channel 49.

 Final pedestal value for this channel was: 502.
Now loading pedestal and accumulator for channel 50.

 Final pedestal value for this channel was: 500.
Now loading pedestal and accumulator for channel 51.

 Final pedestal value for this channel was: 501.
Now loading pedestal and accumulator for channel 52.

 Final pedestal value for this channel was: 502.
Now loading pedestal and accumulator for channel 53.

 Final pedestal value for this channel was: 500.
Now loading pedestal and accumulator for channel 54.

 Final pedestal value for this channel was: 500.
Now loading pedestal and accumulator for channel 55.

 Final pedestal value for this channel was: 502.
Now loading pedestal and accumulator for channel 56.

 Final pedestal value for this channel was: 501.
Now loading pedestal and accumulator for channel 57.

 Final pedestal value for this channel was: 500.
Now loading pedestal and accumulator for channel 58.

Line 7839 had a high tready during attempt 2 so pointer will return to that line and reattempt the scan 

 Final pedestal value for this channel was: 500.
Now loading pedestal and accumulator for channel 59.

 Final pedestal value for this channel was: 501.
Now loading pedestal and accumulator for channel 60.

Line 7976 had a high tready during attempt 2 so pointer will return to that line and reattempt the scan 

 Final pedestal value for this channel was: 503.
Now loading pedestal and accumulator for channel 61.

 Final pedestal value for this channel was: 502.
Now loading pedestal and accumulator for channel 62.

 Final pedestal value for this channel was: 502.
Now loading pedestal and accumulator for channel 63.

 Final pedestal value for this channel was: 500.

Last channel processed, returning to channel 0.

End of scan.




Adjusted ADC value comparison:

ADC adjusted value for line 0: 0
ADC validated value for same line: 0
ADC adjusted value for line 1: 0
ADC validated value for same line: 0
ADC adjusted value for line 2: 0
ADC validated value for same line: 0
ADC adjusted value for line 3: 0
ADC validated value for same line: 0
ADC adjusted value for line 4: 0
ADC validated value for same line: 0
ADC adjusted value for line 5: 0
ADC validated value for same line: 0
ADC adjusted value for line 6: 0
ADC validated value for same line: 0
ADC adjusted value for line 7: 0
ADC validated value for same line: 0
ADC adjusted value for line 8: 0
ADC validated value for same line: 0
ADC adjusted value for line 9: 0
ADC validated value for same line: 0
ADC adjusted value for line 10: 0
ADC validated value for same line: 0
ADC adjusted value for line 11: 0
ADC validated value for same line: 0
ADC adjusted value for line 12: 0
ADC validated value for same line: 0
ADC adjusted value for line 13: 1
ADC validated value for same line: 1
ADC adjusted value for line 14: 1
ADC validated value for same line: 1
ADC adjusted value for line 15: 3
ADC validated value for same line: 3
ADC adjusted value for line 16: 5
ADC validated value for same line: 5
ADC adjusted value for line 17: 7
ADC validated value for same line: 7
ADC adjusted value for line 18: 11
ADC validated value for same line: 11
ADC adjusted value for line 19: 15
ADC validated value for same line: 15
ADC adjusted value for line 20: 20
ADC validated value for same line: 20
ADC adjusted value for line 21: 26
ADC validated value for same line: 26
ADC adjusted value for line 22: 31
ADC validated value for same line: 31
ADC adjusted value for line 23: 37
ADC validated value for same line: 37
ADC adjusted value for line 24: 42
ADC validated value for same line: 42
ADC adjusted value for line 25: 46
ADC validated value for same line: 46
ADC adjusted value for line 26: 48
ADC validated value for same line: 48
ADC adjusted value for line 27: 48
ADC validated value for same line: 48
ADC adjusted value for line 28: 47
ADC validated value for same line: 47
ADC adjusted value for line 29: 43
ADC validated value for same line: 43
ADC adjusted value for line 30: 39
ADC validated value for same line: 39
ADC adjusted value for line 31: 33
ADC validated value for same line: 33
ADC adjusted value for line 32: 26
ADC validated value for same line: 26
ADC adjusted value for line 33: 20
ADC validated value for same line: 20
ADC adjusted value for line 34: 15
ADC validated value for same line: 15
ADC adjusted value for line 35: 10
ADC validated value for same line: 10
ADC adjusted value for line 36: 6
ADC validated value for same line: 6
ADC adjusted value for line 37: 3
ADC validated value for same line: 3
ADC adjusted value for line 38: 1
ADC validated value for same line: 1
ADC adjusted value for line 39: 0
ADC validated value for same line: 0
ADC adjusted value for line 40: -1
ADC validated value for same line: -1
ADC adjusted value for line 41: -2
ADC validated value for same line: -2
ADC adjusted value for line 42: -2
ADC validated value for same line: -2
ADC adjusted value for line 43: -2
ADC validated value for same line: -2
ADC adjusted value for line 44: -2
ADC validated value for same line: -2
ADC adjusted value for line 45: -2
ADC validated value for same line: -2
ADC adjusted value for line 46: -2
ADC validated value for same line: -2
ADC adjusted value for line 47: -2
ADC validated value for same line: -2
ADC adjusted value for line 48: -2
ADC validated value for same line: -2
ADC adjusted value for line 49: -2
ADC validated value for same line: -2
ADC adjusted value for line 50: -2
ADC validated value for same line: -2
ADC adjusted value for line 51: -2
ADC validated value for same line: -2
ADC adjusted value for line 52: -2
ADC validated value for same line: -2
ADC adjusted value for line 53: -2
ADC validated value for same line: -2
ADC adjusted value for line 54: -2
ADC validated value for same line: -2
ADC adjusted value for line 55: -1
ADC validated value for same line: -1
ADC adjusted value for line 56: -1
ADC validated value for same line: -1
ADC adjusted value for line 57: -1
ADC validated value for same line: -1
ADC adjusted value for line 58: -1
ADC validated value for same line: -1
ADC adjusted value for line 59: -1
ADC validated value for same line: -1
ADC adjusted value for line 60: -1
ADC validated value for same line: -1
ADC adjusted value for line 61: -1
ADC validated value for same line: -1
ADC adjusted value for line 62: -1
ADC validated value for same line: -1
ADC adjusted value for line 63: -1
ADC validated value for same line: -1
ADC adjusted value for line 64: 0
ADC validated value for same line: 0
ADC adjusted value for line 65: 1
ADC validated value for same line: 1
ADC adjusted value for line 66: 2
ADC validated value for same line: 2
ADC adjusted value for line 67: 4
ADC validated value for same line: 4
ADC adjusted value for line 68: 6
ADC validated value for same line: 6
ADC adjusted value for line 69: 9
ADC validated value for same line: 9
ADC adjusted value for line 70: 14
ADC validated value for same line: 14
ADC adjusted value for line 71: 19
ADC validated value for same line: 19
ADC adjusted value for line 72: 24
ADC validated value for same line: 24
ADC adjusted value for line 73: 31
ADC validated value for same line: 31
ADC adjusted value for line 74: 36
ADC validated value for same line: 36
ADC adjusted value for line 75: 42
ADC validated value for same line: 42
ADC adjusted value for line 76: 47
ADC validated value for same line: 47
ADC adjusted value for line 77: 51
ADC validated value for same line: 51
ADC adjusted value for line 78: 52
ADC validated value for same line: 52
ADC adjusted value for line 79: 52
ADC validated value for same line: 52
ADC adjusted value for line 80: 49
ADC validated value for same line: 49
ADC adjusted value for line 81: 45
ADC validated value for same line: 45
ADC adjusted value for line 82: 39
ADC validated value for same line: 39
ADC adjusted value for line 83: 33
ADC validated value for same line: 33
ADC adjusted value for line 84: 25
ADC validated value for same line: 25
ADC adjusted value for line 85: 19
ADC validated value for same line: 19
ADC adjusted value for line 86: 14
ADC validated value for same line: 14
ADC adjusted value for line 87: 9
ADC validated value for same line: 9
ADC adjusted value for line 88: 5
ADC validated value for same line: 5
ADC adjusted value for line 89: 3
ADC validated value for same line: 3
ADC adjusted value for line 90: 1
ADC validated value for same line: 1
ADC adjusted value for line 91: 0
ADC validated value for same line: 0
ADC adjusted value for line 92: -1
ADC validated value for same line: -1
ADC adjusted value for line 93: -2
ADC validated value for same line: -2
ADC adjusted value for line 94: -2
ADC validated value for same line: -2
ADC adjusted value for line 95: -2
ADC validated value for same line: -2
ADC adjusted value for line 96: -2
ADC validated value for same line: -2
ADC adjusted value for line 97: -2
ADC validated value for same line: -2
ADC adjusted value for line 98: -2
ADC validated value for same line: -2
ADC adjusted value for line 99: -2
ADC validated value for same line: -2
ADC adjusted value for line 100: -2
ADC validated value for same line: -2
ADC adjusted value for line 101: -2
ADC validated value for same line: -2
ADC adjusted value for line 102: -2
ADC validated value for same line: -2
ADC adjusted value for line 103: -2
ADC validated value for same line: -2
ADC adjusted value for line 104: -2
ADC validated value for same line: -2
ADC adjusted value for line 105: -2
ADC validated value for same line: -2
ADC adjusted value for line 106: -2
ADC validated value for same line: -2
ADC adjusted value for line 107: -1
ADC validated value for same line: -1
ADC adjusted value for line 108: -1
ADC validated value for same line: -1
ADC adjusted value for line 109: -1
ADC validated value for same line: -1
ADC adjusted value for line 110: -1
ADC validated value for same line: -1
ADC adjusted value for line 111: -1
ADC validated value for same line: -1
ADC adjusted value for line 112: -1
ADC validated value for same line: -1
ADC adjusted value for line 113: -1
ADC validated value for same line: -1
ADC adjusted value for line 114: -1
ADC validated value for same line: -1
ADC adjusted value for line 115: -1
ADC validated value for same line: -1
ADC adjusted value for line 116: -1
ADC validated value for same line: -1
ADC adjusted value for line 117: 0
ADC validated value for same line: 0
ADC adjusted value for line 118: 0
ADC validated value for same line: 0
ADC adjusted value for line 119: 0
ADC validated value for same line: 0
ADC adjusted value for line 120: 0
ADC validated value for same line: 0
ADC adjusted value for line 121: 0
ADC validated value for same line: 0
ADC adjusted value for line 122: 0
ADC validated value for same line: 0
ADC adjusted value for line 123: 0
ADC validated value for same line: 0
ADC adjusted value for line 124: 0
ADC validated value for same line: 0
ADC adjusted value for line 125: 0
ADC validated value for same line: 0
ADC adjusted value for line 126: 0
ADC validated value for same line: 0
ADC adjusted value for line 127: 0
ADC validated value for same line: 0
ADC adjusted value for line 128: 57
ADC validated value for same line: 57
ADC adjusted value for line 129: 57
ADC validated value for same line: 57
ADC adjusted value for line 130: 55
ADC validated value for same line: 55
ADC adjusted value for line 131: 52
ADC validated value for same line: 52
ADC adjusted value for line 132: 46
ADC validated value for same line: 46
ADC adjusted value for line 133: 39
ADC validated value for same line: 39
ADC adjusted value for line 134: 32
ADC validated value for same line: 32
ADC adjusted value for line 135: 25
ADC validated value for same line: 25
ADC adjusted value for line 136: 19
ADC validated value for same line: 19
ADC adjusted value for line 137: 13
ADC validated value for same line: 13
ADC adjusted value for line 138: 9
ADC validated value for same line: 9
ADC adjusted value for line 139: 5
ADC validated value for same line: 5
ADC adjusted value for line 140: 3
ADC validated value for same line: 3
ADC adjusted value for line 141: 1
ADC validated value for same line: 1
ADC adjusted value for line 142: 0
ADC validated value for same line: 0
ADC adjusted value for line 143: -1
ADC validated value for same line: -1
ADC adjusted value for line 144: -1
ADC validated value for same line: -1
ADC adjusted value for line 145: -1
ADC validated value for same line: -1
ADC adjusted value for line 146: -1
ADC validated value for same line: -1
ADC adjusted value for line 147: -1
ADC validated value for same line: -1
ADC adjusted value for line 148: -1
ADC validated value for same line: -1
ADC adjusted value for line 149: -1
ADC validated value for same line: -1
ADC adjusted value for line 150: -1
ADC validated value for same line: -1
ADC adjusted value for line 151: -1
ADC validated value for same line: -1
ADC adjusted value for line 152: -1
ADC validated value for same line: -1
ADC adjusted value for line 153: -1
ADC validated value for same line: -1
ADC adjusted value for line 154: -1
ADC validated value for same line: -1
ADC adjusted value for line 155: -1
ADC validated value for same line: -1
ADC adjusted value for line 156: 0
ADC validated value for same line: 0
ADC adjusted value for line 157: 0
ADC validated value for same line: 0
ADC adjusted value for line 158: 0
ADC validated value for same line: 0
ADC adjusted value for line 159: 0
ADC validated value for same line: 0
ADC adjusted value for line 160: 0
ADC validated value for same line: 0
ADC adjusted value for line 161: 0
ADC validated value for same line: 0
ADC adjusted value for line 162: 0
ADC validated value for same line: 0
ADC adjusted value for line 163: 0
ADC validated value for same line: 0
ADC adjusted value for line 164: 0
ADC validated value for same line: 0
ADC adjusted value for line 165: 0
ADC validated value for same line: 0
ADC adjusted value for line 166: 0
ADC validated value for same line: 0
ADC adjusted value for line 167: 0
ADC validated value for same line: 0
ADC adjusted value for line 168: 0
ADC validated value for same line: 0
ADC adjusted value for line 169: 0
ADC validated value for same line: 0
ADC adjusted value for line 170: 0
ADC validated value for same line: 0
ADC adjusted value for line 171: 0
ADC validated value for same line: 0
ADC adjusted value for line 172: 0
ADC validated value for same line: 0
ADC adjusted value for line 173: 0
ADC validated value for same line: 0
ADC adjusted value for line 174: 0
ADC validated value for same line: 0
ADC adjusted value for line 175: 0
ADC validated value for same line: 0
ADC adjusted value for line 176: 0
ADC validated value for same line: 0
ADC adjusted value for line 177: 0
ADC validated value for same line: 0
ADC adjusted value for line 178: 0
ADC validated value for same line: 0
ADC adjusted value for line 179: 0
ADC validated value for same line: 0
ADC adjusted value for line 180: 0
ADC validated value for same line: 0
ADC adjusted value for line 181: 0
ADC validated value for same line: 0
ADC adjusted value for line 182: 0
ADC validated value for same line: 0
ADC adjusted value for line 183: 0
ADC validated value for same line: 0
ADC adjusted value for line 184: 0
ADC validated value for same line: 0
ADC adjusted value for line 185: 0
ADC validated value for same line: 0
ADC adjusted value for line 186: 0
ADC validated value for same line: 0
ADC adjusted value for line 187: 0
ADC validated value for same line: 0
ADC adjusted value for line 188: 0
ADC validated value for same line: 0
ADC adjusted value for line 189: 0
ADC validated value for same line: 0
ADC adjusted value for line 190: 0
ADC validated value for same line: 0
ADC adjusted value for line 191: 0
ADC validated value for same line: 0
ADC adjusted value for line 192: 0
ADC validated value for same line: 0
ADC adjusted value for line 193: 0
ADC validated value for same line: 0
ADC adjusted value for line 194: 0
ADC validated value for same line: 0
ADC adjusted value for line 195: 0
ADC validated value for same line: 0
ADC adjusted value for line 196: 0
ADC validated value for same line: 0
ADC adjusted value for line 197: 0
ADC validated value for same line: 0
ADC adjusted value for line 198: 0
ADC validated value for same line: 0
ADC adjusted value for line 199: 0
ADC validated value for same line: 0
ADC adjusted value for line 200: 0
ADC validated value for same line: 0
ADC adjusted value for line 201: 0
ADC validated value for same line: 0
ADC adjusted value for line 202: 0
ADC validated value for same line: 0
ADC adjusted value for line 203: 0
ADC validated value for same line: 0
ADC adjusted value for line 204: 0
ADC validated value for same line: 0
ADC adjusted value for line 205: 0
ADC validated value for same line: 0
ADC adjusted value for line 206: 0
ADC validated value for same line: 0
ADC adjusted value for line 207: 0
ADC validated value for same line: 0
ADC adjusted value for line 208: 0
ADC validated value for same line: 0
ADC adjusted value for line 209: 0
ADC validated value for same line: 0
ADC adjusted value for line 210: 0
ADC validated value for same line: 0
ADC adjusted value for line 211: 0
ADC validated value for same line: 0
ADC adjusted value for line 212: 0
ADC validated value for same line: 0
ADC adjusted value for line 213: 0
ADC validated value for same line: 0
ADC adjusted value for line 214: 0
ADC validated value for same line: 0
ADC adjusted value for line 215: 0
ADC validated value for same line: 0
ADC adjusted value for line 216: 0
ADC validated value for same line: 0
ADC adjusted value for line 217: 0
ADC validated value for same line: 0
ADC adjusted value for line 218: 0
ADC validated value for same line: 0
ADC adjusted value for line 219: 0
ADC validated value for same line: 0
ADC adjusted value for line 220: 0
ADC validated value for same line: 0
ADC adjusted value for line 221: 0
ADC validated value for same line: 0
ADC adjusted value for line 222: 0
ADC validated value for same line: 0
ADC adjusted value for line 223: 0
ADC validated value for same line: 0
ADC adjusted value for line 224: 0
ADC validated value for same line: 0
ADC adjusted value for line 225: 0
ADC validated value for same line: 0
ADC adjusted value for line 226: 0
ADC validated value for same line: 0
ADC adjusted value for line 227: 0
ADC validated value for same line: 0
ADC adjusted value for line 228: 1
ADC validated value for same line: 1
ADC adjusted value for line 229: 2
ADC validated value for same line: 2
ADC adjusted value for line 230: 3
ADC validated value for same line: 3
ADC adjusted value for line 231: 6
ADC validated value for same line: 6
ADC adjusted value for line 232: 9
ADC validated value for same line: 9
ADC adjusted value for line 233: 13
ADC validated value for same line: 13
ADC adjusted value for line 234: 18
ADC validated value for same line: 18
ADC adjusted value for line 235: 24
ADC validated value for same line: 24
ADC adjusted value for line 236: 31
ADC validated value for same line: 31
ADC adjusted value for line 237: 38
ADC validated value for same line: 38
ADC adjusted value for line 238: 45
ADC validated value for same line: 45
ADC adjusted value for line 239: 52
ADC validated value for same line: 52
ADC adjusted value for line 240: 57
ADC validated value for same line: 57
ADC adjusted value for line 241: 60
ADC validated value for same line: 60
ADC adjusted value for line 242: 60
ADC validated value for same line: 60
ADC adjusted value for line 243: 59
ADC validated value for same line: 59
ADC adjusted value for line 244: 55
ADC validated value for same line: 55
ADC adjusted value for line 245: 49
ADC validated value for same line: 49
ADC adjusted value for line 246: 42
ADC validated value for same line: 42
ADC adjusted value for line 247: 33
ADC validated value for same line: 33
ADC adjusted value for line 248: 26
ADC validated value for same line: 26
ADC adjusted value for line 249: 19
ADC validated value for same line: 19
ADC adjusted value for line 250: 14
ADC validated value for same line: 14
ADC adjusted value for line 251: 9
ADC validated value for same line: 9
ADC adjusted value for line 252: 5
ADC validated value for same line: 5
ADC adjusted value for line 253: 2
ADC validated value for same line: 2
ADC adjusted value for line 254: 1
ADC validated value for same line: 1
ADC adjusted value for line 255: -1
ADC validated value for same line: -1
ADC adjusted value for line 256: 0
ADC validated value for same line: 0
ADC adjusted value for line 257: 0
ADC validated value for same line: 0
ADC adjusted value for line 258: 0
ADC validated value for same line: 0
ADC adjusted value for line 259: 0
ADC validated value for same line: 0
ADC adjusted value for line 260: 0
ADC validated value for same line: 0
ADC adjusted value for line 261: 1
ADC validated value for same line: 1
ADC adjusted value for line 262: 2
ADC validated value for same line: 2
ADC adjusted value for line 263: 3
ADC validated value for same line: 3
ADC adjusted value for line 264: 6
ADC validated value for same line: 6
ADC adjusted value for line 265: 9
ADC validated value for same line: 9
ADC adjusted value for line 266: 13
ADC validated value for same line: 13
ADC adjusted value for line 267: 19
ADC validated value for same line: 19
ADC adjusted value for line 268: 25
ADC validated value for same line: 25
ADC adjusted value for line 269: 33
ADC validated value for same line: 33
ADC adjusted value for line 270: 40
ADC validated value for same line: 40
ADC adjusted value for line 271: 48
ADC validated value for same line: 48
ADC adjusted value for line 272: 55
ADC validated value for same line: 55
ADC adjusted value for line 273: 60
ADC validated value for same line: 60
ADC adjusted value for line 274: 64
ADC validated value for same line: 64
ADC adjusted value for line 275: 64
ADC validated value for same line: 64
ADC adjusted value for line 276: 63
ADC validated value for same line: 63
ADC adjusted value for line 277: 59
ADC validated value for same line: 59
ADC adjusted value for line 278: 53
ADC validated value for same line: 53
ADC adjusted value for line 279: 45
ADC validated value for same line: 45
ADC adjusted value for line 280: 36
ADC validated value for same line: 36
ADC adjusted value for line 281: 29
ADC validated value for same line: 29
ADC adjusted value for line 282: 21
ADC validated value for same line: 21
ADC adjusted value for line 283: 15
ADC validated value for same line: 15
ADC adjusted value for line 284: 10
ADC validated value for same line: 10
ADC adjusted value for line 285: 6
ADC validated value for same line: 6
ADC adjusted value for line 286: 3
ADC validated value for same line: 3
ADC adjusted value for line 287: 1
ADC validated value for same line: 1
ADC adjusted value for line 288: 0
ADC validated value for same line: 0
ADC adjusted value for line 289: -1
ADC validated value for same line: -1
ADC adjusted value for line 290: -2
ADC validated value for same line: -2
ADC adjusted value for line 291: -2
ADC validated value for same line: -2
ADC adjusted value for line 292: -2
ADC validated value for same line: -2
ADC adjusted value for line 293: -2
ADC validated value for same line: -2
ADC adjusted value for line 294: -2
ADC validated value for same line: -2
ADC adjusted value for line 295: -2
ADC validated value for same line: -2
ADC adjusted value for line 296: -2
ADC validated value for same line: -2
ADC adjusted value for line 297: -2
ADC validated value for same line: -2
ADC adjusted value for line 298: -2
ADC validated value for same line: -2
ADC adjusted value for line 299: -2
ADC validated value for same line: -2
ADC adjusted value for line 300: -2
ADC validated value for same line: -2
ADC adjusted value for line 301: -2
ADC validated value for same line: -2
ADC adjusted value for line 302: -2
ADC validated value for same line: -2
ADC adjusted value for line 303: -2
ADC validated value for same line: -2
ADC adjusted value for line 304: -2
ADC validated value for same line: -2
ADC adjusted value for line 305: -1
ADC validated value for same line: -1
ADC adjusted value for line 306: -1
ADC validated value for same line: -1
ADC adjusted value for line 307: -1
ADC validated value for same line: -1
ADC adjusted value for line 308: -1
ADC validated value for same line: -1
ADC adjusted value for line 309: -1
ADC validated value for same line: -1
ADC adjusted value for line 310: -1
ADC validated value for same line: -1
ADC adjusted value for line 311: -1
ADC validated value for same line: -1
ADC adjusted value for line 312: -1
ADC validated value for same line: -1
ADC adjusted value for line 313: -1
ADC validated value for same line: -1
ADC adjusted value for line 314: -1
ADC validated value for same line: -1
ADC adjusted value for line 315: 0
ADC validated value for same line: 0
ADC adjusted value for line 316: 0
ADC validated value for same line: 0
ADC adjusted value for line 317: 0
ADC validated value for same line: 0
ADC adjusted value for line 318: 0
ADC validated value for same line: 0
ADC adjusted value for line 319: 0
ADC validated value for same line: 0
ADC adjusted value for line 320: 57
ADC validated value for same line: 57
ADC adjusted value for line 321: 63
ADC validated value for same line: 63
ADC adjusted value for line 322: 68
ADC validated value for same line: 68
ADC adjusted value for line 323: 69
ADC validated value for same line: 69
ADC adjusted value for line 324: 68
ADC validated value for same line: 68
ADC adjusted value for line 325: 65
ADC validated value for same line: 65
ADC adjusted value for line 326: 59
ADC validated value for same line: 59
ADC adjusted value for line 327: 51
ADC validated value for same line: 51
ADC adjusted value for line 328: 43
ADC validated value for same line: 43
ADC adjusted value for line 329: 34
ADC validated value for same line: 34
ADC adjusted value for line 330: 26
ADC validated value for same line: 26
ADC adjusted value for line 331: 19
ADC validated value for same line: 19
ADC adjusted value for line 332: 13
ADC validated value for same line: 13
ADC adjusted value for line 333: 8
ADC validated value for same line: 8
ADC adjusted value for line 334: 5
ADC validated value for same line: 5
ADC adjusted value for line 335: 3
ADC validated value for same line: 3
ADC adjusted value for line 336: 1
ADC validated value for same line: 1
ADC adjusted value for line 337: 0
ADC validated value for same line: 0
ADC adjusted value for line 338: -1
ADC validated value for same line: -1
ADC adjusted value for line 339: -1
ADC validated value for same line: -1
ADC adjusted value for line 340: -1
ADC validated value for same line: -1
ADC adjusted value for line 341: -1
ADC validated value for same line: -1
ADC adjusted value for line 342: -1
ADC validated value for same line: -1
ADC adjusted value for line 343: -1
ADC validated value for same line: -1
ADC adjusted value for line 344: -1
ADC validated value for same line: -1
ADC adjusted value for line 345: -1
ADC validated value for same line: -1
ADC adjusted value for line 346: -1
ADC validated value for same line: -1
ADC adjusted value for line 347: -1
ADC validated value for same line: -1
ADC adjusted value for line 348: -1
ADC validated value for same line: -1
ADC adjusted value for line 349: -1
ADC validated value for same line: -1
ADC adjusted value for line 350: -1
ADC validated value for same line: -1
ADC adjusted value for line 351: -1
ADC validated value for same line: -1
ADC adjusted value for line 352: -1
ADC validated value for same line: -1
ADC adjusted value for line 353: -1
ADC validated value for same line: -1
ADC adjusted value for line 354: 0
ADC validated value for same line: 0
ADC adjusted value for line 355: 0
ADC validated value for same line: 0
ADC adjusted value for line 356: 0
ADC validated value for same line: 0
ADC adjusted value for line 357: 0
ADC validated value for same line: 0
ADC adjusted value for line 358: 0
ADC validated value for same line: 0
ADC adjusted value for line 359: 0
ADC validated value for same line: 0
ADC adjusted value for line 360: 0
ADC validated value for same line: 0
ADC adjusted value for line 361: 0
ADC validated value for same line: 0
ADC adjusted value for line 362: 0
ADC validated value for same line: 0
ADC adjusted value for line 363: 0
ADC validated value for same line: 0
ADC adjusted value for line 364: 0
ADC validated value for same line: 0
ADC adjusted value for line 365: 0
ADC validated value for same line: 0
ADC adjusted value for line 366: 0
ADC validated value for same line: 0
ADC adjusted value for line 367: 0
ADC validated value for same line: 0
ADC adjusted value for line 368: 0
ADC validated value for same line: 0
ADC adjusted value for line 369: 0
ADC validated value for same line: 0
ADC adjusted value for line 370: 0
ADC validated value for same line: 0
ADC adjusted value for line 371: 0
ADC validated value for same line: 0
ADC adjusted value for line 372: 0
ADC validated value for same line: 0
ADC adjusted value for line 373: 0
ADC validated value for same line: 0
ADC adjusted value for line 374: 0
ADC validated value for same line: 0
ADC adjusted value for line 375: 0
ADC validated value for same line: 0
ADC adjusted value for line 376: 0
ADC validated value for same line: 0
ADC adjusted value for line 377: 0
ADC validated value for same line: 0
ADC adjusted value for line 378: 0
ADC validated value for same line: 0
ADC adjusted value for line 379: 0
ADC validated value for same line: 0
ADC adjusted value for line 380: 0
ADC validated value for same line: 0
ADC adjusted value for line 381: 0
ADC validated value for same line: 0
ADC adjusted value for line 382: 0
ADC validated value for same line: 0
ADC adjusted value for line 383: 0
ADC validated value for same line: 0
ADC adjusted value for line 384: 0
ADC validated value for same line: 0
ADC adjusted value for line 385: 0
ADC validated value for same line: 0
ADC adjusted value for line 386: 0
ADC validated value for same line: 0
ADC adjusted value for line 387: 0
ADC validated value for same line: 0
ADC adjusted value for line 388: 0
ADC validated value for same line: 0
ADC adjusted value for line 389: 0
ADC validated value for same line: 0
ADC adjusted value for line 390: 0
ADC validated value for same line: 0
ADC adjusted value for line 391: 0
ADC validated value for same line: 0
ADC adjusted value for line 392: 0
ADC validated value for same line: 0
ADC adjusted value for line 393: 0
ADC validated value for same line: 0
ADC adjusted value for line 394: 0
ADC validated value for same line: 0
ADC adjusted value for line 395: 0
ADC validated value for same line: 0
ADC adjusted value for line 396: 0
ADC validated value for same line: 0
ADC adjusted value for line 397: 0
ADC validated value for same line: 0
ADC adjusted value for line 398: 0
ADC validated value for same line: 0
ADC adjusted value for line 399: 0
ADC validated value for same line: 0
ADC adjusted value for line 400: 0
ADC validated value for same line: 0
ADC adjusted value for line 401: 0
ADC validated value for same line: 0
ADC adjusted value for line 402: 0
ADC validated value for same line: 0
ADC adjusted value for line 403: 0
ADC validated value for same line: 0
ADC adjusted value for line 404: 0
ADC validated value for same line: 0
ADC adjusted value for line 405: 0
ADC validated value for same line: 0
ADC adjusted value for line 406: 0
ADC validated value for same line: 0
ADC adjusted value for line 407: 0
ADC validated value for same line: 0
ADC adjusted value for line 408: 0
ADC validated value for same line: 0
ADC adjusted value for line 409: 0
ADC validated value for same line: 0
ADC adjusted value for line 410: 0
ADC validated value for same line: 0
ADC adjusted value for line 411: 0
ADC validated value for same line: 0
ADC adjusted value for line 412: 0
ADC validated value for same line: 0
ADC adjusted value for line 413: 0
ADC validated value for same line: 0
ADC adjusted value for line 414: 0
ADC validated value for same line: 0
ADC adjusted value for line 415: 0
ADC validated value for same line: 0
ADC adjusted value for line 416: 0
ADC validated value for same line: 0
ADC adjusted value for line 417: 0
ADC validated value for same line: 0
ADC adjusted value for line 418: 0
ADC validated value for same line: 0
ADC adjusted value for line 419: 0
ADC validated value for same line: 0
ADC adjusted value for line 420: 0
ADC validated value for same line: 0
ADC adjusted value for line 421: 0
ADC validated value for same line: 0
ADC adjusted value for line 422: 0
ADC validated value for same line: 0
ADC adjusted value for line 423: 0
ADC validated value for same line: 0
ADC adjusted value for line 424: 0
ADC validated value for same line: 0
ADC adjusted value for line 425: 0
ADC validated value for same line: 0
ADC adjusted value for line 426: 1
ADC validated value for same line: 1
ADC adjusted value for line 427: 2
ADC validated value for same line: 2
ADC adjusted value for line 428: 4
ADC validated value for same line: 4
ADC adjusted value for line 429: 7
ADC validated value for same line: 7
ADC adjusted value for line 430: 11
ADC validated value for same line: 11
ADC adjusted value for line 431: 16
ADC validated value for same line: 16
ADC adjusted value for line 432: 22
ADC validated value for same line: 22
ADC adjusted value for line 433: 30
ADC validated value for same line: 30
ADC adjusted value for line 434: 38
ADC validated value for same line: 38
ADC adjusted value for line 435: 46
ADC validated value for same line: 46
ADC adjusted value for line 436: 55
ADC validated value for same line: 55
ADC adjusted value for line 437: 63
ADC validated value for same line: 63
ADC adjusted value for line 438: 68
ADC validated value for same line: 68
ADC adjusted value for line 439: 72
ADC validated value for same line: 72
ADC adjusted value for line 440: 72
ADC validated value for same line: 72
ADC adjusted value for line 441: 70
ADC validated value for same line: 70
ADC adjusted value for line 442: 65
ADC validated value for same line: 65
ADC adjusted value for line 443: 58
ADC validated value for same line: 58
ADC adjusted value for line 444: 50
ADC validated value for same line: 50
ADC adjusted value for line 445: 40
ADC validated value for same line: 40
ADC adjusted value for line 446: 31
ADC validated value for same line: 31
ADC adjusted value for line 447: 23
ADC validated value for same line: 23
ADC adjusted value for line 448: 0
ADC validated value for same line: 0
ADC adjusted value for line 449: 0
ADC validated value for same line: 0
ADC adjusted value for line 450: 0
ADC validated value for same line: 0
ADC adjusted value for line 451: 0
ADC validated value for same line: 0
ADC adjusted value for line 452: 0
ADC validated value for same line: 0
ADC adjusted value for line 453: 0
ADC validated value for same line: 0
ADC adjusted value for line 454: 0
ADC validated value for same line: 0
ADC adjusted value for line 455: 0
ADC validated value for same line: 0
ADC adjusted value for line 456: 0
ADC validated value for same line: 0
ADC adjusted value for line 457: 0
ADC validated value for same line: 0
ADC adjusted value for line 458: 0
ADC validated value for same line: 0
ADC adjusted value for line 459: 0
ADC validated value for same line: 0
ADC adjusted value for line 460: 0
ADC validated value for same line: 0
ADC adjusted value for line 461: 0
ADC validated value for same line: 0
ADC adjusted value for line 462: 0
ADC validated value for same line: 0
ADC adjusted value for line 463: 0
ADC validated value for same line: 0
ADC adjusted value for line 464: 0
ADC validated value for same line: 0
ADC adjusted value for line 465: 0
ADC validated value for same line: 0
ADC adjusted value for line 466: 0
ADC validated value for same line: 0
ADC adjusted value for line 467: 0
ADC validated value for same line: 0
ADC adjusted value for line 468: 0
ADC validated value for same line: 0
ADC adjusted value for line 469: 0
ADC validated value for same line: 0
ADC adjusted value for line 470: 0
ADC validated value for same line: 0
ADC adjusted value for line 471: 0
ADC validated value for same line: 0
ADC adjusted value for line 472: 0
ADC validated value for same line: 0
ADC adjusted value for line 473: 0
ADC validated value for same line: 0
ADC adjusted value for line 474: 0
ADC validated value for same line: 0
ADC adjusted value for line 475: 0
ADC validated value for same line: 0
ADC adjusted value for line 476: 0
ADC validated value for same line: 0
ADC adjusted value for line 477: 0
ADC validated value for same line: 0
ADC adjusted value for line 478: 0
ADC validated value for same line: 0
ADC adjusted value for line 479: 0
ADC validated value for same line: 0
ADC adjusted value for line 480: 0
ADC validated value for same line: 0
ADC adjusted value for line 481: 0
ADC validated value for same line: 0
ADC adjusted value for line 482: 0
ADC validated value for same line: 0
ADC adjusted value for line 483: 0
ADC validated value for same line: 0
ADC adjusted value for line 484: 0
ADC validated value for same line: 0
ADC adjusted value for line 485: 0
ADC validated value for same line: 0
ADC adjusted value for line 486: 0
ADC validated value for same line: 0
ADC adjusted value for line 487: 0
ADC validated value for same line: 0
ADC adjusted value for line 488: 0
ADC validated value for same line: 0
ADC adjusted value for line 489: 1
ADC validated value for same line: 1
ADC adjusted value for line 490: 2
ADC validated value for same line: 2
ADC adjusted value for line 491: 3
ADC validated value for same line: 3
ADC adjusted value for line 492: 6
ADC validated value for same line: 6
ADC adjusted value for line 493: 9
ADC validated value for same line: 9
ADC adjusted value for line 494: 13
ADC validated value for same line: 13
ADC adjusted value for line 495: 19
ADC validated value for same line: 19
ADC adjusted value for line 496: 27
ADC validated value for same line: 27
ADC adjusted value for line 497: 35
ADC validated value for same line: 35
ADC adjusted value for line 498: 43
ADC validated value for same line: 43
ADC adjusted value for line 499: 53
ADC validated value for same line: 53
ADC adjusted value for line 500: 61
ADC validated value for same line: 61
ADC adjusted value for line 501: 69
ADC validated value for same line: 69
ADC adjusted value for line 502: 74
ADC validated value for same line: 74
ADC adjusted value for line 503: 76
ADC validated value for same line: 76
ADC adjusted value for line 504: 76
ADC validated value for same line: 76
ADC adjusted value for line 505: 72
ADC validated value for same line: 72
ADC adjusted value for line 506: 66
ADC validated value for same line: 66
ADC adjusted value for line 507: 58
ADC validated value for same line: 58
ADC adjusted value for line 508: 47
ADC validated value for same line: 47
ADC adjusted value for line 509: 38
ADC validated value for same line: 38
ADC adjusted value for line 510: 29
ADC validated value for same line: 29
ADC adjusted value for line 511: 21
ADC validated value for same line: 21
ADC adjusted value for line 512: 0
ADC validated value for same line: 0
ADC adjusted value for line 513: 0
ADC validated value for same line: 0
ADC adjusted value for line 514: 1
ADC validated value for same line: 1
ADC adjusted value for line 515: 2
ADC validated value for same line: 2
ADC adjusted value for line 516: 4
ADC validated value for same line: 4
ADC adjusted value for line 517: 7
ADC validated value for same line: 7
ADC adjusted value for line 518: 11
ADC validated value for same line: 11
ADC adjusted value for line 519: 16
ADC validated value for same line: 16
ADC adjusted value for line 520: 23
ADC validated value for same line: 23
ADC adjusted value for line 521: 31
ADC validated value for same line: 31
ADC adjusted value for line 522: 40
ADC validated value for same line: 40
ADC adjusted value for line 523: 49
ADC validated value for same line: 49
ADC adjusted value for line 524: 59
ADC validated value for same line: 59
ADC adjusted value for line 525: 68
ADC validated value for same line: 68
ADC adjusted value for line 526: 75
ADC validated value for same line: 75
ADC adjusted value for line 527: 79
ADC validated value for same line: 79
ADC adjusted value for line 528: 80
ADC validated value for same line: 80
ADC adjusted value for line 529: 79
ADC validated value for same line: 79
ADC adjusted value for line 530: 74
ADC validated value for same line: 74
ADC adjusted value for line 531: 66
ADC validated value for same line: 66
ADC adjusted value for line 532: 57
ADC validated value for same line: 57
ADC adjusted value for line 533: 46
ADC validated value for same line: 46
ADC adjusted value for line 534: 37
ADC validated value for same line: 37
ADC adjusted value for line 535: 27
ADC validated value for same line: 27
ADC adjusted value for line 536: 20
ADC validated value for same line: 20
ADC adjusted value for line 537: 13
ADC validated value for same line: 13
ADC adjusted value for line 538: 8
ADC validated value for same line: 8
ADC adjusted value for line 539: 4
ADC validated value for same line: 4
ADC adjusted value for line 540: 2
ADC validated value for same line: 2
ADC adjusted value for line 541: 0
ADC validated value for same line: 0
ADC adjusted value for line 542: -1
ADC validated value for same line: -1
ADC adjusted value for line 543: -2
ADC validated value for same line: -2
ADC adjusted value for line 544: -2
ADC validated value for same line: -2
ADC adjusted value for line 545: -2
ADC validated value for same line: -2
ADC adjusted value for line 546: -2
ADC validated value for same line: -2
ADC adjusted value for line 547: -2
ADC validated value for same line: -2
ADC adjusted value for line 548: -2
ADC validated value for same line: -2
ADC adjusted value for line 549: -2
ADC validated value for same line: -2
ADC adjusted value for line 550: -2
ADC validated value for same line: -2
ADC adjusted value for line 551: -2
ADC validated value for same line: -2
ADC adjusted value for line 552: -2
ADC validated value for same line: -2
ADC adjusted value for line 553: -2
ADC validated value for same line: -2
ADC adjusted value for line 554: -2
ADC validated value for same line: -2
ADC adjusted value for line 555: -2
ADC validated value for same line: -2
ADC adjusted value for line 556: -2
ADC validated value for same line: -2
ADC adjusted value for line 557: -2
ADC validated value for same line: -2
ADC adjusted value for line 558: -1
ADC validated value for same line: -1
ADC adjusted value for line 559: -1
ADC validated value for same line: -1
ADC adjusted value for line 560: -1
ADC validated value for same line: -1
ADC adjusted value for line 561: -1
ADC validated value for same line: -1
ADC adjusted value for line 562: -1
ADC validated value for same line: -1
ADC adjusted value for line 563: -1
ADC validated value for same line: -1
ADC adjusted value for line 564: -1
ADC validated value for same line: -1
ADC adjusted value for line 565: -1
ADC validated value for same line: -1
ADC adjusted value for line 566: -1
ADC validated value for same line: -1
ADC adjusted value for line 567: -1
ADC validated value for same line: -1
ADC adjusted value for line 568: 0
ADC validated value for same line: 0
ADC adjusted value for line 569: 0
ADC validated value for same line: 0
ADC adjusted value for line 570: 0
ADC validated value for same line: 0
ADC adjusted value for line 571: 0
ADC validated value for same line: 0
ADC adjusted value for line 572: 0
ADC validated value for same line: 0
ADC adjusted value for line 573: 0
ADC validated value for same line: 0
ADC adjusted value for line 574: 0
ADC validated value for same line: 0
ADC adjusted value for line 575: 0
ADC validated value for same line: 0
ADC adjusted value for line 576: 0
ADC validated value for same line: 0
ADC adjusted value for line 577: 0
ADC validated value for same line: 0
ADC adjusted value for line 578: 0
ADC validated value for same line: 0
ADC adjusted value for line 579: 0
ADC validated value for same line: 0
ADC adjusted value for line 580: 0
ADC validated value for same line: 0
ADC adjusted value for line 581: 0
ADC validated value for same line: 0
ADC adjusted value for line 582: 0
ADC validated value for same line: 0
ADC adjusted value for line 583: 0
ADC validated value for same line: 0
ADC adjusted value for line 584: 0
ADC validated value for same line: 0
ADC adjusted value for line 585: 0
ADC validated value for same line: 0
ADC adjusted value for line 586: 0
ADC validated value for same line: 0
ADC adjusted value for line 587: 0
ADC validated value for same line: 0
ADC adjusted value for line 588: 0
ADC validated value for same line: 0
ADC adjusted value for line 589: 0
ADC validated value for same line: 0
ADC adjusted value for line 590: 0
ADC validated value for same line: 0
ADC adjusted value for line 591: 0
ADC validated value for same line: 0
ADC adjusted value for line 592: 0
ADC validated value for same line: 0
ADC adjusted value for line 593: 0
ADC validated value for same line: 0
ADC adjusted value for line 594: 0
ADC validated value for same line: 0
ADC adjusted value for line 595: 0
ADC validated value for same line: 0
ADC adjusted value for line 596: 0
ADC validated value for same line: 0
ADC adjusted value for line 597: 0
ADC validated value for same line: 0
ADC adjusted value for line 598: 0
ADC validated value for same line: 0
ADC adjusted value for line 599: 0
ADC validated value for same line: 0
ADC adjusted value for line 600: 0
ADC validated value for same line: 0
ADC adjusted value for line 601: 0
ADC validated value for same line: 0
ADC adjusted value for line 602: 0
ADC validated value for same line: 0
ADC adjusted value for line 603: 0
ADC validated value for same line: 0
ADC adjusted value for line 604: 0
ADC validated value for same line: 0
ADC adjusted value for line 605: 0
ADC validated value for same line: 0
ADC adjusted value for line 606: 0
ADC validated value for same line: 0
ADC adjusted value for line 607: 0
ADC validated value for same line: 0
ADC adjusted value for line 608: 0
ADC validated value for same line: 0
ADC adjusted value for line 609: 0
ADC validated value for same line: 0
ADC adjusted value for line 610: 0
ADC validated value for same line: 0
ADC adjusted value for line 611: 0
ADC validated value for same line: 0
ADC adjusted value for line 612: 0
ADC validated value for same line: 0
ADC adjusted value for line 613: 0
ADC validated value for same line: 0
ADC adjusted value for line 614: 0
ADC validated value for same line: 0
ADC adjusted value for line 615: 0
ADC validated value for same line: 0
ADC adjusted value for line 616: 0
ADC validated value for same line: 0
ADC adjusted value for line 617: 0
ADC validated value for same line: 0
ADC adjusted value for line 618: 0
ADC validated value for same line: 0
ADC adjusted value for line 619: 0
ADC validated value for same line: 0
ADC adjusted value for line 620: 0
ADC validated value for same line: 0
ADC adjusted value for line 621: 0
ADC validated value for same line: 0
ADC adjusted value for line 622: 1
ADC validated value for same line: 1
ADC adjusted value for line 623: 2
ADC validated value for same line: 2
ADC adjusted value for line 624: 3
ADC validated value for same line: 3
ADC adjusted value for line 625: 6
ADC validated value for same line: 6
ADC adjusted value for line 626: 9
ADC validated value for same line: 9
ADC adjusted value for line 627: 14
ADC validated value for same line: 14
ADC adjusted value for line 628: 20
ADC validated value for same line: 20
ADC adjusted value for line 629: 28
ADC validated value for same line: 28
ADC adjusted value for line 630: 37
ADC validated value for same line: 37
ADC adjusted value for line 631: 46
ADC validated value for same line: 46
ADC adjusted value for line 632: 56
ADC validated value for same line: 56
ADC adjusted value for line 633: 66
ADC validated value for same line: 66
ADC adjusted value for line 634: 75
ADC validated value for same line: 75
ADC adjusted value for line 635: 81
ADC validated value for same line: 81
ADC adjusted value for line 636: 84
ADC validated value for same line: 84
ADC adjusted value for line 637: 84
ADC validated value for same line: 84
ADC adjusted value for line 638: 80
ADC validated value for same line: 80
ADC adjusted value for line 639: 74
ADC validated value for same line: 74
ADC adjusted value for line 640: 0
ADC validated value for same line: 0
ADC adjusted value for line 641: 0
ADC validated value for same line: 0
ADC adjusted value for line 642: 1
ADC validated value for same line: 1
ADC adjusted value for line 643: 2
ADC validated value for same line: 2
ADC adjusted value for line 644: 4
ADC validated value for same line: 4
ADC adjusted value for line 645: 7
ADC validated value for same line: 7
ADC adjusted value for line 646: 11
ADC validated value for same line: 11
ADC adjusted value for line 647: 17
ADC validated value for same line: 17
ADC adjusted value for line 648: 24
ADC validated value for same line: 24
ADC adjusted value for line 649: 33
ADC validated value for same line: 33
ADC adjusted value for line 650: 43
ADC validated value for same line: 43
ADC adjusted value for line 651: 52
ADC validated value for same line: 52
ADC adjusted value for line 652: 63
ADC validated value for same line: 63
ADC adjusted value for line 653: 73
ADC validated value for same line: 73
ADC adjusted value for line 654: 81
ADC validated value for same line: 81
ADC adjusted value for line 655: 87
ADC validated value for same line: 87
ADC adjusted value for line 656: 88
ADC validated value for same line: 88
ADC adjusted value for line 657: 87
ADC validated value for same line: 87
ADC adjusted value for line 658: 82
ADC validated value for same line: 82
ADC adjusted value for line 659: 74
ADC validated value for same line: 74
ADC adjusted value for line 660: 64
ADC validated value for same line: 64
ADC adjusted value for line 661: 53
ADC validated value for same line: 53
ADC adjusted value for line 662: 42
ADC validated value for same line: 42
ADC adjusted value for line 663: 32
ADC validated value for same line: 32
ADC adjusted value for line 664: 23
ADC validated value for same line: 23
ADC adjusted value for line 665: 16
ADC validated value for same line: 16
ADC adjusted value for line 666: 10
ADC validated value for same line: 10
ADC adjusted value for line 667: 6
ADC validated value for same line: 6
ADC adjusted value for line 668: 3
ADC validated value for same line: 3
ADC adjusted value for line 669: 1
ADC validated value for same line: 1
ADC adjusted value for line 670: -1
ADC validated value for same line: -1
ADC adjusted value for line 671: -1
ADC validated value for same line: -1
ADC adjusted value for line 672: -2
ADC validated value for same line: -2
ADC adjusted value for line 673: -2
ADC validated value for same line: -2
ADC adjusted value for line 674: -2
ADC validated value for same line: -2
ADC adjusted value for line 675: -2
ADC validated value for same line: -2
ADC adjusted value for line 676: -2
ADC validated value for same line: -2
ADC adjusted value for line 677: -2
ADC validated value for same line: -2
ADC adjusted value for line 678: -2
ADC validated value for same line: -2
ADC adjusted value for line 679: -2
ADC validated value for same line: -2
ADC adjusted value for line 680: -2
ADC validated value for same line: -2
ADC adjusted value for line 681: -2
ADC validated value for same line: -2
ADC adjusted value for line 682: -2
ADC validated value for same line: -2
ADC adjusted value for line 683: -2
ADC validated value for same line: -2
ADC adjusted value for line 684: -2
ADC validated value for same line: -2
ADC adjusted value for line 685: -2
ADC validated value for same line: -2
ADC adjusted value for line 686: -2
ADC validated value for same line: -2
ADC adjusted value for line 687: -1
ADC validated value for same line: -1
ADC adjusted value for line 688: -1
ADC validated value for same line: -1
ADC adjusted value for line 689: -1
ADC validated value for same line: -1
ADC adjusted value for line 690: -1
ADC validated value for same line: -1
ADC adjusted value for line 691: -1
ADC validated value for same line: -1
ADC adjusted value for line 692: -1
ADC validated value for same line: -1
ADC adjusted value for line 693: -1
ADC validated value for same line: -1
ADC adjusted value for line 694: -1
ADC validated value for same line: -1
ADC adjusted value for line 695: -1
ADC validated value for same line: -1
ADC adjusted value for line 696: -1
ADC validated value for same line: -1
ADC adjusted value for line 697: 0
ADC validated value for same line: 0
ADC adjusted value for line 698: 0
ADC validated value for same line: 0
ADC adjusted value for line 699: 0
ADC validated value for same line: 0
ADC adjusted value for line 700: 0
ADC validated value for same line: 0
ADC adjusted value for line 701: 0
ADC validated value for same line: 0
ADC adjusted value for line 702: 0
ADC validated value for same line: 0
ADC adjusted value for line 703: 0
ADC validated value for same line: 0
ADC adjusted value for line 704: 0
ADC validated value for same line: 0
ADC adjusted value for line 705: 0
ADC validated value for same line: 0
ADC adjusted value for line 706: 0
ADC validated value for same line: 0
ADC adjusted value for line 707: 0
ADC validated value for same line: 0
ADC adjusted value for line 708: 0
ADC validated value for same line: 0
ADC adjusted value for line 709: 0
ADC validated value for same line: 0
ADC adjusted value for line 710: 0
ADC validated value for same line: 0
ADC adjusted value for line 711: 0
ADC validated value for same line: 0
ADC adjusted value for line 712: 0
ADC validated value for same line: 0
ADC adjusted value for line 713: 0
ADC validated value for same line: 0
ADC adjusted value for line 714: 0
ADC validated value for same line: 0
ADC adjusted value for line 715: 0
ADC validated value for same line: 0
ADC adjusted value for line 716: 0
ADC validated value for same line: 0
ADC adjusted value for line 717: 0
ADC validated value for same line: 0
ADC adjusted value for line 718: 0
ADC validated value for same line: 0
ADC adjusted value for line 719: 0
ADC validated value for same line: 0
ADC adjusted value for line 720: 0
ADC validated value for same line: 0
ADC adjusted value for line 721: 0
ADC validated value for same line: 0
ADC adjusted value for line 722: 0
ADC validated value for same line: 0
ADC adjusted value for line 723: 0
ADC validated value for same line: 0
ADC adjusted value for line 724: 0
ADC validated value for same line: 0
ADC adjusted value for line 725: 0
ADC validated value for same line: 0
ADC adjusted value for line 726: 0
ADC validated value for same line: 0
ADC adjusted value for line 727: 0
ADC validated value for same line: 0
ADC adjusted value for line 728: 0
ADC validated value for same line: 0
ADC adjusted value for line 729: 0
ADC validated value for same line: 0
ADC adjusted value for line 730: 0
ADC validated value for same line: 0
ADC adjusted value for line 731: 0
ADC validated value for same line: 0
ADC adjusted value for line 732: 0
ADC validated value for same line: 0
ADC adjusted value for line 733: 0
ADC validated value for same line: 0
ADC adjusted value for line 734: 0
ADC validated value for same line: 0
ADC adjusted value for line 735: 0
ADC validated value for same line: 0
ADC adjusted value for line 736: 0
ADC validated value for same line: 0
ADC adjusted value for line 737: 0
ADC validated value for same line: 0
ADC adjusted value for line 738: 0
ADC validated value for same line: 0
ADC adjusted value for line 739: 0
ADC validated value for same line: 0
ADC adjusted value for line 740: 0
ADC validated value for same line: 0
ADC adjusted value for line 741: 0
ADC validated value for same line: 0
ADC adjusted value for line 742: 0
ADC validated value for same line: 0
ADC adjusted value for line 743: 0
ADC validated value for same line: 0
ADC adjusted value for line 744: 0
ADC validated value for same line: 0
ADC adjusted value for line 745: 0
ADC validated value for same line: 0
ADC adjusted value for line 746: 0
ADC validated value for same line: 0
ADC adjusted value for line 747: 0
ADC validated value for same line: 0
ADC adjusted value for line 748: 0
ADC validated value for same line: 0
ADC adjusted value for line 749: 0
ADC validated value for same line: 0
ADC adjusted value for line 750: 0
ADC validated value for same line: 0
ADC adjusted value for line 751: 0
ADC validated value for same line: 0
ADC adjusted value for line 752: 0
ADC validated value for same line: 0
ADC adjusted value for line 753: 1
ADC validated value for same line: 1
ADC adjusted value for line 754: 2
ADC validated value for same line: 2
ADC adjusted value for line 755: 4
ADC validated value for same line: 4
ADC adjusted value for line 756: 7
ADC validated value for same line: 7
ADC adjusted value for line 757: 11
ADC validated value for same line: 11
ADC adjusted value for line 758: 16
ADC validated value for same line: 16
ADC adjusted value for line 759: 23
ADC validated value for same line: 23
ADC adjusted value for line 760: 32
ADC validated value for same line: 32
ADC adjusted value for line 761: 42
ADC validated value for same line: 42
ADC adjusted value for line 762: 52
ADC validated value for same line: 52
ADC adjusted value for line 763: 63
ADC validated value for same line: 63
ADC adjusted value for line 764: 74
ADC validated value for same line: 74
ADC adjusted value for line 765: 83
ADC validated value for same line: 83
ADC adjusted value for line 766: 89
ADC validated value for same line: 89
ADC adjusted value for line 767: 92
ADC validated value for same line: 92
ADC adjusted value for line 768: 0
ADC validated value for same line: 0
ADC adjusted value for line 769: 0
ADC validated value for same line: 0
ADC adjusted value for line 770: 0
ADC validated value for same line: 0
ADC adjusted value for line 771: 0
ADC validated value for same line: 0
ADC adjusted value for line 772: 0
ADC validated value for same line: 0
ADC adjusted value for line 773: 1
ADC validated value for same line: 1
ADC adjusted value for line 774: 2
ADC validated value for same line: 2
ADC adjusted value for line 775: 4
ADC validated value for same line: 4
ADC adjusted value for line 776: 7
ADC validated value for same line: 7
ADC adjusted value for line 777: 11
ADC validated value for same line: 11
ADC adjusted value for line 778: 17
ADC validated value for same line: 17
ADC adjusted value for line 779: 25
ADC validated value for same line: 25
ADC adjusted value for line 780: 34
ADC validated value for same line: 34
ADC adjusted value for line 781: 44
ADC validated value for same line: 44
ADC adjusted value for line 782: 55
ADC validated value for same line: 55
ADC adjusted value for line 783: 67
ADC validated value for same line: 67
ADC adjusted value for line 784: 78
ADC validated value for same line: 78
ADC adjusted value for line 785: 87
ADC validated value for same line: 87
ADC adjusted value for line 786: 93
ADC validated value for same line: 93
ADC adjusted value for line 787: 96
ADC validated value for same line: 96
ADC adjusted value for line 788: 95
ADC validated value for same line: 95
ADC adjusted value for line 789: 91
ADC validated value for same line: 91
ADC adjusted value for line 790: 83
ADC validated value for same line: 83
ADC adjusted value for line 791: 73
ADC validated value for same line: 73
ADC adjusted value for line 792: 60
ADC validated value for same line: 60
ADC adjusted value for line 793: 48
ADC validated value for same line: 48
ADC adjusted value for line 794: 37
ADC validated value for same line: 37
ADC adjusted value for line 795: 27
ADC validated value for same line: 27
ADC adjusted value for line 796: 19
ADC validated value for same line: 19
ADC adjusted value for line 797: 12
ADC validated value for same line: 12
ADC adjusted value for line 798: 7
ADC validated value for same line: 7
ADC adjusted value for line 799: 4
ADC validated value for same line: 4
ADC adjusted value for line 800: 1
ADC validated value for same line: 1
ADC adjusted value for line 801: 0
ADC validated value for same line: 0
ADC adjusted value for line 802: -1
ADC validated value for same line: -1
ADC adjusted value for line 803: -2
ADC validated value for same line: -2
ADC adjusted value for line 804: -2
ADC validated value for same line: -2
ADC adjusted value for line 805: -2
ADC validated value for same line: -2
ADC adjusted value for line 806: -2
ADC validated value for same line: -2
ADC adjusted value for line 807: -2
ADC validated value for same line: -2
ADC adjusted value for line 808: -2
ADC validated value for same line: -2
ADC adjusted value for line 809: -2
ADC validated value for same line: -2
ADC adjusted value for line 810: -2
ADC validated value for same line: -2
ADC adjusted value for line 811: -2
ADC validated value for same line: -2
ADC adjusted value for line 812: -2
ADC validated value for same line: -2
ADC adjusted value for line 813: -2
ADC validated value for same line: -2
ADC adjusted value for line 814: -2
ADC validated value for same line: -2
ADC adjusted value for line 815: -2
ADC validated value for same line: -2
ADC adjusted value for line 816: -2
ADC validated value for same line: -2
ADC adjusted value for line 817: -2
ADC validated value for same line: -2
ADC adjusted value for line 818: -2
ADC validated value for same line: -2
ADC adjusted value for line 819: -1
ADC validated value for same line: -1
ADC adjusted value for line 820: -1
ADC validated value for same line: -1
ADC adjusted value for line 821: -1
ADC validated value for same line: -1
ADC adjusted value for line 822: -1
ADC validated value for same line: -1
ADC adjusted value for line 823: -1
ADC validated value for same line: -1
ADC adjusted value for line 824: -1
ADC validated value for same line: -1
ADC adjusted value for line 825: -1
ADC validated value for same line: -1
ADC adjusted value for line 826: -1
ADC validated value for same line: -1
ADC adjusted value for line 827: -1
ADC validated value for same line: -1
ADC adjusted value for line 828: -1
ADC validated value for same line: -1
ADC adjusted value for line 829: 0
ADC validated value for same line: 0
ADC adjusted value for line 830: 0
ADC validated value for same line: 0
ADC adjusted value for line 831: 0
ADC validated value for same line: 0
ADC adjusted value for line 832: 0
ADC validated value for same line: 0
ADC adjusted value for line 833: 0
ADC validated value for same line: 0
ADC adjusted value for line 834: 0
ADC validated value for same line: 0
ADC adjusted value for line 835: 0
ADC validated value for same line: 0
ADC adjusted value for line 836: 0
ADC validated value for same line: 0
ADC adjusted value for line 837: 0
ADC validated value for same line: 0
ADC adjusted value for line 838: 0
ADC validated value for same line: 0
ADC adjusted value for line 839: 0
ADC validated value for same line: 0
ADC adjusted value for line 840: 0
ADC validated value for same line: 0
ADC adjusted value for line 841: 0
ADC validated value for same line: 0
ADC adjusted value for line 842: 0
ADC validated value for same line: 0
ADC adjusted value for line 843: 0
ADC validated value for same line: 0
ADC adjusted value for line 844: 0
ADC validated value for same line: 0
ADC adjusted value for line 845: 0
ADC validated value for same line: 0
ADC adjusted value for line 846: 0
ADC validated value for same line: 0
ADC adjusted value for line 847: 0
ADC validated value for same line: 0
ADC adjusted value for line 848: 0
ADC validated value for same line: 0
ADC adjusted value for line 849: 0
ADC validated value for same line: 0
ADC adjusted value for line 850: 0
ADC validated value for same line: 0
ADC adjusted value for line 851: 0
ADC validated value for same line: 0
ADC adjusted value for line 852: 0
ADC validated value for same line: 0
ADC adjusted value for line 853: 0
ADC validated value for same line: 0
ADC adjusted value for line 854: 0
ADC validated value for same line: 0
ADC adjusted value for line 855: 0
ADC validated value for same line: 0
ADC adjusted value for line 856: 0
ADC validated value for same line: 0
ADC adjusted value for line 857: 0
ADC validated value for same line: 0
ADC adjusted value for line 858: 0
ADC validated value for same line: 0
ADC adjusted value for line 859: 0
ADC validated value for same line: 0
ADC adjusted value for line 860: 0
ADC validated value for same line: 0
ADC adjusted value for line 861: 0
ADC validated value for same line: 0
ADC adjusted value for line 862: 0
ADC validated value for same line: 0
ADC adjusted value for line 863: 0
ADC validated value for same line: 0
ADC adjusted value for line 864: 0
ADC validated value for same line: 0
ADC adjusted value for line 865: 0
ADC validated value for same line: 0
ADC adjusted value for line 866: 0
ADC validated value for same line: 0
ADC adjusted value for line 867: 0
ADC validated value for same line: 0
ADC adjusted value for line 868: 0
ADC validated value for same line: 0
ADC adjusted value for line 869: 0
ADC validated value for same line: 0
ADC adjusted value for line 870: 0
ADC validated value for same line: 0
ADC adjusted value for line 871: 1
ADC validated value for same line: 1
ADC adjusted value for line 872: 1
ADC validated value for same line: 1
ADC adjusted value for line 873: 3
ADC validated value for same line: 3
ADC adjusted value for line 874: 5
ADC validated value for same line: 5
ADC adjusted value for line 875: 8
ADC validated value for same line: 8
ADC adjusted value for line 876: 12
ADC validated value for same line: 12
ADC adjusted value for line 877: 18
ADC validated value for same line: 18
ADC adjusted value for line 878: 26
ADC validated value for same line: 26
ADC adjusted value for line 879: 36
ADC validated value for same line: 36
ADC adjusted value for line 880: 46
ADC validated value for same line: 46
ADC adjusted value for line 881: 58
ADC validated value for same line: 58
ADC adjusted value for line 882: 70
ADC validated value for same line: 70
ADC adjusted value for line 883: 82
ADC validated value for same line: 82
ADC adjusted value for line 884: 91
ADC validated value for same line: 91
ADC adjusted value for line 885: 98
ADC validated value for same line: 98
ADC adjusted value for line 886: 100
ADC validated value for same line: 100
ADC adjusted value for line 887: 99
ADC validated value for same line: 99
ADC adjusted value for line 888: 94
ADC validated value for same line: 94
ADC adjusted value for line 889: 86
ADC validated value for same line: 86
ADC adjusted value for line 890: 74
ADC validated value for same line: 74
ADC adjusted value for line 891: 62
ADC validated value for same line: 62
ADC adjusted value for line 892: 49
ADC validated value for same line: 49
ADC adjusted value for line 893: 38
ADC validated value for same line: 38
ADC adjusted value for line 894: 28
ADC validated value for same line: 28
ADC adjusted value for line 895: 19
ADC validated value for same line: 19
ADC adjusted value for line 896: 56
ADC validated value for same line: 56
ADC adjusted value for line 897: 69
ADC validated value for same line: 69
ADC adjusted value for line 898: 81
ADC validated value for same line: 81
ADC adjusted value for line 899: 92
ADC validated value for same line: 92
ADC adjusted value for line 900: 100
ADC validated value for same line: 100
ADC adjusted value for line 901: 105
ADC validated value for same line: 105
ADC adjusted value for line 902: 105
ADC validated value for same line: 105
ADC adjusted value for line 903: 101
ADC validated value for same line: 101
ADC adjusted value for line 904: 94
ADC validated value for same line: 94
ADC adjusted value for line 905: 83
ADC validated value for same line: 83
ADC adjusted value for line 906: 70
ADC validated value for same line: 70
ADC adjusted value for line 907: 58
ADC validated value for same line: 58
ADC adjusted value for line 908: 45
ADC validated value for same line: 45
ADC adjusted value for line 909: 34
ADC validated value for same line: 34
ADC adjusted value for line 910: 24
ADC validated value for same line: 24
ADC adjusted value for line 911: 17
ADC validated value for same line: 17
ADC adjusted value for line 912: 11
ADC validated value for same line: 11
ADC adjusted value for line 913: 6
ADC validated value for same line: 6
ADC adjusted value for line 914: 3
ADC validated value for same line: 3
ADC adjusted value for line 915: 0
ADC validated value for same line: 0
ADC adjusted value for line 916: -1
ADC validated value for same line: -1
ADC adjusted value for line 917: -2
ADC validated value for same line: -2
ADC adjusted value for line 918: -2
ADC validated value for same line: -2
ADC adjusted value for line 919: -2
ADC validated value for same line: -2
ADC adjusted value for line 920: -2
ADC validated value for same line: -2
ADC adjusted value for line 921: -2
ADC validated value for same line: -2
ADC adjusted value for line 922: -2
ADC validated value for same line: -2
ADC adjusted value for line 923: -2
ADC validated value for same line: -2
ADC adjusted value for line 924: -2
ADC validated value for same line: -2
ADC adjusted value for line 925: -1
ADC validated value for same line: -1
ADC adjusted value for line 926: -1
ADC validated value for same line: -1
ADC adjusted value for line 927: -1
ADC validated value for same line: -1
ADC adjusted value for line 928: -1
ADC validated value for same line: -1
ADC adjusted value for line 929: -1
ADC validated value for same line: -1
ADC adjusted value for line 930: -1
ADC validated value for same line: -1
ADC adjusted value for line 931: -1
ADC validated value for same line: -1
ADC adjusted value for line 932: -1
ADC validated value for same line: -1
ADC adjusted value for line 933: -1
ADC validated value for same line: -1
ADC adjusted value for line 934: -1
ADC validated value for same line: -1
ADC adjusted value for line 935: 0
ADC validated value for same line: 0
ADC adjusted value for line 936: 0
ADC validated value for same line: 0
ADC adjusted value for line 937: 0
ADC validated value for same line: 0
ADC adjusted value for line 938: 0
ADC validated value for same line: 0
ADC adjusted value for line 939: 0
ADC validated value for same line: 0
ADC adjusted value for line 940: 0
ADC validated value for same line: 0
ADC adjusted value for line 941: 0
ADC validated value for same line: 0
ADC adjusted value for line 942: 0
ADC validated value for same line: 0
ADC adjusted value for line 943: 0
ADC validated value for same line: 0
ADC adjusted value for line 944: 0
ADC validated value for same line: 0
ADC adjusted value for line 945: 0
ADC validated value for same line: 0
ADC adjusted value for line 946: 0
ADC validated value for same line: 0
ADC adjusted value for line 947: 0
ADC validated value for same line: 0
ADC adjusted value for line 948: 0
ADC validated value for same line: 0
ADC adjusted value for line 949: 0
ADC validated value for same line: 0
ADC adjusted value for line 950: 0
ADC validated value for same line: 0
ADC adjusted value for line 951: 0
ADC validated value for same line: 0
ADC adjusted value for line 952: 0
ADC validated value for same line: 0
ADC adjusted value for line 953: 0
ADC validated value for same line: 0
ADC adjusted value for line 954: 0
ADC validated value for same line: 0
ADC adjusted value for line 955: 0
ADC validated value for same line: 0
ADC adjusted value for line 956: 0
ADC validated value for same line: 0
ADC adjusted value for line 957: 0
ADC validated value for same line: 0
ADC adjusted value for line 958: 0
ADC validated value for same line: 0
ADC adjusted value for line 959: 0
ADC validated value for same line: 0
ADC adjusted value for line 960: 0
ADC validated value for same line: 0
ADC adjusted value for line 961: 0
ADC validated value for same line: 0
ADC adjusted value for line 962: 0
ADC validated value for same line: 0
ADC adjusted value for line 963: 0
ADC validated value for same line: 0
ADC adjusted value for line 964: 0
ADC validated value for same line: 0
ADC adjusted value for line 965: 0
ADC validated value for same line: 0
ADC adjusted value for line 966: 0
ADC validated value for same line: 0
ADC adjusted value for line 967: 0
ADC validated value for same line: 0
ADC adjusted value for line 968: 0
ADC validated value for same line: 0
ADC adjusted value for line 969: 0
ADC validated value for same line: 0
ADC adjusted value for line 970: 0
ADC validated value for same line: 0
ADC adjusted value for line 971: 0
ADC validated value for same line: 0
ADC adjusted value for line 972: 0
ADC validated value for same line: 0
ADC adjusted value for line 973: 0
ADC validated value for same line: 0
ADC adjusted value for line 974: 0
ADC validated value for same line: 0
ADC adjusted value for line 975: 0
ADC validated value for same line: 0
ADC adjusted value for line 976: 0
ADC validated value for same line: 0
ADC adjusted value for line 977: 0
ADC validated value for same line: 0
ADC adjusted value for line 978: 0
ADC validated value for same line: 0
ADC adjusted value for line 979: 0
ADC validated value for same line: 0
ADC adjusted value for line 980: 0
ADC validated value for same line: 0
ADC adjusted value for line 981: 0
ADC validated value for same line: 0
ADC adjusted value for line 982: 0
ADC validated value for same line: 0
ADC adjusted value for line 983: 0
ADC validated value for same line: 0
ADC adjusted value for line 984: 0
ADC validated value for same line: 0
ADC adjusted value for line 985: 0
ADC validated value for same line: 0
ADC adjusted value for line 986: 0
ADC validated value for same line: 0
ADC adjusted value for line 987: 0
ADC validated value for same line: 0
ADC adjusted value for line 988: 0
ADC validated value for same line: 0
ADC adjusted value for line 989: 0
ADC validated value for same line: 0
ADC adjusted value for line 990: 0
ADC validated value for same line: 0
ADC adjusted value for line 991: 0
ADC validated value for same line: 0
ADC adjusted value for line 992: 0
ADC validated value for same line: 0
ADC adjusted value for line 993: 0
ADC validated value for same line: 0
ADC adjusted value for line 994: 0
ADC validated value for same line: 0
ADC adjusted value for line 995: 0
ADC validated value for same line: 0
ADC adjusted value for line 996: 0
ADC validated value for same line: 0
ADC adjusted value for line 997: 0
ADC validated value for same line: 0
ADC adjusted value for line 998: 1
ADC validated value for same line: 1
ADC adjusted value for line 999: 2
ADC validated value for same line: 2
ADC adjusted value for line 1000: 4
ADC validated value for same line: 4
ADC adjusted value for line 1001: 6
ADC validated value for same line: 6
ADC adjusted value for line 1002: 10
ADC validated value for same line: 10
ADC adjusted value for line 1003: 16
ADC validated value for same line: 16
ADC adjusted value for line 1004: 23
ADC validated value for same line: 23
ADC adjusted value for line 1005: 32
ADC validated value for same line: 32
ADC adjusted value for line 1006: 44
ADC validated value for same line: 44
ADC adjusted value for line 1007: 55
ADC validated value for same line: 55
ADC adjusted value for line 1008: 68
ADC validated value for same line: 68
ADC adjusted value for line 1009: 81
ADC validated value for same line: 81
ADC adjusted value for line 1010: 93
ADC validated value for same line: 93
ADC adjusted value for line 1011: 102
ADC validated value for same line: 102
ADC adjusted value for line 1012: 107
ADC validated value for same line: 107
ADC adjusted value for line 1013: 108
ADC validated value for same line: 108
ADC adjusted value for line 1014: 105
ADC validated value for same line: 105
ADC adjusted value for line 1015: 98
ADC validated value for same line: 98
ADC adjusted value for line 1016: 88
ADC validated value for same line: 88
ADC adjusted value for line 1017: 74
ADC validated value for same line: 74
ADC adjusted value for line 1018: 61
ADC validated value for same line: 61
ADC adjusted value for line 1019: 48
ADC validated value for same line: 48
ADC adjusted value for line 1020: 36
ADC validated value for same line: 36
ADC adjusted value for line 1021: 26
ADC validated value for same line: 26
ADC adjusted value for line 1022: 17
ADC validated value for same line: 17
ADC adjusted value for line 1023: 11
ADC validated value for same line: 11
ADC adjusted value for line 1024: 2
ADC validated value for same line: 2
ADC adjusted value for line 1025: 3
ADC validated value for same line: 3
ADC adjusted value for line 1026: 6
ADC validated value for same line: 6
ADC adjusted value for line 1027: 10
ADC validated value for same line: 10
ADC adjusted value for line 1028: 15
ADC validated value for same line: 15
ADC adjusted value for line 1029: 22
ADC validated value for same line: 22
ADC adjusted value for line 1030: 31
ADC validated value for same line: 31
ADC adjusted value for line 1031: 42
ADC validated value for same line: 42
ADC adjusted value for line 1032: 55
ADC validated value for same line: 55
ADC adjusted value for line 1033: 68
ADC validated value for same line: 68
ADC adjusted value for line 1034: 81
ADC validated value for same line: 81
ADC adjusted value for line 1035: 94
ADC validated value for same line: 94
ADC adjusted value for line 1036: 104
ADC validated value for same line: 104
ADC adjusted value for line 1037: 110
ADC validated value for same line: 110
ADC adjusted value for line 1038: 112
ADC validated value for same line: 112
ADC adjusted value for line 1039: 110
ADC validated value for same line: 110
ADC adjusted value for line 1040: 104
ADC validated value for same line: 104
ADC adjusted value for line 1041: 94
ADC validated value for same line: 94
ADC adjusted value for line 1042: 81
ADC validated value for same line: 81
ADC adjusted value for line 1043: 67
ADC validated value for same line: 67
ADC adjusted value for line 1044: 53
ADC validated value for same line: 53
ADC adjusted value for line 1045: 40
ADC validated value for same line: 40
ADC adjusted value for line 1046: 29
ADC validated value for same line: 29
ADC adjusted value for line 1047: 20
ADC validated value for same line: 20
ADC adjusted value for line 1048: 13
ADC validated value for same line: 13
ADC adjusted value for line 1049: 8
ADC validated value for same line: 8
ADC adjusted value for line 1050: 4
ADC validated value for same line: 4
ADC adjusted value for line 1051: 1
ADC validated value for same line: 1
ADC adjusted value for line 1052: 0
ADC validated value for same line: 0
ADC adjusted value for line 1053: -1
ADC validated value for same line: -1
ADC adjusted value for line 1054: -2
ADC validated value for same line: -2
ADC adjusted value for line 1055: -2
ADC validated value for same line: -2
ADC adjusted value for line 1056: -2
ADC validated value for same line: -2
ADC adjusted value for line 1057: -2
ADC validated value for same line: -2
ADC adjusted value for line 1058: -2
ADC validated value for same line: -2
ADC adjusted value for line 1059: -2
ADC validated value for same line: -2
ADC adjusted value for line 1060: -2
ADC validated value for same line: -2
ADC adjusted value for line 1061: -2
ADC validated value for same line: -2
ADC adjusted value for line 1062: -2
ADC validated value for same line: -2
ADC adjusted value for line 1063: -2
ADC validated value for same line: -2
ADC adjusted value for line 1064: -2
ADC validated value for same line: -2
ADC adjusted value for line 1065: -2
ADC validated value for same line: -2
ADC adjusted value for line 1066: -2
ADC validated value for same line: -2
ADC adjusted value for line 1067: -2
ADC validated value for same line: -2
ADC adjusted value for line 1068: -2
ADC validated value for same line: -2
ADC adjusted value for line 1069: -2
ADC validated value for same line: -2
ADC adjusted value for line 1070: -1
ADC validated value for same line: -1
ADC adjusted value for line 1071: -1
ADC validated value for same line: -1
ADC adjusted value for line 1072: -1
ADC validated value for same line: -1
ADC adjusted value for line 1073: -1
ADC validated value for same line: -1
ADC adjusted value for line 1074: -1
ADC validated value for same line: -1
ADC adjusted value for line 1075: -1
ADC validated value for same line: -1
ADC adjusted value for line 1076: -1
ADC validated value for same line: -1
ADC adjusted value for line 1077: -1
ADC validated value for same line: -1
ADC adjusted value for line 1078: -1
ADC validated value for same line: -1
ADC adjusted value for line 1079: -1
ADC validated value for same line: -1
ADC adjusted value for line 1080: 0
ADC validated value for same line: 0
ADC adjusted value for line 1081: 0
ADC validated value for same line: 0
ADC adjusted value for line 1082: 0
ADC validated value for same line: 0
ADC adjusted value for line 1083: 0
ADC validated value for same line: 0
ADC adjusted value for line 1084: 0
ADC validated value for same line: 0
ADC adjusted value for line 1085: 0
ADC validated value for same line: 0
ADC adjusted value for line 1086: 0
ADC validated value for same line: 0
ADC adjusted value for line 1087: 0
ADC validated value for same line: 0
ADC adjusted value for line 1088: 0
ADC validated value for same line: 0
ADC adjusted value for line 1089: 0
ADC validated value for same line: 0
ADC adjusted value for line 1090: 0
ADC validated value for same line: 0
ADC adjusted value for line 1091: 0
ADC validated value for same line: 0
ADC adjusted value for line 1092: 1
ADC validated value for same line: 1
ADC adjusted value for line 1093: 2
ADC validated value for same line: 2
ADC adjusted value for line 1094: 4
ADC validated value for same line: 4
ADC adjusted value for line 1095: 6
ADC validated value for same line: 6
ADC adjusted value for line 1096: 10
ADC validated value for same line: 10
ADC adjusted value for line 1097: 16
ADC validated value for same line: 16
ADC adjusted value for line 1098: 23
ADC validated value for same line: 23
ADC adjusted value for line 1099: 33
ADC validated value for same line: 33
ADC adjusted value for line 1100: 44
ADC validated value for same line: 44
ADC adjusted value for line 1101: 56
ADC validated value for same line: 56
ADC adjusted value for line 1102: 71
ADC validated value for same line: 71
ADC adjusted value for line 1103: 85
ADC validated value for same line: 85
ADC adjusted value for line 1104: 98
ADC validated value for same line: 98
ADC adjusted value for line 1105: 108
ADC validated value for same line: 108
ADC adjusted value for line 1106: 114
ADC validated value for same line: 114
ADC adjusted value for line 1107: 116
ADC validated value for same line: 116
ADC adjusted value for line 1108: 114
ADC validated value for same line: 114
ADC adjusted value for line 1109: 107
ADC validated value for same line: 107
ADC adjusted value for line 1110: 97
ADC validated value for same line: 97
ADC adjusted value for line 1111: 83
ADC validated value for same line: 83
ADC adjusted value for line 1112: 68
ADC validated value for same line: 68
ADC adjusted value for line 1113: 54
ADC validated value for same line: 54
ADC adjusted value for line 1114: 41
ADC validated value for same line: 41
ADC adjusted value for line 1115: 30
ADC validated value for same line: 30
ADC adjusted value for line 1116: 21
ADC validated value for same line: 21
ADC adjusted value for line 1117: 13
ADC validated value for same line: 13
ADC adjusted value for line 1118: 8
ADC validated value for same line: 8
ADC adjusted value for line 1119: 4
ADC validated value for same line: 4
ADC adjusted value for line 1120: 1
ADC validated value for same line: 1
ADC adjusted value for line 1121: 0
ADC validated value for same line: 0
ADC adjusted value for line 1122: -1
ADC validated value for same line: -1
ADC adjusted value for line 1123: -2
ADC validated value for same line: -2
ADC adjusted value for line 1124: -2
ADC validated value for same line: -2
ADC adjusted value for line 1125: -2
ADC validated value for same line: -2
ADC adjusted value for line 1126: -2
ADC validated value for same line: -2
ADC adjusted value for line 1127: -2
ADC validated value for same line: -2
ADC adjusted value for line 1128: -2
ADC validated value for same line: -2
ADC adjusted value for line 1129: -2
ADC validated value for same line: -2
ADC adjusted value for line 1130: -2
ADC validated value for same line: -2
ADC adjusted value for line 1131: -2
ADC validated value for same line: -2
ADC adjusted value for line 1132: -2
ADC validated value for same line: -2
ADC adjusted value for line 1133: -2
ADC validated value for same line: -2
ADC adjusted value for line 1134: -2
ADC validated value for same line: -2
ADC adjusted value for line 1135: -2
ADC validated value for same line: -2
ADC adjusted value for line 1136: -2
ADC validated value for same line: -2
ADC adjusted value for line 1137: -2
ADC validated value for same line: -2
ADC adjusted value for line 1138: -2
ADC validated value for same line: -2
ADC adjusted value for line 1139: -2
ADC validated value for same line: -2
ADC adjusted value for line 1140: -1
ADC validated value for same line: -1
ADC adjusted value for line 1141: -1
ADC validated value for same line: -1
ADC adjusted value for line 1142: -1
ADC validated value for same line: -1
ADC adjusted value for line 1143: -1
ADC validated value for same line: -1
ADC adjusted value for line 1144: -1
ADC validated value for same line: -1
ADC adjusted value for line 1145: -1
ADC validated value for same line: -1
ADC adjusted value for line 1146: -1
ADC validated value for same line: -1
ADC adjusted value for line 1147: -1
ADC validated value for same line: -1
ADC adjusted value for line 1148: -1
ADC validated value for same line: -1
ADC adjusted value for line 1149: -1
ADC validated value for same line: -1
ADC adjusted value for line 1150: 0
ADC validated value for same line: 0
ADC adjusted value for line 1151: 0
ADC validated value for same line: 0
ADC adjusted value for line 1152: 0
ADC validated value for same line: 0
ADC adjusted value for line 1153: 0
ADC validated value for same line: 0
ADC adjusted value for line 1154: 0
ADC validated value for same line: 0
ADC adjusted value for line 1155: 0
ADC validated value for same line: 0
ADC adjusted value for line 1156: 0
ADC validated value for same line: 0
ADC adjusted value for line 1157: 0
ADC validated value for same line: 0
ADC adjusted value for line 1158: 0
ADC validated value for same line: 0
ADC adjusted value for line 1159: 0
ADC validated value for same line: 0
ADC adjusted value for line 1160: 0
ADC validated value for same line: 0
ADC adjusted value for line 1161: 0
ADC validated value for same line: 0
ADC adjusted value for line 1162: 0
ADC validated value for same line: 0
ADC adjusted value for line 1163: 0
ADC validated value for same line: 0
ADC adjusted value for line 1164: 0
ADC validated value for same line: 0
ADC adjusted value for line 1165: 0
ADC validated value for same line: 0
ADC adjusted value for line 1166: 0
ADC validated value for same line: 0
ADC adjusted value for line 1167: 0
ADC validated value for same line: 0
ADC adjusted value for line 1168: 0
ADC validated value for same line: 0
ADC adjusted value for line 1169: 0
ADC validated value for same line: 0
ADC adjusted value for line 1170: 0
ADC validated value for same line: 0
ADC adjusted value for line 1171: 0
ADC validated value for same line: 0
ADC adjusted value for line 1172: 0
ADC validated value for same line: 0
ADC adjusted value for line 1173: 0
ADC validated value for same line: 0
ADC adjusted value for line 1174: 0
ADC validated value for same line: 0
ADC adjusted value for line 1175: 0
ADC validated value for same line: 0
ADC adjusted value for line 1176: 0
ADC validated value for same line: 0
ADC adjusted value for line 1177: 0
ADC validated value for same line: 0
ADC adjusted value for line 1178: 1
ADC validated value for same line: 1
ADC adjusted value for line 1179: 2
ADC validated value for same line: 2
ADC adjusted value for line 1180: 3
ADC validated value for same line: 3
ADC adjusted value for line 1181: 6
ADC validated value for same line: 6
ADC adjusted value for line 1182: 10
ADC validated value for same line: 10
ADC adjusted value for line 1183: 15
ADC validated value for same line: 15
ADC adjusted value for line 1184: 23
ADC validated value for same line: 23
ADC adjusted value for line 1185: 32
ADC validated value for same line: 32
ADC adjusted value for line 1186: 44
ADC validated value for same line: 44
ADC adjusted value for line 1187: 56
ADC validated value for same line: 56
ADC adjusted value for line 1188: 71
ADC validated value for same line: 71
ADC adjusted value for line 1189: 85
ADC validated value for same line: 85
ADC adjusted value for line 1190: 99
ADC validated value for same line: 99
ADC adjusted value for line 1191: 110
ADC validated value for same line: 110
ADC adjusted value for line 1192: 117
ADC validated value for same line: 117
ADC adjusted value for line 1193: 120
ADC validated value for same line: 120
ADC adjusted value for line 1194: 119
ADC validated value for same line: 119
ADC adjusted value for line 1195: 112
ADC validated value for same line: 112
ADC adjusted value for line 1196: 102
ADC validated value for same line: 102
ADC adjusted value for line 1197: 88
ADC validated value for same line: 88
ADC adjusted value for line 1198: 73
ADC validated value for same line: 73
ADC adjusted value for line 1199: 59
ADC validated value for same line: 59
ADC adjusted value for line 1200: 45
ADC validated value for same line: 45
ADC adjusted value for line 1201: 33
ADC validated value for same line: 33
ADC adjusted value for line 1202: 23
ADC validated value for same line: 23
ADC adjusted value for line 1203: 15
ADC validated value for same line: 15
ADC adjusted value for line 1204: 9
ADC validated value for same line: 9
ADC adjusted value for line 1205: 5
ADC validated value for same line: 5
ADC adjusted value for line 1206: 2
ADC validated value for same line: 2
ADC adjusted value for line 1207: 0
ADC validated value for same line: 0
ADC adjusted value for line 1208: -1
ADC validated value for same line: -1
ADC adjusted value for line 1209: -2
ADC validated value for same line: -2
ADC adjusted value for line 1210: -2
ADC validated value for same line: -2
ADC adjusted value for line 1211: -2
ADC validated value for same line: -2
ADC adjusted value for line 1212: -2
ADC validated value for same line: -2
ADC adjusted value for line 1213: -2
ADC validated value for same line: -2
ADC adjusted value for line 1214: -2
ADC validated value for same line: -2
ADC adjusted value for line 1215: -2
ADC validated value for same line: -2
ADC adjusted value for line 1216: 0
ADC validated value for same line: 0
ADC adjusted value for line 1217: 0
ADC validated value for same line: 0
ADC adjusted value for line 1218: 0
ADC validated value for same line: 0
ADC adjusted value for line 1219: 0
ADC validated value for same line: 0
ADC adjusted value for line 1220: 0
ADC validated value for same line: 0
ADC adjusted value for line 1221: 0
ADC validated value for same line: 0
ADC adjusted value for line 1222: 0
ADC validated value for same line: 0
ADC adjusted value for line 1223: 0
ADC validated value for same line: 0
ADC adjusted value for line 1224: 0
ADC validated value for same line: 0
ADC adjusted value for line 1225: 0
ADC validated value for same line: 0
ADC adjusted value for line 1226: 0
ADC validated value for same line: 0
ADC adjusted value for line 1227: 0
ADC validated value for same line: 0
ADC adjusted value for line 1228: 0
ADC validated value for same line: 0
ADC adjusted value for line 1229: 0
ADC validated value for same line: 0
ADC adjusted value for line 1230: 0
ADC validated value for same line: 0
ADC adjusted value for line 1231: 0
ADC validated value for same line: 0
ADC adjusted value for line 1232: 0
ADC validated value for same line: 0
ADC adjusted value for line 1233: 0
ADC validated value for same line: 0
ADC adjusted value for line 1234: 0
ADC validated value for same line: 0
ADC adjusted value for line 1235: 0
ADC validated value for same line: 0
ADC adjusted value for line 1236: 0
ADC validated value for same line: 0
ADC adjusted value for line 1237: 0
ADC validated value for same line: 0
ADC adjusted value for line 1238: 0
ADC validated value for same line: 0
ADC adjusted value for line 1239: 0
ADC validated value for same line: 0
ADC adjusted value for line 1240: 0
ADC validated value for same line: 0
ADC adjusted value for line 1241: 0
ADC validated value for same line: 0
ADC adjusted value for line 1242: 0
ADC validated value for same line: 0
ADC adjusted value for line 1243: 0
ADC validated value for same line: 0
ADC adjusted value for line 1244: 0
ADC validated value for same line: 0
ADC adjusted value for line 1245: 0
ADC validated value for same line: 0
ADC adjusted value for line 1246: 0
ADC validated value for same line: 0
ADC adjusted value for line 1247: 0
ADC validated value for same line: 0
ADC adjusted value for line 1248: 0
ADC validated value for same line: 0
ADC adjusted value for line 1249: 0
ADC validated value for same line: 0
ADC adjusted value for line 1250: 0
ADC validated value for same line: 0
ADC adjusted value for line 1251: 0
ADC validated value for same line: 0
ADC adjusted value for line 1252: 0
ADC validated value for same line: 0
ADC adjusted value for line 1253: 0
ADC validated value for same line: 0
ADC adjusted value for line 1254: 0
ADC validated value for same line: 0
ADC adjusted value for line 1255: 0
ADC validated value for same line: 0
ADC adjusted value for line 1256: 0
ADC validated value for same line: 0
ADC adjusted value for line 1257: 0
ADC validated value for same line: 0
ADC adjusted value for line 1258: 0
ADC validated value for same line: 0
ADC adjusted value for line 1259: 0
ADC validated value for same line: 0
ADC adjusted value for line 1260: 1
ADC validated value for same line: 1
ADC adjusted value for line 1261: 2
ADC validated value for same line: 2
ADC adjusted value for line 1262: 4
ADC validated value for same line: 4
ADC adjusted value for line 1263: 7
ADC validated value for same line: 7
ADC adjusted value for line 1264: 12
ADC validated value for same line: 12
ADC adjusted value for line 1265: 18
ADC validated value for same line: 18
ADC adjusted value for line 1266: 26
ADC validated value for same line: 26
ADC adjusted value for line 1267: 37
ADC validated value for same line: 37
ADC adjusted value for line 1268: 49
ADC validated value for same line: 49
ADC adjusted value for line 1269: 62
ADC validated value for same line: 62
ADC adjusted value for line 1270: 78
ADC validated value for same line: 78
ADC adjusted value for line 1271: 93
ADC validated value for same line: 93
ADC adjusted value for line 1272: 106
ADC validated value for same line: 106
ADC adjusted value for line 1273: 116
ADC validated value for same line: 116
ADC adjusted value for line 1274: 123
ADC validated value for same line: 123
ADC adjusted value for line 1275: 124
ADC validated value for same line: 124
ADC adjusted value for line 1276: 121
ADC validated value for same line: 121
ADC adjusted value for line 1277: 113
ADC validated value for same line: 113
ADC adjusted value for line 1278: 101
ADC validated value for same line: 101
ADC adjusted value for line 1279: 86
ADC validated value for same line: 86
ADC adjusted value for line 1280: 0
ADC validated value for same line: 0
ADC adjusted value for line 1281: 0
ADC validated value for same line: 0
ADC adjusted value for line 1282: 0
ADC validated value for same line: 0
ADC adjusted value for line 1283: 0
ADC validated value for same line: 0
ADC adjusted value for line 1284: 0
ADC validated value for same line: 0
ADC adjusted value for line 1285: 0
ADC validated value for same line: 0
ADC adjusted value for line 1286: 0
ADC validated value for same line: 0
ADC adjusted value for line 1287: 0
ADC validated value for same line: 0
ADC adjusted value for line 1288: 1
ADC validated value for same line: 1
ADC adjusted value for line 1289: 2
ADC validated value for same line: 2
ADC adjusted value for line 1290: 5
ADC validated value for same line: 5
ADC adjusted value for line 1291: 8
ADC validated value for same line: 8
ADC adjusted value for line 1292: 12
ADC validated value for same line: 12
ADC adjusted value for line 1293: 19
ADC validated value for same line: 19
ADC adjusted value for line 1294: 28
ADC validated value for same line: 28
ADC adjusted value for line 1295: 39
ADC validated value for same line: 39
ADC adjusted value for line 1296: 52
ADC validated value for same line: 52
ADC adjusted value for line 1297: 66
ADC validated value for same line: 66
ADC adjusted value for line 1298: 81
ADC validated value for same line: 81
ADC adjusted value for line 1299: 97
ADC validated value for same line: 97
ADC adjusted value for line 1300: 110
ADC validated value for same line: 110
ADC adjusted value for line 1301: 121
ADC validated value for same line: 121
ADC adjusted value for line 1302: 127
ADC validated value for same line: 127
ADC adjusted value for line 1303: 128
ADC validated value for same line: 128
ADC adjusted value for line 1304: 124
ADC validated value for same line: 124
ADC adjusted value for line 1305: 116
ADC validated value for same line: 116
ADC adjusted value for line 1306: 104
ADC validated value for same line: 104
ADC adjusted value for line 1307: 88
ADC validated value for same line: 88
ADC adjusted value for line 1308: 72
ADC validated value for same line: 72
ADC adjusted value for line 1309: 57
ADC validated value for same line: 57
ADC adjusted value for line 1310: 43
ADC validated value for same line: 43
ADC adjusted value for line 1311: 31
ADC validated value for same line: 31
ADC adjusted value for line 1312: 21
ADC validated value for same line: 21
ADC adjusted value for line 1313: 13
ADC validated value for same line: 13
ADC adjusted value for line 1314: 8
ADC validated value for same line: 8
ADC adjusted value for line 1315: 4
ADC validated value for same line: 4
ADC adjusted value for line 1316: 1
ADC validated value for same line: 1
ADC adjusted value for line 1317: 0
ADC validated value for same line: 0
ADC adjusted value for line 1318: -1
ADC validated value for same line: -1
ADC adjusted value for line 1319: -2
ADC validated value for same line: -2
ADC adjusted value for line 1320: -2
ADC validated value for same line: -2
ADC adjusted value for line 1321: -2
ADC validated value for same line: -2
ADC adjusted value for line 1322: -2
ADC validated value for same line: -2
ADC adjusted value for line 1323: -2
ADC validated value for same line: -2
ADC adjusted value for line 1324: -2
ADC validated value for same line: -2
ADC adjusted value for line 1325: -2
ADC validated value for same line: -2
ADC adjusted value for line 1326: -2
ADC validated value for same line: -2
ADC adjusted value for line 1327: -2
ADC validated value for same line: -2
ADC adjusted value for line 1328: -2
ADC validated value for same line: -2
ADC adjusted value for line 1329: -2
ADC validated value for same line: -2
ADC adjusted value for line 1330: -2
ADC validated value for same line: -2
ADC adjusted value for line 1331: -2
ADC validated value for same line: -2
ADC adjusted value for line 1332: -2
ADC validated value for same line: -2
ADC adjusted value for line 1333: -2
ADC validated value for same line: -2
ADC adjusted value for line 1334: -2
ADC validated value for same line: -2
ADC adjusted value for line 1335: -2
ADC validated value for same line: -2
ADC adjusted value for line 1336: -1
ADC validated value for same line: -1
ADC adjusted value for line 1337: -1
ADC validated value for same line: -1
ADC adjusted value for line 1338: -1
ADC validated value for same line: -1
ADC adjusted value for line 1339: -1
ADC validated value for same line: -1
ADC adjusted value for line 1340: -1
ADC validated value for same line: -1
ADC adjusted value for line 1341: -1
ADC validated value for same line: -1
ADC adjusted value for line 1342: -1
ADC validated value for same line: -1
ADC adjusted value for line 1343: -1
ADC validated value for same line: -1
ADC adjusted value for line 1344: 0
ADC validated value for same line: 0
ADC adjusted value for line 1345: 0
ADC validated value for same line: 0
ADC adjusted value for line 1346: 0
ADC validated value for same line: 0
ADC adjusted value for line 1347: 0
ADC validated value for same line: 0
ADC adjusted value for line 1348: 0
ADC validated value for same line: 0
ADC adjusted value for line 1349: 0
ADC validated value for same line: 0
ADC adjusted value for line 1350: 0
ADC validated value for same line: 0
ADC adjusted value for line 1351: 0
ADC validated value for same line: 0
ADC adjusted value for line 1352: 0
ADC validated value for same line: 0
ADC adjusted value for line 1353: 0
ADC validated value for same line: 0
ADC adjusted value for line 1354: 0
ADC validated value for same line: 0
ADC adjusted value for line 1355: 0
ADC validated value for same line: 0
ADC adjusted value for line 1356: 0
ADC validated value for same line: 0
ADC adjusted value for line 1357: 0
ADC validated value for same line: 0
ADC adjusted value for line 1358: 0
ADC validated value for same line: 0
ADC adjusted value for line 1359: 0
ADC validated value for same line: 0
ADC adjusted value for line 1360: 0
ADC validated value for same line: 0
ADC adjusted value for line 1361: 0
ADC validated value for same line: 0
ADC adjusted value for line 1362: 0
ADC validated value for same line: 0
ADC adjusted value for line 1363: 0
ADC validated value for same line: 0
ADC adjusted value for line 1364: 0
ADC validated value for same line: 0
ADC adjusted value for line 1365: 0
ADC validated value for same line: 0
ADC adjusted value for line 1366: 0
ADC validated value for same line: 0
ADC adjusted value for line 1367: 0
ADC validated value for same line: 0
ADC adjusted value for line 1368: 0
ADC validated value for same line: 0
ADC adjusted value for line 1369: 1
ADC validated value for same line: 1
ADC adjusted value for line 1370: 3
ADC validated value for same line: 3
ADC adjusted value for line 1371: 5
ADC validated value for same line: 5
ADC adjusted value for line 1372: 8
ADC validated value for same line: 8
ADC adjusted value for line 1373: 13
ADC validated value for same line: 13
ADC adjusted value for line 1374: 20
ADC validated value for same line: 20
ADC adjusted value for line 1375: 29
ADC validated value for same line: 29
ADC adjusted value for line 1376: 40
ADC validated value for same line: 40
ADC adjusted value for line 1377: 54
ADC validated value for same line: 54
ADC adjusted value for line 1378: 68
ADC validated value for same line: 68
ADC adjusted value for line 1379: 85
ADC validated value for same line: 85
ADC adjusted value for line 1380: 100
ADC validated value for same line: 100
ADC adjusted value for line 1381: 114
ADC validated value for same line: 114
ADC adjusted value for line 1382: 125
ADC validated value for same line: 125
ADC adjusted value for line 1383: 131
ADC validated value for same line: 131
ADC adjusted value for line 1384: 132
ADC validated value for same line: 132
ADC adjusted value for line 1385: 128
ADC validated value for same line: 128
ADC adjusted value for line 1386: 119
ADC validated value for same line: 119
ADC adjusted value for line 1387: 106
ADC validated value for same line: 106
ADC adjusted value for line 1388: 90
ADC validated value for same line: 90
ADC adjusted value for line 1389: 74
ADC validated value for same line: 74
ADC adjusted value for line 1390: 58
ADC validated value for same line: 58
ADC adjusted value for line 1391: 44
ADC validated value for same line: 44
ADC adjusted value for line 1392: 31
ADC validated value for same line: 31
ADC adjusted value for line 1393: 21
ADC validated value for same line: 21
ADC adjusted value for line 1394: 14
ADC validated value for same line: 14
ADC adjusted value for line 1395: 8
ADC validated value for same line: 8
ADC adjusted value for line 1396: 4
ADC validated value for same line: 4
ADC adjusted value for line 1397: 1
ADC validated value for same line: 1
ADC adjusted value for line 1398: 0
ADC validated value for same line: 0
ADC adjusted value for line 1399: -1
ADC validated value for same line: -1
ADC adjusted value for line 1400: -2
ADC validated value for same line: -2
ADC adjusted value for line 1401: -2
ADC validated value for same line: -2
ADC adjusted value for line 1402: -2
ADC validated value for same line: -2
ADC adjusted value for line 1403: -2
ADC validated value for same line: -2
ADC adjusted value for line 1404: -2
ADC validated value for same line: -2
ADC adjusted value for line 1405: -2
ADC validated value for same line: -2
ADC adjusted value for line 1406: -2
ADC validated value for same line: -2
ADC adjusted value for line 1407: -2
ADC validated value for same line: -2
ADC adjusted value for line 1408: 0
ADC validated value for same line: 0
ADC adjusted value for line 1409: 0
ADC validated value for same line: 0
ADC adjusted value for line 1410: 0
ADC validated value for same line: 0
ADC adjusted value for line 1411: 0
ADC validated value for same line: 0
ADC adjusted value for line 1412: 0
ADC validated value for same line: 0
ADC adjusted value for line 1413: 0
ADC validated value for same line: 0
ADC adjusted value for line 1414: 0
ADC validated value for same line: 0
ADC adjusted value for line 1415: 0
ADC validated value for same line: 0
ADC adjusted value for line 1416: 0
ADC validated value for same line: 0
ADC adjusted value for line 1417: 0
ADC validated value for same line: 0
ADC adjusted value for line 1418: 0
ADC validated value for same line: 0
ADC adjusted value for line 1419: 0
ADC validated value for same line: 0
ADC adjusted value for line 1420: 0
ADC validated value for same line: 0
ADC adjusted value for line 1421: 0
ADC validated value for same line: 0
ADC adjusted value for line 1422: 0
ADC validated value for same line: 0
ADC adjusted value for line 1423: 0
ADC validated value for same line: 0
ADC adjusted value for line 1424: 0
ADC validated value for same line: 0
ADC adjusted value for line 1425: 1
ADC validated value for same line: 1
ADC adjusted value for line 1426: 2
ADC validated value for same line: 2
ADC adjusted value for line 1427: 4
ADC validated value for same line: 4
ADC adjusted value for line 1428: 7
ADC validated value for same line: 7
ADC adjusted value for line 1429: 12
ADC validated value for same line: 12
ADC adjusted value for line 1430: 18
ADC validated value for same line: 18
ADC adjusted value for line 1431: 27
ADC validated value for same line: 27
ADC adjusted value for line 1432: 38
ADC validated value for same line: 38
ADC adjusted value for line 1433: 52
ADC validated value for same line: 52
ADC adjusted value for line 1434: 66
ADC validated value for same line: 66
ADC adjusted value for line 1435: 83
ADC validated value for same line: 83
ADC adjusted value for line 1436: 99
ADC validated value for same line: 99
ADC adjusted value for line 1437: 114
ADC validated value for same line: 114
ADC adjusted value for line 1438: 126
ADC validated value for same line: 126
ADC adjusted value for line 1439: 134
ADC validated value for same line: 134
ADC adjusted value for line 1440: 136
ADC validated value for same line: 136
ADC adjusted value for line 1441: 134
ADC validated value for same line: 134
ADC adjusted value for line 1442: 126
ADC validated value for same line: 126
ADC adjusted value for line 1443: 113
ADC validated value for same line: 113
ADC adjusted value for line 1444: 97
ADC validated value for same line: 97
ADC adjusted value for line 1445: 81
ADC validated value for same line: 81
ADC adjusted value for line 1446: 64
ADC validated value for same line: 64
ADC adjusted value for line 1447: 49
ADC validated value for same line: 49
ADC adjusted value for line 1448: 36
ADC validated value for same line: 36
ADC adjusted value for line 1449: 25
ADC validated value for same line: 25
ADC adjusted value for line 1450: 16
ADC validated value for same line: 16
ADC adjusted value for line 1451: 10
ADC validated value for same line: 10
ADC adjusted value for line 1452: 5
ADC validated value for same line: 5
ADC adjusted value for line 1453: 2
ADC validated value for same line: 2
ADC adjusted value for line 1454: 0
ADC validated value for same line: 0
ADC adjusted value for line 1455: -1
ADC validated value for same line: -1
ADC adjusted value for line 1456: -2
ADC validated value for same line: -2
ADC adjusted value for line 1457: -2
ADC validated value for same line: -2
ADC adjusted value for line 1458: -2
ADC validated value for same line: -2
ADC adjusted value for line 1459: -2
ADC validated value for same line: -2
ADC adjusted value for line 1460: -2
ADC validated value for same line: -2
ADC adjusted value for line 1461: -2
ADC validated value for same line: -2
ADC adjusted value for line 1462: -2
ADC validated value for same line: -2
ADC adjusted value for line 1463: -2
ADC validated value for same line: -2
ADC adjusted value for line 1464: -2
ADC validated value for same line: -2
ADC adjusted value for line 1465: -2
ADC validated value for same line: -2
ADC adjusted value for line 1466: -2
ADC validated value for same line: -2
ADC adjusted value for line 1467: -2
ADC validated value for same line: -2
ADC adjusted value for line 1468: -2
ADC validated value for same line: -2
ADC adjusted value for line 1469: -2
ADC validated value for same line: -2
ADC adjusted value for line 1470: -2
ADC validated value for same line: -2
ADC adjusted value for line 1471: -2
ADC validated value for same line: -2
ADC adjusted value for line 1472: 0
ADC validated value for same line: 0
ADC adjusted value for line 1473: 0
ADC validated value for same line: 0
ADC adjusted value for line 1474: 0
ADC validated value for same line: 0
ADC adjusted value for line 1475: 0
ADC validated value for same line: 0
ADC adjusted value for line 1476: 0
ADC validated value for same line: 0
ADC adjusted value for line 1477: 0
ADC validated value for same line: 0
ADC adjusted value for line 1478: 0
ADC validated value for same line: 0
ADC adjusted value for line 1479: 0
ADC validated value for same line: 0
ADC adjusted value for line 1480: 0
ADC validated value for same line: 0
ADC adjusted value for line 1481: 0
ADC validated value for same line: 0
ADC adjusted value for line 1482: 0
ADC validated value for same line: 0
ADC adjusted value for line 1483: 0
ADC validated value for same line: 0
ADC adjusted value for line 1484: 0
ADC validated value for same line: 0
ADC adjusted value for line 1485: 0
ADC validated value for same line: 0
ADC adjusted value for line 1486: 0
ADC validated value for same line: 0
ADC adjusted value for line 1487: 0
ADC validated value for same line: 0
ADC adjusted value for line 1488: 0
ADC validated value for same line: 0
ADC adjusted value for line 1489: 0
ADC validated value for same line: 0
ADC adjusted value for line 1490: 0
ADC validated value for same line: 0
ADC adjusted value for line 1491: 0
ADC validated value for same line: 0
ADC adjusted value for line 1492: 0
ADC validated value for same line: 0
ADC adjusted value for line 1493: 0
ADC validated value for same line: 0
ADC adjusted value for line 1494: 0
ADC validated value for same line: 0
ADC adjusted value for line 1495: 0
ADC validated value for same line: 0
ADC adjusted value for line 1496: 1
ADC validated value for same line: 1
ADC adjusted value for line 1497: 3
ADC validated value for same line: 3
ADC adjusted value for line 1498: 5
ADC validated value for same line: 5
ADC adjusted value for line 1499: 8
ADC validated value for same line: 8
ADC adjusted value for line 1500: 13
ADC validated value for same line: 13
ADC adjusted value for line 1501: 20
ADC validated value for same line: 20
ADC adjusted value for line 1502: 30
ADC validated value for same line: 30
ADC adjusted value for line 1503: 41
ADC validated value for same line: 41
ADC adjusted value for line 1504: 56
ADC validated value for same line: 56
ADC adjusted value for line 1505: 71
ADC validated value for same line: 71
ADC adjusted value for line 1506: 88
ADC validated value for same line: 88
ADC adjusted value for line 1507: 105
ADC validated value for same line: 105
ADC adjusted value for line 1508: 120
ADC validated value for same line: 120
ADC adjusted value for line 1509: 132
ADC validated value for same line: 132
ADC adjusted value for line 1510: 139
ADC validated value for same line: 139
ADC adjusted value for line 1511: 140
ADC validated value for same line: 140
ADC adjusted value for line 1512: 137
ADC validated value for same line: 137
ADC adjusted value for line 1513: 127
ADC validated value for same line: 127
ADC adjusted value for line 1514: 114
ADC validated value for same line: 114
ADC adjusted value for line 1515: 97
ADC validated value for same line: 97
ADC adjusted value for line 1516: 80
ADC validated value for same line: 80
ADC adjusted value for line 1517: 63
ADC validated value for same line: 63
ADC adjusted value for line 1518: 48
ADC validated value for same line: 48
ADC adjusted value for line 1519: 35
ADC validated value for same line: 35
ADC adjusted value for line 1520: 24
ADC validated value for same line: 24
ADC adjusted value for line 1521: 15
ADC validated value for same line: 15
ADC adjusted value for line 1522: 9
ADC validated value for same line: 9
ADC adjusted value for line 1523: 5
ADC validated value for same line: 5
ADC adjusted value for line 1524: 2
ADC validated value for same line: 2
ADC adjusted value for line 1525: 0
ADC validated value for same line: 0
ADC adjusted value for line 1526: -1
ADC validated value for same line: -1
ADC adjusted value for line 1527: -2
ADC validated value for same line: -2
ADC adjusted value for line 1528: -2
ADC validated value for same line: -2
ADC adjusted value for line 1529: -2
ADC validated value for same line: -2
ADC adjusted value for line 1530: -2
ADC validated value for same line: -2
ADC adjusted value for line 1531: -2
ADC validated value for same line: -2
ADC adjusted value for line 1532: -2
ADC validated value for same line: -2
ADC adjusted value for line 1533: -2
ADC validated value for same line: -2
ADC adjusted value for line 1534: -2
ADC validated value for same line: -2
ADC adjusted value for line 1535: -2
ADC validated value for same line: -2
ADC adjusted value for line 1536: 0
ADC validated value for same line: 0
ADC adjusted value for line 1537: 0
ADC validated value for same line: 0
ADC adjusted value for line 1538: 0
ADC validated value for same line: 0
ADC adjusted value for line 1539: 0
ADC validated value for same line: 0
ADC adjusted value for line 1540: 0
ADC validated value for same line: 0
ADC adjusted value for line 1541: 0
ADC validated value for same line: 0
ADC adjusted value for line 1542: 0
ADC validated value for same line: 0
ADC adjusted value for line 1543: 0
ADC validated value for same line: 0
ADC adjusted value for line 1544: 0
ADC validated value for same line: 0
ADC adjusted value for line 1545: 0
ADC validated value for same line: 0
ADC adjusted value for line 1546: 0
ADC validated value for same line: 0
ADC adjusted value for line 1547: 0
ADC validated value for same line: 0
ADC adjusted value for line 1548: 0
ADC validated value for same line: 0
ADC adjusted value for line 1549: 0
ADC validated value for same line: 0
ADC adjusted value for line 1550: 0
ADC validated value for same line: 0
ADC adjusted value for line 1551: 0
ADC validated value for same line: 0
ADC adjusted value for line 1552: 0
ADC validated value for same line: 0
ADC adjusted value for line 1553: 0
ADC validated value for same line: 0
ADC adjusted value for line 1554: 0
ADC validated value for same line: 0
ADC adjusted value for line 1555: 0
ADC validated value for same line: 0
ADC adjusted value for line 1556: 0
ADC validated value for same line: 0
ADC adjusted value for line 1557: 0
ADC validated value for same line: 0
ADC adjusted value for line 1558: 0
ADC validated value for same line: 0
ADC adjusted value for line 1559: 0
ADC validated value for same line: 0
ADC adjusted value for line 1560: 0
ADC validated value for same line: 0
ADC adjusted value for line 1561: 0
ADC validated value for same line: 0
ADC adjusted value for line 1562: 0
ADC validated value for same line: 0
ADC adjusted value for line 1563: 0
ADC validated value for same line: 0
ADC adjusted value for line 1564: 0
ADC validated value for same line: 0
ADC adjusted value for line 1565: 0
ADC validated value for same line: 0
ADC adjusted value for line 1566: 0
ADC validated value for same line: 0
ADC adjusted value for line 1567: 0
ADC validated value for same line: 0
ADC adjusted value for line 1568: 0
ADC validated value for same line: 0
ADC adjusted value for line 1569: 0
ADC validated value for same line: 0
ADC adjusted value for line 1570: 0
ADC validated value for same line: 0
ADC adjusted value for line 1571: 0
ADC validated value for same line: 0
ADC adjusted value for line 1572: 0
ADC validated value for same line: 0
ADC adjusted value for line 1573: 0
ADC validated value for same line: 0
ADC adjusted value for line 1574: 1
ADC validated value for same line: 1
ADC adjusted value for line 1575: 2
ADC validated value for same line: 2
ADC adjusted value for line 1576: 3
ADC validated value for same line: 3
ADC adjusted value for line 1577: 6
ADC validated value for same line: 6
ADC adjusted value for line 1578: 10
ADC validated value for same line: 10
ADC adjusted value for line 1579: 15
ADC validated value for same line: 15
ADC adjusted value for line 1580: 23
ADC validated value for same line: 23
ADC adjusted value for line 1581: 33
ADC validated value for same line: 33
ADC adjusted value for line 1582: 46
ADC validated value for same line: 46
ADC adjusted value for line 1583: 60
ADC validated value for same line: 60
ADC adjusted value for line 1584: 77
ADC validated value for same line: 77
ADC adjusted value for line 1585: 95
ADC validated value for same line: 95
ADC adjusted value for line 1586: 112
ADC validated value for same line: 112
ADC adjusted value for line 1587: 127
ADC validated value for same line: 127
ADC adjusted value for line 1588: 138
ADC validated value for same line: 138
ADC adjusted value for line 1589: 144
ADC validated value for same line: 144
ADC adjusted value for line 1590: 144
ADC validated value for same line: 144
ADC adjusted value for line 1591: 139
ADC validated value for same line: 139
ADC adjusted value for line 1592: 128
ADC validated value for same line: 128
ADC adjusted value for line 1593: 113
ADC validated value for same line: 113
ADC adjusted value for line 1594: 96
ADC validated value for same line: 96
ADC adjusted value for line 1595: 78
ADC validated value for same line: 78
ADC adjusted value for line 1596: 61
ADC validated value for same line: 61
ADC adjusted value for line 1597: 46
ADC validated value for same line: 46
ADC adjusted value for line 1598: 33
ADC validated value for same line: 33
ADC adjusted value for line 1599: 22
ADC validated value for same line: 22
ADC adjusted value for line 1600: 0
ADC validated value for same line: 0
ADC adjusted value for line 1601: 0
ADC validated value for same line: 0
ADC adjusted value for line 1602: 0
ADC validated value for same line: 0
ADC adjusted value for line 1603: 0
ADC validated value for same line: 0
ADC adjusted value for line 1604: 0
ADC validated value for same line: 0
ADC adjusted value for line 1605: 0
ADC validated value for same line: 0
ADC adjusted value for line 1606: 0
ADC validated value for same line: 0
ADC adjusted value for line 1607: 0
ADC validated value for same line: 0
ADC adjusted value for line 1608: 0
ADC validated value for same line: 0
ADC adjusted value for line 1609: 0
ADC validated value for same line: 0
ADC adjusted value for line 1610: 0
ADC validated value for same line: 0
ADC adjusted value for line 1611: 0
ADC validated value for same line: 0
ADC adjusted value for line 1612: 0
ADC validated value for same line: 0
ADC adjusted value for line 1613: 0
ADC validated value for same line: 0
ADC adjusted value for line 1614: 0
ADC validated value for same line: 0
ADC adjusted value for line 1615: 0
ADC validated value for same line: 0
ADC adjusted value for line 1616: 0
ADC validated value for same line: 0
ADC adjusted value for line 1617: 0
ADC validated value for same line: 0
ADC adjusted value for line 1618: 1
ADC validated value for same line: 1
ADC adjusted value for line 1619: 2
ADC validated value for same line: 2
ADC adjusted value for line 1620: 4
ADC validated value for same line: 4
ADC adjusted value for line 1621: 8
ADC validated value for same line: 8
ADC adjusted value for line 1622: 13
ADC validated value for same line: 13
ADC adjusted value for line 1623: 19
ADC validated value for same line: 19
ADC adjusted value for line 1624: 29
ADC validated value for same line: 29
ADC adjusted value for line 1625: 41
ADC validated value for same line: 41
ADC adjusted value for line 1626: 55
ADC validated value for same line: 55
ADC adjusted value for line 1627: 71
ADC validated value for same line: 71
ADC adjusted value for line 1628: 89
ADC validated value for same line: 89
ADC adjusted value for line 1629: 107
ADC validated value for same line: 107
ADC adjusted value for line 1630: 123
ADC validated value for same line: 123
ADC adjusted value for line 1631: 136
ADC validated value for same line: 136
ADC adjusted value for line 1632: 145
ADC validated value for same line: 145
ADC adjusted value for line 1633: 148
ADC validated value for same line: 148
ADC adjusted value for line 1634: 146
ADC validated value for same line: 146
ADC adjusted value for line 1635: 138
ADC validated value for same line: 138
ADC adjusted value for line 1636: 125
ADC validated value for same line: 125
ADC adjusted value for line 1637: 107
ADC validated value for same line: 107
ADC adjusted value for line 1638: 89
ADC validated value for same line: 89
ADC adjusted value for line 1639: 71
ADC validated value for same line: 71
ADC adjusted value for line 1640: 55
ADC validated value for same line: 55
ADC adjusted value for line 1641: 40
ADC validated value for same line: 40
ADC adjusted value for line 1642: 28
ADC validated value for same line: 28
ADC adjusted value for line 1643: 18
ADC validated value for same line: 18
ADC adjusted value for line 1644: 11
ADC validated value for same line: 11
ADC adjusted value for line 1645: 6
ADC validated value for same line: 6
ADC adjusted value for line 1646: 3
ADC validated value for same line: 3
ADC adjusted value for line 1647: 0
ADC validated value for same line: 0
ADC adjusted value for line 1648: -2
ADC validated value for same line: -2
ADC adjusted value for line 1649: -3
ADC validated value for same line: -3
ADC adjusted value for line 1650: -3
ADC validated value for same line: -3
ADC adjusted value for line 1651: -3
ADC validated value for same line: -3
ADC adjusted value for line 1652: -3
ADC validated value for same line: -3
ADC adjusted value for line 1653: -3
ADC validated value for same line: -3
ADC adjusted value for line 1654: -3
ADC validated value for same line: -3
ADC adjusted value for line 1655: -3
ADC validated value for same line: -3
ADC adjusted value for line 1656: -3
ADC validated value for same line: -3
ADC adjusted value for line 1657: -2
ADC validated value for same line: -2
ADC adjusted value for line 1658: -2
ADC validated value for same line: -2
ADC adjusted value for line 1659: -2
ADC validated value for same line: -2
ADC adjusted value for line 1660: -2
ADC validated value for same line: -2
ADC adjusted value for line 1661: -2
ADC validated value for same line: -2
ADC adjusted value for line 1662: -2
ADC validated value for same line: -2
ADC adjusted value for line 1663: -2
ADC validated value for same line: -2
ADC adjusted value for line 1664: 86
ADC validated value for same line: 86
ADC adjusted value for line 1665: 105
ADC validated value for same line: 105
ADC adjusted value for line 1666: 122
ADC validated value for same line: 122
ADC adjusted value for line 1667: 137
ADC validated value for same line: 137
ADC adjusted value for line 1668: 148
ADC validated value for same line: 148
ADC adjusted value for line 1669: 153
ADC validated value for same line: 153
ADC adjusted value for line 1670: 152
ADC validated value for same line: 152
ADC adjusted value for line 1671: 145
ADC validated value for same line: 145
ADC adjusted value for line 1672: 133
ADC validated value for same line: 133
ADC adjusted value for line 1673: 117
ADC validated value for same line: 117
ADC adjusted value for line 1674: 99
ADC validated value for same line: 99
ADC adjusted value for line 1675: 80
ADC validated value for same line: 80
ADC adjusted value for line 1676: 62
ADC validated value for same line: 62
ADC adjusted value for line 1677: 46
ADC validated value for same line: 46
ADC adjusted value for line 1678: 33
ADC validated value for same line: 33
ADC adjusted value for line 1679: 23
ADC validated value for same line: 23
ADC adjusted value for line 1680: 14
ADC validated value for same line: 14
ADC adjusted value for line 1681: 9
ADC validated value for same line: 9
ADC adjusted value for line 1682: 5
ADC validated value for same line: 5
ADC adjusted value for line 1683: 1
ADC validated value for same line: 1
ADC adjusted value for line 1684: 0
ADC validated value for same line: 0
ADC adjusted value for line 1685: -1
ADC validated value for same line: -1
ADC adjusted value for line 1686: -2
ADC validated value for same line: -2
ADC adjusted value for line 1687: -2
ADC validated value for same line: -2
ADC adjusted value for line 1688: -2
ADC validated value for same line: -2
ADC adjusted value for line 1689: -2
ADC validated value for same line: -2
ADC adjusted value for line 1690: -2
ADC validated value for same line: -2
ADC adjusted value for line 1691: -2
ADC validated value for same line: -2
ADC adjusted value for line 1692: -2
ADC validated value for same line: -2
ADC adjusted value for line 1693: -2
ADC validated value for same line: -2
ADC adjusted value for line 1694: -1
ADC validated value for same line: -1
ADC adjusted value for line 1695: -1
ADC validated value for same line: -1
ADC adjusted value for line 1696: -1
ADC validated value for same line: -1
ADC adjusted value for line 1697: -1
ADC validated value for same line: -1
ADC adjusted value for line 1698: -1
ADC validated value for same line: -1
ADC adjusted value for line 1699: -1
ADC validated value for same line: -1
ADC adjusted value for line 1700: -1
ADC validated value for same line: -1
ADC adjusted value for line 1701: -1
ADC validated value for same line: -1
ADC adjusted value for line 1702: -1
ADC validated value for same line: -1
ADC adjusted value for line 1703: -1
ADC validated value for same line: -1
ADC adjusted value for line 1704: 0
ADC validated value for same line: 0
ADC adjusted value for line 1705: 0
ADC validated value for same line: 0
ADC adjusted value for line 1706: 0
ADC validated value for same line: 0
ADC adjusted value for line 1707: 0
ADC validated value for same line: 0
ADC adjusted value for line 1708: 0
ADC validated value for same line: 0
ADC adjusted value for line 1709: 0
ADC validated value for same line: 0
ADC adjusted value for line 1710: 0
ADC validated value for same line: 0
ADC adjusted value for line 1711: 0
ADC validated value for same line: 0
ADC adjusted value for line 1712: 0
ADC validated value for same line: 0
ADC adjusted value for line 1713: 0
ADC validated value for same line: 0
ADC adjusted value for line 1714: 0
ADC validated value for same line: 0
ADC adjusted value for line 1715: 0
ADC validated value for same line: 0
ADC adjusted value for line 1716: 0
ADC validated value for same line: 0
ADC adjusted value for line 1717: 0
ADC validated value for same line: 0
ADC adjusted value for line 1718: 0
ADC validated value for same line: 0
ADC adjusted value for line 1719: 0
ADC validated value for same line: 0
ADC adjusted value for line 1720: 0
ADC validated value for same line: 0
ADC adjusted value for line 1721: 0
ADC validated value for same line: 0
ADC adjusted value for line 1722: 0
ADC validated value for same line: 0
ADC adjusted value for line 1723: 0
ADC validated value for same line: 0
ADC adjusted value for line 1724: 0
ADC validated value for same line: 0
ADC adjusted value for line 1725: 0
ADC validated value for same line: 0
ADC adjusted value for line 1726: 0
ADC validated value for same line: 0
ADC adjusted value for line 1727: 0
ADC validated value for same line: 0
ADC adjusted value for line 1728: 0
ADC validated value for same line: 0
ADC adjusted value for line 1729: 0
ADC validated value for same line: 0
ADC adjusted value for line 1730: 0
ADC validated value for same line: 0
ADC adjusted value for line 1731: 0
ADC validated value for same line: 0
ADC adjusted value for line 1732: 0
ADC validated value for same line: 0
ADC adjusted value for line 1733: 0
ADC validated value for same line: 0
ADC adjusted value for line 1734: 0
ADC validated value for same line: 0
ADC adjusted value for line 1735: 0
ADC validated value for same line: 0
ADC adjusted value for line 1736: 0
ADC validated value for same line: 0
ADC adjusted value for line 1737: 0
ADC validated value for same line: 0
ADC adjusted value for line 1738: 0
ADC validated value for same line: 0
ADC adjusted value for line 1739: 0
ADC validated value for same line: 0
ADC adjusted value for line 1740: 0
ADC validated value for same line: 0
ADC adjusted value for line 1741: 0
ADC validated value for same line: 0
ADC adjusted value for line 1742: 0
ADC validated value for same line: 0
ADC adjusted value for line 1743: 0
ADC validated value for same line: 0
ADC adjusted value for line 1744: 0
ADC validated value for same line: 0
ADC adjusted value for line 1745: 0
ADC validated value for same line: 0
ADC adjusted value for line 1746: 0
ADC validated value for same line: 0
ADC adjusted value for line 1747: 0
ADC validated value for same line: 0
ADC adjusted value for line 1748: 0
ADC validated value for same line: 0
ADC adjusted value for line 1749: 0
ADC validated value for same line: 0
ADC adjusted value for line 1750: 0
ADC validated value for same line: 0
ADC adjusted value for line 1751: 0
ADC validated value for same line: 0
ADC adjusted value for line 1752: 1
ADC validated value for same line: 1
ADC adjusted value for line 1753: 2
ADC validated value for same line: 2
ADC adjusted value for line 1754: 5
ADC validated value for same line: 5
ADC adjusted value for line 1755: 8
ADC validated value for same line: 8
ADC adjusted value for line 1756: 13
ADC validated value for same line: 13
ADC adjusted value for line 1757: 20
ADC validated value for same line: 20
ADC adjusted value for line 1758: 29
ADC validated value for same line: 29
ADC adjusted value for line 1759: 42
ADC validated value for same line: 42
ADC adjusted value for line 1760: 57
ADC validated value for same line: 57
ADC adjusted value for line 1761: 73
ADC validated value for same line: 73
ADC adjusted value for line 1762: 92
ADC validated value for same line: 92
ADC adjusted value for line 1763: 111
ADC validated value for same line: 111
ADC adjusted value for line 1764: 128
ADC validated value for same line: 128
ADC adjusted value for line 1765: 143
ADC validated value for same line: 143
ADC adjusted value for line 1766: 152
ADC validated value for same line: 152
ADC adjusted value for line 1767: 156
ADC validated value for same line: 156
ADC adjusted value for line 1768: 154
ADC validated value for same line: 154
ADC adjusted value for line 1769: 146
ADC validated value for same line: 146
ADC adjusted value for line 1770: 133
ADC validated value for same line: 133
ADC adjusted value for line 1771: 115
ADC validated value for same line: 115
ADC adjusted value for line 1772: 96
ADC validated value for same line: 96
ADC adjusted value for line 1773: 77
ADC validated value for same line: 77
ADC adjusted value for line 1774: 59
ADC validated value for same line: 59
ADC adjusted value for line 1775: 43
ADC validated value for same line: 43
ADC adjusted value for line 1776: 30
ADC validated value for same line: 30
ADC adjusted value for line 1777: 20
ADC validated value for same line: 20
ADC adjusted value for line 1778: 12
ADC validated value for same line: 12
ADC adjusted value for line 1779: 7
ADC validated value for same line: 7
ADC adjusted value for line 1780: 3
ADC validated value for same line: 3
ADC adjusted value for line 1781: 0
ADC validated value for same line: 0
ADC adjusted value for line 1782: -2
ADC validated value for same line: -2
ADC adjusted value for line 1783: -2
ADC validated value for same line: -2
ADC adjusted value for line 1784: -3
ADC validated value for same line: -3
ADC adjusted value for line 1785: -3
ADC validated value for same line: -3
ADC adjusted value for line 1786: -3
ADC validated value for same line: -3
ADC adjusted value for line 1787: -3
ADC validated value for same line: -3
ADC adjusted value for line 1788: -3
ADC validated value for same line: -3
ADC adjusted value for line 1789: -3
ADC validated value for same line: -3
ADC adjusted value for line 1790: -3
ADC validated value for same line: -3
ADC adjusted value for line 1791: -2
ADC validated value for same line: -2
ADC adjusted value for line 1792: 0
ADC validated value for same line: 0
ADC adjusted value for line 1793: 0
ADC validated value for same line: 0
ADC adjusted value for line 1794: 0
ADC validated value for same line: 0
ADC adjusted value for line 1795: 0
ADC validated value for same line: 0
ADC adjusted value for line 1796: 0
ADC validated value for same line: 0
ADC adjusted value for line 1797: 0
ADC validated value for same line: 0
ADC adjusted value for line 1798: 0
ADC validated value for same line: 0
ADC adjusted value for line 1799: 0
ADC validated value for same line: 0
ADC adjusted value for line 1800: 0
ADC validated value for same line: 0
ADC adjusted value for line 1801: 0
ADC validated value for same line: 0
ADC adjusted value for line 1802: 0
ADC validated value for same line: 0
ADC adjusted value for line 1803: 0
ADC validated value for same line: 0
ADC adjusted value for line 1804: 0
ADC validated value for same line: 0
ADC adjusted value for line 1805: 0
ADC validated value for same line: 0
ADC adjusted value for line 1806: 0
ADC validated value for same line: 0
ADC adjusted value for line 1807: 0
ADC validated value for same line: 0
ADC adjusted value for line 1808: 0
ADC validated value for same line: 0
ADC adjusted value for line 1809: 0
ADC validated value for same line: 0
ADC adjusted value for line 1810: 0
ADC validated value for same line: 0
ADC adjusted value for line 1811: 0
ADC validated value for same line: 0
ADC adjusted value for line 1812: 0
ADC validated value for same line: 0
ADC adjusted value for line 1813: 0
ADC validated value for same line: 0
ADC adjusted value for line 1814: 0
ADC validated value for same line: 0
ADC adjusted value for line 1815: 0
ADC validated value for same line: 0
ADC adjusted value for line 1816: 0
ADC validated value for same line: 0
ADC adjusted value for line 1817: 0
ADC validated value for same line: 0
ADC adjusted value for line 1818: 0
ADC validated value for same line: 0
ADC adjusted value for line 1819: 0
ADC validated value for same line: 0
ADC adjusted value for line 1820: 0
ADC validated value for same line: 0
ADC adjusted value for line 1821: 0
ADC validated value for same line: 0
ADC adjusted value for line 1822: 0
ADC validated value for same line: 0
ADC adjusted value for line 1823: 0
ADC validated value for same line: 0
ADC adjusted value for line 1824: 0
ADC validated value for same line: 0
ADC adjusted value for line 1825: 0
ADC validated value for same line: 0
ADC adjusted value for line 1826: 0
ADC validated value for same line: 0
ADC adjusted value for line 1827: 0
ADC validated value for same line: 0
ADC adjusted value for line 1828: 0
ADC validated value for same line: 0
ADC adjusted value for line 1829: 0
ADC validated value for same line: 0
ADC adjusted value for line 1830: 0
ADC validated value for same line: 0
ADC adjusted value for line 1831: 1
ADC validated value for same line: 1
ADC adjusted value for line 1832: 2
ADC validated value for same line: 2
ADC adjusted value for line 1833: 4
ADC validated value for same line: 4
ADC adjusted value for line 1834: 7
ADC validated value for same line: 7
ADC adjusted value for line 1835: 11
ADC validated value for same line: 11
ADC adjusted value for line 1836: 17
ADC validated value for same line: 17
ADC adjusted value for line 1837: 26
ADC validated value for same line: 26
ADC adjusted value for line 1838: 37
ADC validated value for same line: 37
ADC adjusted value for line 1839: 52
ADC validated value for same line: 52
ADC adjusted value for line 1840: 68
ADC validated value for same line: 68
ADC adjusted value for line 1841: 86
ADC validated value for same line: 86
ADC adjusted value for line 1842: 106
ADC validated value for same line: 106
ADC adjusted value for line 1843: 125
ADC validated value for same line: 125
ADC adjusted value for line 1844: 141
ADC validated value for same line: 141
ADC adjusted value for line 1845: 153
ADC validated value for same line: 153
ADC adjusted value for line 1846: 160
ADC validated value for same line: 160
ADC adjusted value for line 1847: 160
ADC validated value for same line: 160
ADC adjusted value for line 1848: 154
ADC validated value for same line: 154
ADC adjusted value for line 1849: 142
ADC validated value for same line: 142
ADC adjusted value for line 1850: 125
ADC validated value for same line: 125
ADC adjusted value for line 1851: 106
ADC validated value for same line: 106
ADC adjusted value for line 1852: 86
ADC validated value for same line: 86
ADC adjusted value for line 1853: 68
ADC validated value for same line: 68
ADC adjusted value for line 1854: 51
ADC validated value for same line: 51
ADC adjusted value for line 1855: 36
ADC validated value for same line: 36
ADC adjusted value for line 1856: 0
ADC validated value for same line: 0
ADC adjusted value for line 1857: 0
ADC validated value for same line: 0
ADC adjusted value for line 1858: 0
ADC validated value for same line: 0
ADC adjusted value for line 1859: 0
ADC validated value for same line: 0
ADC adjusted value for line 1860: 0
ADC validated value for same line: 0
ADC adjusted value for line 1861: 0
ADC validated value for same line: 0
ADC adjusted value for line 1862: 0
ADC validated value for same line: 0
ADC adjusted value for line 1863: 0
ADC validated value for same line: 0
ADC adjusted value for line 1864: 0
ADC validated value for same line: 0
ADC adjusted value for line 1865: 0
ADC validated value for same line: 0
ADC adjusted value for line 1866: 0
ADC validated value for same line: 0
ADC adjusted value for line 1867: 0
ADC validated value for same line: 0
ADC adjusted value for line 1868: 0
ADC validated value for same line: 0
ADC adjusted value for line 1869: 1
ADC validated value for same line: 1
ADC adjusted value for line 1870: 1
ADC validated value for same line: 1
ADC adjusted value for line 1871: 3
ADC validated value for same line: 3
ADC adjusted value for line 1872: 5
ADC validated value for same line: 5
ADC adjusted value for line 1873: 9
ADC validated value for same line: 9
ADC adjusted value for line 1874: 15
ADC validated value for same line: 15
ADC adjusted value for line 1875: 23
ADC validated value for same line: 23
ADC adjusted value for line 1876: 34
ADC validated value for same line: 34
ADC adjusted value for line 1877: 47
ADC validated value for same line: 47
ADC adjusted value for line 1878: 63
ADC validated value for same line: 63
ADC adjusted value for line 1879: 81
ADC validated value for same line: 81
ADC adjusted value for line 1880: 101
ADC validated value for same line: 101
ADC adjusted value for line 1881: 121
ADC validated value for same line: 121
ADC adjusted value for line 1882: 139
ADC validated value for same line: 139
ADC adjusted value for line 1883: 153
ADC validated value for same line: 153
ADC adjusted value for line 1884: 162
ADC validated value for same line: 162
ADC adjusted value for line 1885: 164
ADC validated value for same line: 164
ADC adjusted value for line 1886: 160
ADC validated value for same line: 160
ADC adjusted value for line 1887: 150
ADC validated value for same line: 150
ADC adjusted value for line 1888: 134
ADC validated value for same line: 134
ADC adjusted value for line 1889: 116
ADC validated value for same line: 116
ADC adjusted value for line 1890: 96
ADC validated value for same line: 96
ADC adjusted value for line 1891: 76
ADC validated value for same line: 76
ADC adjusted value for line 1892: 58
ADC validated value for same line: 58
ADC adjusted value for line 1893: 42
ADC validated value for same line: 42
ADC adjusted value for line 1894: 29
ADC validated value for same line: 29
ADC adjusted value for line 1895: 19
ADC validated value for same line: 19
ADC adjusted value for line 1896: 12
ADC validated value for same line: 12
ADC adjusted value for line 1897: 6
ADC validated value for same line: 6
ADC adjusted value for line 1898: 2
ADC validated value for same line: 2
ADC adjusted value for line 1899: 0
ADC validated value for same line: 0
ADC adjusted value for line 1900: -2
ADC validated value for same line: -2
ADC adjusted value for line 1901: -3
ADC validated value for same line: -3
ADC adjusted value for line 1902: -3
ADC validated value for same line: -3
ADC adjusted value for line 1903: -3
ADC validated value for same line: -3
ADC adjusted value for line 1904: -3
ADC validated value for same line: -3
ADC adjusted value for line 1905: -3
ADC validated value for same line: -3
ADC adjusted value for line 1906: -3
ADC validated value for same line: -3
ADC adjusted value for line 1907: -3
ADC validated value for same line: -3
ADC adjusted value for line 1908: -3
ADC validated value for same line: -3
ADC adjusted value for line 1909: -2
ADC validated value for same line: -2
ADC adjusted value for line 1910: -2
ADC validated value for same line: -2
ADC adjusted value for line 1911: -2
ADC validated value for same line: -2
ADC adjusted value for line 1912: -2
ADC validated value for same line: -2
ADC adjusted value for line 1913: -2
ADC validated value for same line: -2
ADC adjusted value for line 1914: -2
ADC validated value for same line: -2
ADC adjusted value for line 1915: -2
ADC validated value for same line: -2
ADC adjusted value for line 1916: -2
ADC validated value for same line: -2
ADC adjusted value for line 1917: -2
ADC validated value for same line: -2
ADC adjusted value for line 1918: -2
ADC validated value for same line: -2
ADC adjusted value for line 1919: -1
ADC validated value for same line: -1
ADC adjusted value for line 1920: 61
ADC validated value for same line: 61
ADC adjusted value for line 1921: 80
ADC validated value for same line: 80
ADC adjusted value for line 1922: 100
ADC validated value for same line: 100
ADC adjusted value for line 1923: 120
ADC validated value for same line: 120
ADC adjusted value for line 1924: 139
ADC validated value for same line: 139
ADC adjusted value for line 1925: 155
ADC validated value for same line: 155
ADC adjusted value for line 1926: 165
ADC validated value for same line: 165
ADC adjusted value for line 1927: 169
ADC validated value for same line: 169
ADC adjusted value for line 1928: 167
ADC validated value for same line: 167
ADC adjusted value for line 1929: 157
ADC validated value for same line: 157
ADC adjusted value for line 1930: 143
ADC validated value for same line: 143
ADC adjusted value for line 1931: 124
ADC validated value for same line: 124
ADC adjusted value for line 1932: 104
ADC validated value for same line: 104
ADC adjusted value for line 1933: 84
ADC validated value for same line: 84
ADC adjusted value for line 1934: 65
ADC validated value for same line: 65
ADC adjusted value for line 1935: 48
ADC validated value for same line: 48
ADC adjusted value for line 1936: 34
ADC validated value for same line: 34
ADC adjusted value for line 1937: 23
ADC validated value for same line: 23
ADC adjusted value for line 1938: 14
ADC validated value for same line: 14
ADC adjusted value for line 1939: 8
ADC validated value for same line: 8
ADC adjusted value for line 1940: 4
ADC validated value for same line: 4
ADC adjusted value for line 1941: 1
ADC validated value for same line: 1
ADC adjusted value for line 1942: 0
ADC validated value for same line: 0
ADC adjusted value for line 1943: -1
ADC validated value for same line: -1
ADC adjusted value for line 1944: -2
ADC validated value for same line: -2
ADC adjusted value for line 1945: -2
ADC validated value for same line: -2
ADC adjusted value for line 1946: -2
ADC validated value for same line: -2
ADC adjusted value for line 1947: -2
ADC validated value for same line: -2
ADC adjusted value for line 1948: -2
ADC validated value for same line: -2
ADC adjusted value for line 1949: -2
ADC validated value for same line: -2
ADC adjusted value for line 1950: -2
ADC validated value for same line: -2
ADC adjusted value for line 1951: -2
ADC validated value for same line: -2
ADC adjusted value for line 1952: -2
ADC validated value for same line: -2
ADC adjusted value for line 1953: -2
ADC validated value for same line: -2
ADC adjusted value for line 1954: -1
ADC validated value for same line: -1
ADC adjusted value for line 1955: -1
ADC validated value for same line: -1
ADC adjusted value for line 1956: -1
ADC validated value for same line: -1
ADC adjusted value for line 1957: -1
ADC validated value for same line: -1
ADC adjusted value for line 1958: -1
ADC validated value for same line: -1
ADC adjusted value for line 1959: -1
ADC validated value for same line: -1
ADC adjusted value for line 1960: -1
ADC validated value for same line: -1
ADC adjusted value for line 1961: -1
ADC validated value for same line: -1
ADC adjusted value for line 1962: -1
ADC validated value for same line: -1
ADC adjusted value for line 1963: -1
ADC validated value for same line: -1
ADC adjusted value for line 1964: 0
ADC validated value for same line: 0
ADC adjusted value for line 1965: 0
ADC validated value for same line: 0
ADC adjusted value for line 1966: 0
ADC validated value for same line: 0
ADC adjusted value for line 1967: 0
ADC validated value for same line: 0
ADC adjusted value for line 1968: 0
ADC validated value for same line: 0
ADC adjusted value for line 1969: 0
ADC validated value for same line: 0
ADC adjusted value for line 1970: 0
ADC validated value for same line: 0
ADC adjusted value for line 1971: 0
ADC validated value for same line: 0
ADC adjusted value for line 1972: 0
ADC validated value for same line: 0
ADC adjusted value for line 1973: 0
ADC validated value for same line: 0
ADC adjusted value for line 1974: 0
ADC validated value for same line: 0
ADC adjusted value for line 1975: 0
ADC validated value for same line: 0
ADC adjusted value for line 1976: 0
ADC validated value for same line: 0
ADC adjusted value for line 1977: 0
ADC validated value for same line: 0
ADC adjusted value for line 1978: 0
ADC validated value for same line: 0
ADC adjusted value for line 1979: 0
ADC validated value for same line: 0
ADC adjusted value for line 1980: 0
ADC validated value for same line: 0
ADC adjusted value for line 1981: 0
ADC validated value for same line: 0
ADC adjusted value for line 1982: 0
ADC validated value for same line: 0
ADC adjusted value for line 1983: 0
ADC validated value for same line: 0
ADC adjusted value for line 1984: 0
ADC validated value for same line: 0
ADC adjusted value for line 1985: 0
ADC validated value for same line: 0
ADC adjusted value for line 1986: 0
ADC validated value for same line: 0
ADC adjusted value for line 1987: 0
ADC validated value for same line: 0
ADC adjusted value for line 1988: 0
ADC validated value for same line: 0
ADC adjusted value for line 1989: 0
ADC validated value for same line: 0
ADC adjusted value for line 1990: 0
ADC validated value for same line: 0
ADC adjusted value for line 1991: 0
ADC validated value for same line: 0
ADC adjusted value for line 1992: 0
ADC validated value for same line: 0
ADC adjusted value for line 1993: 0
ADC validated value for same line: 0
ADC adjusted value for line 1994: 0
ADC validated value for same line: 0
ADC adjusted value for line 1995: 0
ADC validated value for same line: 0
ADC adjusted value for line 1996: 0
ADC validated value for same line: 0
ADC adjusted value for line 1997: 0
ADC validated value for same line: 0
ADC adjusted value for line 1998: 0
ADC validated value for same line: 0
ADC adjusted value for line 1999: 0
ADC validated value for same line: 0
ADC adjusted value for line 2000: 0
ADC validated value for same line: 0
ADC adjusted value for line 2001: 1
ADC validated value for same line: 1
ADC adjusted value for line 2002: 2
ADC validated value for same line: 2
ADC adjusted value for line 2003: 4
ADC validated value for same line: 4
ADC adjusted value for line 2004: 7
ADC validated value for same line: 7
ADC adjusted value for line 2005: 12
ADC validated value for same line: 12
ADC adjusted value for line 2006: 19
ADC validated value for same line: 19
ADC adjusted value for line 2007: 29
ADC validated value for same line: 29
ADC adjusted value for line 2008: 41
ADC validated value for same line: 41
ADC adjusted value for line 2009: 57
ADC validated value for same line: 57
ADC adjusted value for line 2010: 75
ADC validated value for same line: 75
ADC adjusted value for line 2011: 95
ADC validated value for same line: 95
ADC adjusted value for line 2012: 116
ADC validated value for same line: 116
ADC adjusted value for line 2013: 136
ADC validated value for same line: 136
ADC adjusted value for line 2014: 153
ADC validated value for same line: 153
ADC adjusted value for line 2015: 166
ADC validated value for same line: 166
ADC adjusted value for line 2016: 172
ADC validated value for same line: 172
ADC adjusted value for line 2017: 171
ADC validated value for same line: 171
ADC adjusted value for line 2018: 164
ADC validated value for same line: 164
ADC adjusted value for line 2019: 151
ADC validated value for same line: 151
ADC adjusted value for line 2020: 132
ADC validated value for same line: 132
ADC adjusted value for line 2021: 112
ADC validated value for same line: 112
ADC adjusted value for line 2022: 91
ADC validated value for same line: 91
ADC adjusted value for line 2023: 71
ADC validated value for same line: 71
ADC adjusted value for line 2024: 53
ADC validated value for same line: 53
ADC adjusted value for line 2025: 38
ADC validated value for same line: 38
ADC adjusted value for line 2026: 25
ADC validated value for same line: 25
ADC adjusted value for line 2027: 16
ADC validated value for same line: 16
ADC adjusted value for line 2028: 9
ADC validated value for same line: 9
ADC adjusted value for line 2029: 5
ADC validated value for same line: 5
ADC adjusted value for line 2030: 1
ADC validated value for same line: 1
ADC adjusted value for line 2031: -1
ADC validated value for same line: -1
ADC adjusted value for line 2032: -2
ADC validated value for same line: -2
ADC adjusted value for line 2033: -3
ADC validated value for same line: -3
ADC adjusted value for line 2034: -3
ADC validated value for same line: -3
ADC adjusted value for line 2035: -3
ADC validated value for same line: -3
ADC adjusted value for line 2036: -3
ADC validated value for same line: -3
ADC adjusted value for line 2037: -3
ADC validated value for same line: -3
ADC adjusted value for line 2038: -3
ADC validated value for same line: -3
ADC adjusted value for line 2039: -3
ADC validated value for same line: -3
ADC adjusted value for line 2040: -2
ADC validated value for same line: -2
ADC adjusted value for line 2041: -2
ADC validated value for same line: -2
ADC adjusted value for line 2042: -2
ADC validated value for same line: -2
ADC adjusted value for line 2043: -2
ADC validated value for same line: -2
ADC adjusted value for line 2044: -2
ADC validated value for same line: -2
ADC adjusted value for line 2045: -2
ADC validated value for same line: -2
ADC adjusted value for line 2046: -2
ADC validated value for same line: -2
ADC adjusted value for line 2047: -2
ADC validated value for same line: -2
ADC adjusted value for line 2048: 0
ADC validated value for same line: 0
ADC adjusted value for line 2049: 0
ADC validated value for same line: 0
ADC adjusted value for line 2050: 0
ADC validated value for same line: 0
ADC adjusted value for line 2051: 0
ADC validated value for same line: 0
ADC adjusted value for line 2052: 0
ADC validated value for same line: 0
ADC adjusted value for line 2053: 0
ADC validated value for same line: 0
ADC adjusted value for line 2054: 0
ADC validated value for same line: 0
ADC adjusted value for line 2055: 0
ADC validated value for same line: 0
ADC adjusted value for line 2056: 0
ADC validated value for same line: 0
ADC adjusted value for line 2057: 0
ADC validated value for same line: 0
ADC adjusted value for line 2058: 0
ADC validated value for same line: 0
ADC adjusted value for line 2059: 0
ADC validated value for same line: 0
ADC adjusted value for line 2060: 0
ADC validated value for same line: 0
ADC adjusted value for line 2061: 0
ADC validated value for same line: 0
ADC adjusted value for line 2062: 0
ADC validated value for same line: 0
ADC adjusted value for line 2063: 0
ADC validated value for same line: 0
ADC adjusted value for line 2064: 0
ADC validated value for same line: 0
ADC adjusted value for line 2065: 0
ADC validated value for same line: 0
ADC adjusted value for line 2066: 0
ADC validated value for same line: 0
ADC adjusted value for line 2067: 0
ADC validated value for same line: 0
ADC adjusted value for line 2068: 0
ADC validated value for same line: 0
ADC adjusted value for line 2069: 1
ADC validated value for same line: 1
ADC adjusted value for line 2070: 2
ADC validated value for same line: 2
ADC adjusted value for line 2071: 4
ADC validated value for same line: 4
ADC adjusted value for line 2072: 7
ADC validated value for same line: 7
ADC adjusted value for line 2073: 12
ADC validated value for same line: 12
ADC adjusted value for line 2074: 19
ADC validated value for same line: 19
ADC adjusted value for line 2075: 29
ADC validated value for same line: 29
ADC adjusted value for line 2076: 41
ADC validated value for same line: 41
ADC adjusted value for line 2077: 57
ADC validated value for same line: 57
ADC adjusted value for line 2078: 75
ADC validated value for same line: 75
ADC adjusted value for line 2079: 95
ADC validated value for same line: 95
ADC adjusted value for line 2080: 117
ADC validated value for same line: 117
ADC adjusted value for line 2081: 138
ADC validated value for same line: 138
ADC adjusted value for line 2082: 155
ADC validated value for same line: 155
ADC adjusted value for line 2083: 169
ADC validated value for same line: 169
ADC adjusted value for line 2084: 176
ADC validated value for same line: 176
ADC adjusted value for line 2085: 176
ADC validated value for same line: 176
ADC adjusted value for line 2086: 169
ADC validated value for same line: 169
ADC adjusted value for line 2087: 156
ADC validated value for same line: 156
ADC adjusted value for line 2088: 137
ADC validated value for same line: 137
ADC adjusted value for line 2089: 117
ADC validated value for same line: 117
ADC adjusted value for line 2090: 95
ADC validated value for same line: 95
ADC adjusted value for line 2091: 74
ADC validated value for same line: 74
ADC adjusted value for line 2092: 56
ADC validated value for same line: 56
ADC adjusted value for line 2093: 40
ADC validated value for same line: 40
ADC adjusted value for line 2094: 27
ADC validated value for same line: 27
ADC adjusted value for line 2095: 17
ADC validated value for same line: 17
ADC adjusted value for line 2096: 10
ADC validated value for same line: 10
ADC adjusted value for line 2097: 5
ADC validated value for same line: 5
ADC adjusted value for line 2098: 1
ADC validated value for same line: 1
ADC adjusted value for line 2099: -1
ADC validated value for same line: -1
ADC adjusted value for line 2100: -2
ADC validated value for same line: -2
ADC adjusted value for line 2101: -3
ADC validated value for same line: -3
ADC adjusted value for line 2102: -3
ADC validated value for same line: -3
ADC adjusted value for line 2103: -3
ADC validated value for same line: -3
ADC adjusted value for line 2104: -3
ADC validated value for same line: -3
ADC adjusted value for line 2105: -3
ADC validated value for same line: -3
ADC adjusted value for line 2106: -3
ADC validated value for same line: -3
ADC adjusted value for line 2107: -3
ADC validated value for same line: -3
ADC adjusted value for line 2108: -2
ADC validated value for same line: -2
ADC adjusted value for line 2109: -2
ADC validated value for same line: -2
ADC adjusted value for line 2110: -2
ADC validated value for same line: -2
ADC adjusted value for line 2111: -2
ADC validated value for same line: -2
ADC adjusted value for line 2112: 0
ADC validated value for same line: 0
ADC adjusted value for line 2113: 0
ADC validated value for same line: 0
ADC adjusted value for line 2114: 0
ADC validated value for same line: 0
ADC adjusted value for line 2115: 0
ADC validated value for same line: 0
ADC adjusted value for line 2116: 0
ADC validated value for same line: 0
ADC adjusted value for line 2117: 0
ADC validated value for same line: 0
ADC adjusted value for line 2118: 0
ADC validated value for same line: 0
ADC adjusted value for line 2119: 0
ADC validated value for same line: 0
ADC adjusted value for line 2120: 0
ADC validated value for same line: 0
ADC adjusted value for line 2121: 0
ADC validated value for same line: 0
ADC adjusted value for line 2122: 0
ADC validated value for same line: 0
ADC adjusted value for line 2123: 1
ADC validated value for same line: 1
ADC adjusted value for line 2124: 2
ADC validated value for same line: 2
ADC adjusted value for line 2125: 3
ADC validated value for same line: 3
ADC adjusted value for line 2126: 6
ADC validated value for same line: 6
ADC adjusted value for line 2127: 10
ADC validated value for same line: 10
ADC adjusted value for line 2128: 17
ADC validated value for same line: 17
ADC adjusted value for line 2129: 26
ADC validated value for same line: 26
ADC adjusted value for line 2130: 38
ADC validated value for same line: 38
ADC adjusted value for line 2131: 53
ADC validated value for same line: 53
ADC adjusted value for line 2132: 70
ADC validated value for same line: 70
ADC adjusted value for line 2133: 90
ADC validated value for same line: 90
ADC adjusted value for line 2134: 112
ADC validated value for same line: 112
ADC adjusted value for line 2135: 134
ADC validated value for same line: 134
ADC adjusted value for line 2136: 153
ADC validated value for same line: 153
ADC adjusted value for line 2137: 168
ADC validated value for same line: 168
ADC adjusted value for line 2138: 178
ADC validated value for same line: 178
ADC adjusted value for line 2139: 180
ADC validated value for same line: 180
ADC adjusted value for line 2140: 176
ADC validated value for same line: 176
ADC adjusted value for line 2141: 164
ADC validated value for same line: 164
ADC adjusted value for line 2142: 147
ADC validated value for same line: 147
ADC adjusted value for line 2143: 126
ADC validated value for same line: 126
ADC adjusted value for line 2144: 105
ADC validated value for same line: 105
ADC adjusted value for line 2145: 83
ADC validated value for same line: 83
ADC adjusted value for line 2146: 63
ADC validated value for same line: 63
ADC adjusted value for line 2147: 46
ADC validated value for same line: 46
ADC adjusted value for line 2148: 32
ADC validated value for same line: 32
ADC adjusted value for line 2149: 21
ADC validated value for same line: 21
ADC adjusted value for line 2150: 13
ADC validated value for same line: 13
ADC adjusted value for line 2151: 7
ADC validated value for same line: 7
ADC adjusted value for line 2152: 2
ADC validated value for same line: 2
ADC adjusted value for line 2153: 0
ADC validated value for same line: 0
ADC adjusted value for line 2154: -2
ADC validated value for same line: -2
ADC adjusted value for line 2155: -3
ADC validated value for same line: -3
ADC adjusted value for line 2156: -3
ADC validated value for same line: -3
ADC adjusted value for line 2157: -3
ADC validated value for same line: -3
ADC adjusted value for line 2158: -3
ADC validated value for same line: -3
ADC adjusted value for line 2159: -3
ADC validated value for same line: -3
ADC adjusted value for line 2160: -3
ADC validated value for same line: -3
ADC adjusted value for line 2161: -3
ADC validated value for same line: -3
ADC adjusted value for line 2162: -3
ADC validated value for same line: -3
ADC adjusted value for line 2163: -2
ADC validated value for same line: -2
ADC adjusted value for line 2164: -2
ADC validated value for same line: -2
ADC adjusted value for line 2165: -2
ADC validated value for same line: -2
ADC adjusted value for line 2166: -2
ADC validated value for same line: -2
ADC adjusted value for line 2167: -2
ADC validated value for same line: -2
ADC adjusted value for line 2168: -2
ADC validated value for same line: -2
ADC adjusted value for line 2169: -2
ADC validated value for same line: -2
ADC adjusted value for line 2170: -2
ADC validated value for same line: -2
ADC adjusted value for line 2171: -2
ADC validated value for same line: -2
ADC adjusted value for line 2172: -2
ADC validated value for same line: -2
ADC adjusted value for line 2173: -1
ADC validated value for same line: -1
ADC adjusted value for line 2174: -1
ADC validated value for same line: -1
ADC adjusted value for line 2175: -1
ADC validated value for same line: -1
ADC adjusted value for line 2176: 0
ADC validated value for same line: 0
ADC adjusted value for line 2177: 0
ADC validated value for same line: 0
ADC adjusted value for line 2178: 0
ADC validated value for same line: 0
ADC adjusted value for line 2179: 0
ADC validated value for same line: 0
ADC adjusted value for line 2180: 0
ADC validated value for same line: 0
ADC adjusted value for line 2181: 0
ADC validated value for same line: 0
ADC adjusted value for line 2182: 0
ADC validated value for same line: 0
ADC adjusted value for line 2183: 0
ADC validated value for same line: 0
ADC adjusted value for line 2184: 0
ADC validated value for same line: 0
ADC adjusted value for line 2185: 0
ADC validated value for same line: 0
ADC adjusted value for line 2186: 0
ADC validated value for same line: 0
ADC adjusted value for line 2187: 0
ADC validated value for same line: 0
ADC adjusted value for line 2188: 0
ADC validated value for same line: 0
ADC adjusted value for line 2189: 0
ADC validated value for same line: 0
ADC adjusted value for line 2190: 0
ADC validated value for same line: 0
ADC adjusted value for line 2191: 0
ADC validated value for same line: 0
ADC adjusted value for line 2192: 0
ADC validated value for same line: 0
ADC adjusted value for line 2193: 0
ADC validated value for same line: 0
ADC adjusted value for line 2194: 0
ADC validated value for same line: 0
ADC adjusted value for line 2195: 0
ADC validated value for same line: 0
ADC adjusted value for line 2196: 0
ADC validated value for same line: 0
ADC adjusted value for line 2197: 0
ADC validated value for same line: 0
ADC adjusted value for line 2198: 0
ADC validated value for same line: 0
ADC adjusted value for line 2199: 0
ADC validated value for same line: 0
ADC adjusted value for line 2200: 0
ADC validated value for same line: 0
ADC adjusted value for line 2201: 0
ADC validated value for same line: 0
ADC adjusted value for line 2202: 0
ADC validated value for same line: 0
ADC adjusted value for line 2203: 0
ADC validated value for same line: 0
ADC adjusted value for line 2204: 0
ADC validated value for same line: 0
ADC adjusted value for line 2205: 0
ADC validated value for same line: 0
ADC adjusted value for line 2206: 0
ADC validated value for same line: 0
ADC adjusted value for line 2207: 0
ADC validated value for same line: 0
ADC adjusted value for line 2208: 0
ADC validated value for same line: 0
ADC adjusted value for line 2209: 0
ADC validated value for same line: 0
ADC adjusted value for line 2210: 0
ADC validated value for same line: 0
ADC adjusted value for line 2211: 0
ADC validated value for same line: 0
ADC adjusted value for line 2212: 0
ADC validated value for same line: 0
ADC adjusted value for line 2213: 0
ADC validated value for same line: 0
ADC adjusted value for line 2214: 0
ADC validated value for same line: 0
ADC adjusted value for line 2215: 0
ADC validated value for same line: 0
ADC adjusted value for line 2216: 0
ADC validated value for same line: 0
ADC adjusted value for line 2217: 0
ADC validated value for same line: 0
ADC adjusted value for line 2218: 0
ADC validated value for same line: 0
ADC adjusted value for line 2219: 0
ADC validated value for same line: 0
ADC adjusted value for line 2220: 0
ADC validated value for same line: 0
ADC adjusted value for line 2221: 1
ADC validated value for same line: 1
ADC adjusted value for line 2222: 2
ADC validated value for same line: 2
ADC adjusted value for line 2223: 5
ADC validated value for same line: 5
ADC adjusted value for line 2224: 8
ADC validated value for same line: 8
ADC adjusted value for line 2225: 13
ADC validated value for same line: 13
ADC adjusted value for line 2226: 21
ADC validated value for same line: 21
ADC adjusted value for line 2227: 31
ADC validated value for same line: 31
ADC adjusted value for line 2228: 45
ADC validated value for same line: 45
ADC adjusted value for line 2229: 62
ADC validated value for same line: 62
ADC adjusted value for line 2230: 80
ADC validated value for same line: 80
ADC adjusted value for line 2231: 102
ADC validated value for same line: 102
ADC adjusted value for line 2232: 125
ADC validated value for same line: 125
ADC adjusted value for line 2233: 146
ADC validated value for same line: 146
ADC adjusted value for line 2234: 164
ADC validated value for same line: 164
ADC adjusted value for line 2235: 177
ADC validated value for same line: 177
ADC adjusted value for line 2236: 184
ADC validated value for same line: 184
ADC adjusted value for line 2237: 183
ADC validated value for same line: 183
ADC adjusted value for line 2238: 175
ADC validated value for same line: 175
ADC adjusted value for line 2239: 161
ADC validated value for same line: 161
ADC adjusted value for line 2240: 0
ADC validated value for same line: 0
ADC adjusted value for line 2241: 0
ADC validated value for same line: 0
ADC adjusted value for line 2242: 0
ADC validated value for same line: 0
ADC adjusted value for line 2243: 0
ADC validated value for same line: 0
ADC adjusted value for line 2244: 0
ADC validated value for same line: 0
ADC adjusted value for line 2245: 0
ADC validated value for same line: 0
ADC adjusted value for line 2246: 0
ADC validated value for same line: 0
ADC adjusted value for line 2247: 0
ADC validated value for same line: 0
ADC adjusted value for line 2248: 0
ADC validated value for same line: 0
ADC adjusted value for line 2249: 0
ADC validated value for same line: 0
ADC adjusted value for line 2250: 0
ADC validated value for same line: 0
ADC adjusted value for line 2251: 0
ADC validated value for same line: 0
ADC adjusted value for line 2252: 0
ADC validated value for same line: 0
ADC adjusted value for line 2253: 0
ADC validated value for same line: 0
ADC adjusted value for line 2254: 0
ADC validated value for same line: 0
ADC adjusted value for line 2255: 0
ADC validated value for same line: 0
ADC adjusted value for line 2256: 0
ADC validated value for same line: 0
ADC adjusted value for line 2257: 0
ADC validated value for same line: 0
ADC adjusted value for line 2258: 0
ADC validated value for same line: 0
ADC adjusted value for line 2259: 0
ADC validated value for same line: 0
ADC adjusted value for line 2260: 0
ADC validated value for same line: 0
ADC adjusted value for line 2261: 0
ADC validated value for same line: 0
ADC adjusted value for line 2262: 0
ADC validated value for same line: 0
ADC adjusted value for line 2263: 0
ADC validated value for same line: 0
ADC adjusted value for line 2264: 0
ADC validated value for same line: 0
ADC adjusted value for line 2265: 0
ADC validated value for same line: 0
ADC adjusted value for line 2266: 0
ADC validated value for same line: 0
ADC adjusted value for line 2267: 0
ADC validated value for same line: 0
ADC adjusted value for line 2268: 0
ADC validated value for same line: 0
ADC adjusted value for line 2269: 0
ADC validated value for same line: 0
ADC adjusted value for line 2270: 0
ADC validated value for same line: 0
ADC adjusted value for line 2271: 0
ADC validated value for same line: 0
ADC adjusted value for line 2272: 0
ADC validated value for same line: 0
ADC adjusted value for line 2273: 0
ADC validated value for same line: 0
ADC adjusted value for line 2274: 0
ADC validated value for same line: 0
ADC adjusted value for line 2275: 0
ADC validated value for same line: 0
ADC adjusted value for line 2276: 0
ADC validated value for same line: 0
ADC adjusted value for line 2277: 0
ADC validated value for same line: 0
ADC adjusted value for line 2278: 0
ADC validated value for same line: 0
ADC adjusted value for line 2279: 0
ADC validated value for same line: 0
ADC adjusted value for line 2280: 0
ADC validated value for same line: 0
ADC adjusted value for line 2281: 0
ADC validated value for same line: 0
ADC adjusted value for line 2282: 0
ADC validated value for same line: 0
ADC adjusted value for line 2283: 1
ADC validated value for same line: 1
ADC adjusted value for line 2284: 2
ADC validated value for same line: 2
ADC adjusted value for line 2285: 4
ADC validated value for same line: 4
ADC adjusted value for line 2286: 7
ADC validated value for same line: 7
ADC adjusted value for line 2287: 12
ADC validated value for same line: 12
ADC adjusted value for line 2288: 19
ADC validated value for same line: 19
ADC adjusted value for line 2289: 28
ADC validated value for same line: 28
ADC adjusted value for line 2290: 41
ADC validated value for same line: 41
ADC adjusted value for line 2291: 57
ADC validated value for same line: 57
ADC adjusted value for line 2292: 76
ADC validated value for same line: 76
ADC adjusted value for line 2293: 97
ADC validated value for same line: 97
ADC adjusted value for line 2294: 120
ADC validated value for same line: 120
ADC adjusted value for line 2295: 143
ADC validated value for same line: 143
ADC adjusted value for line 2296: 162
ADC validated value for same line: 162
ADC adjusted value for line 2297: 178
ADC validated value for same line: 178
ADC adjusted value for line 2298: 187
ADC validated value for same line: 187
ADC adjusted value for line 2299: 188
ADC validated value for same line: 188
ADC adjusted value for line 2300: 182
ADC validated value for same line: 182
ADC adjusted value for line 2301: 170
ADC validated value for same line: 170
ADC adjusted value for line 2302: 151
ADC validated value for same line: 151
ADC adjusted value for line 2303: 129
ADC validated value for same line: 129
ADC adjusted value for line 2304: 0
ADC validated value for same line: 0
ADC adjusted value for line 2305: 0
ADC validated value for same line: 0
ADC adjusted value for line 2306: 1
ADC validated value for same line: 1
ADC adjusted value for line 2307: 2
ADC validated value for same line: 2
ADC adjusted value for line 2308: 3
ADC validated value for same line: 3
ADC adjusted value for line 2309: 6
ADC validated value for same line: 6
ADC adjusted value for line 2310: 10
ADC validated value for same line: 10
ADC adjusted value for line 2311: 16
ADC validated value for same line: 16
ADC adjusted value for line 2312: 25
ADC validated value for same line: 25
ADC adjusted value for line 2313: 36
ADC validated value for same line: 36
ADC adjusted value for line 2314: 51
ADC validated value for same line: 51
ADC adjusted value for line 2315: 69
ADC validated value for same line: 69
ADC adjusted value for line 2316: 90
ADC validated value for same line: 90
ADC adjusted value for line 2317: 113
ADC validated value for same line: 113
ADC adjusted value for line 2318: 137
ADC validated value for same line: 137
ADC adjusted value for line 2319: 158
ADC validated value for same line: 158
ADC adjusted value for line 2320: 176
ADC validated value for same line: 176
ADC adjusted value for line 2321: 188
ADC validated value for same line: 188
ADC adjusted value for line 2322: 192
ADC validated value for same line: 192
ADC adjusted value for line 2323: 189
ADC validated value for same line: 189
ADC adjusted value for line 2324: 179
ADC validated value for same line: 179
ADC adjusted value for line 2325: 162
ADC validated value for same line: 162
ADC adjusted value for line 2326: 141
ADC validated value for same line: 141
ADC adjusted value for line 2327: 118
ADC validated value for same line: 118
ADC adjusted value for line 2328: 95
ADC validated value for same line: 95
ADC adjusted value for line 2329: 73
ADC validated value for same line: 73
ADC adjusted value for line 2330: 53
ADC validated value for same line: 53
ADC adjusted value for line 2331: 38
ADC validated value for same line: 38
ADC adjusted value for line 2332: 25
ADC validated value for same line: 25
ADC adjusted value for line 2333: 16
ADC validated value for same line: 16
ADC adjusted value for line 2334: 9
ADC validated value for same line: 9
ADC adjusted value for line 2335: 4
ADC validated value for same line: 4
ADC adjusted value for line 2336: 1
ADC validated value for same line: 1
ADC adjusted value for line 2337: -1
ADC validated value for same line: -1
ADC adjusted value for line 2338: -2
ADC validated value for same line: -2
ADC adjusted value for line 2339: -3
ADC validated value for same line: -3
ADC adjusted value for line 2340: -3
ADC validated value for same line: -3
ADC adjusted value for line 2341: -3
ADC validated value for same line: -3
ADC adjusted value for line 2342: -3
ADC validated value for same line: -3
ADC adjusted value for line 2343: -3
ADC validated value for same line: -3
ADC adjusted value for line 2344: -3
ADC validated value for same line: -3
ADC adjusted value for line 2345: -3
ADC validated value for same line: -3
ADC adjusted value for line 2346: -3
ADC validated value for same line: -3
ADC adjusted value for line 2347: -2
ADC validated value for same line: -2
ADC adjusted value for line 2348: -2
ADC validated value for same line: -2
ADC adjusted value for line 2349: -2
ADC validated value for same line: -2
ADC adjusted value for line 2350: -2
ADC validated value for same line: -2
ADC adjusted value for line 2351: -2
ADC validated value for same line: -2
ADC adjusted value for line 2352: -2
ADC validated value for same line: -2
ADC adjusted value for line 2353: -2
ADC validated value for same line: -2
ADC adjusted value for line 2354: -2
ADC validated value for same line: -2
ADC adjusted value for line 2355: -2
ADC validated value for same line: -2
ADC adjusted value for line 2356: -2
ADC validated value for same line: -2
ADC adjusted value for line 2357: -1
ADC validated value for same line: -1
ADC adjusted value for line 2358: -1
ADC validated value for same line: -1
ADC adjusted value for line 2359: -1
ADC validated value for same line: -1
ADC adjusted value for line 2360: -1
ADC validated value for same line: -1
ADC adjusted value for line 2361: -1
ADC validated value for same line: -1
ADC adjusted value for line 2362: -1
ADC validated value for same line: -1
ADC adjusted value for line 2363: -1
ADC validated value for same line: -1
ADC adjusted value for line 2364: -1
ADC validated value for same line: -1
ADC adjusted value for line 2365: -1
ADC validated value for same line: -1
ADC adjusted value for line 2366: -1
ADC validated value for same line: -1
ADC adjusted value for line 2367: 0
ADC validated value for same line: 0
ADC adjusted value for line 2368: 0
ADC validated value for same line: 0
ADC adjusted value for line 2369: 0
ADC validated value for same line: 0
ADC adjusted value for line 2370: 0
ADC validated value for same line: 0
ADC adjusted value for line 2371: 0
ADC validated value for same line: 0
ADC adjusted value for line 2372: 0
ADC validated value for same line: 0
ADC adjusted value for line 2373: 0
ADC validated value for same line: 0
ADC adjusted value for line 2374: 0
ADC validated value for same line: 0
ADC adjusted value for line 2375: 0
ADC validated value for same line: 0
ADC adjusted value for line 2376: 0
ADC validated value for same line: 0
ADC adjusted value for line 2377: 0
ADC validated value for same line: 0
ADC adjusted value for line 2378: 0
ADC validated value for same line: 0
ADC adjusted value for line 2379: 0
ADC validated value for same line: 0
ADC adjusted value for line 2380: 0
ADC validated value for same line: 0
ADC adjusted value for line 2381: 0
ADC validated value for same line: 0
ADC adjusted value for line 2382: 0
ADC validated value for same line: 0
ADC adjusted value for line 2383: 0
ADC validated value for same line: 0
ADC adjusted value for line 2384: 0
ADC validated value for same line: 0
ADC adjusted value for line 2385: 0
ADC validated value for same line: 0
ADC adjusted value for line 2386: 0
ADC validated value for same line: 0
ADC adjusted value for line 2387: 0
ADC validated value for same line: 0
ADC adjusted value for line 2388: 0
ADC validated value for same line: 0
ADC adjusted value for line 2389: 0
ADC validated value for same line: 0
ADC adjusted value for line 2390: 0
ADC validated value for same line: 0
ADC adjusted value for line 2391: 0
ADC validated value for same line: 0
ADC adjusted value for line 2392: 0
ADC validated value for same line: 0
ADC adjusted value for line 2393: 0
ADC validated value for same line: 0
ADC adjusted value for line 2394: 0
ADC validated value for same line: 0
ADC adjusted value for line 2395: 0
ADC validated value for same line: 0
ADC adjusted value for line 2396: 0
ADC validated value for same line: 0
ADC adjusted value for line 2397: 0
ADC validated value for same line: 0
ADC adjusted value for line 2398: 0
ADC validated value for same line: 0
ADC adjusted value for line 2399: 0
ADC validated value for same line: 0
ADC adjusted value for line 2400: 0
ADC validated value for same line: 0
ADC adjusted value for line 2401: 0
ADC validated value for same line: 0
ADC adjusted value for line 2402: 0
ADC validated value for same line: 0
ADC adjusted value for line 2403: 0
ADC validated value for same line: 0
ADC adjusted value for line 2404: 0
ADC validated value for same line: 0
ADC adjusted value for line 2405: 0
ADC validated value for same line: 0
ADC adjusted value for line 2406: 0
ADC validated value for same line: 0
ADC adjusted value for line 2407: 0
ADC validated value for same line: 0
ADC adjusted value for line 2408: 0
ADC validated value for same line: 0
ADC adjusted value for line 2409: 1
ADC validated value for same line: 1
ADC adjusted value for line 2410: 3
ADC validated value for same line: 3
ADC adjusted value for line 2411: 5
ADC validated value for same line: 5
ADC adjusted value for line 2412: 9
ADC validated value for same line: 9
ADC adjusted value for line 2413: 14
ADC validated value for same line: 14
ADC adjusted value for line 2414: 22
ADC validated value for same line: 22
ADC adjusted value for line 2415: 33
ADC validated value for same line: 33
ADC adjusted value for line 2416: 48
ADC validated value for same line: 48
ADC adjusted value for line 2417: 66
ADC validated value for same line: 66
ADC adjusted value for line 2418: 86
ADC validated value for same line: 86
ADC adjusted value for line 2419: 109
ADC validated value for same line: 109
ADC adjusted value for line 2420: 133
ADC validated value for same line: 133
ADC adjusted value for line 2421: 156
ADC validated value for same line: 156
ADC adjusted value for line 2422: 175
ADC validated value for same line: 175
ADC adjusted value for line 2423: 189
ADC validated value for same line: 189
ADC adjusted value for line 2424: 196
ADC validated value for same line: 196
ADC adjusted value for line 2425: 195
ADC validated value for same line: 195
ADC adjusted value for line 2426: 187
ADC validated value for same line: 187
ADC adjusted value for line 2427: 172
ADC validated value for same line: 172
ADC adjusted value for line 2428: 150
ADC validated value for same line: 150
ADC adjusted value for line 2429: 127
ADC validated value for same line: 127
ADC adjusted value for line 2430: 103
ADC validated value for same line: 103
ADC adjusted value for line 2431: 80
ADC validated value for same line: 80
ADC adjusted value for line 2432: 33
ADC validated value for same line: 33
ADC adjusted value for line 2433: 48
ADC validated value for same line: 48
ADC adjusted value for line 2434: 66
ADC validated value for same line: 66
ADC adjusted value for line 2435: 87
ADC validated value for same line: 87
ADC adjusted value for line 2436: 111
ADC validated value for same line: 111
ADC adjusted value for line 2437: 135
ADC validated value for same line: 135
ADC adjusted value for line 2438: 159
ADC validated value for same line: 159
ADC adjusted value for line 2439: 179
ADC validated value for same line: 179
ADC adjusted value for line 2440: 193
ADC validated value for same line: 193
ADC adjusted value for line 2441: 200
ADC validated value for same line: 200
ADC adjusted value for line 2442: 199
ADC validated value for same line: 199
ADC adjusted value for line 2443: 191
ADC validated value for same line: 191
ADC adjusted value for line 2444: 176
ADC validated value for same line: 176
ADC adjusted value for line 2445: 156
ADC validated value for same line: 156
ADC adjusted value for line 2446: 132
ADC validated value for same line: 132
ADC adjusted value for line 2447: 108
ADC validated value for same line: 108
ADC adjusted value for line 2448: 84
ADC validated value for same line: 84
ADC adjusted value for line 2449: 63
ADC validated value for same line: 63
ADC adjusted value for line 2450: 45
ADC validated value for same line: 45
ADC adjusted value for line 2451: 30
ADC validated value for same line: 30
ADC adjusted value for line 2452: 19
ADC validated value for same line: 19
ADC adjusted value for line 2453: 12
ADC validated value for same line: 12
ADC adjusted value for line 2454: 6
ADC validated value for same line: 6
ADC adjusted value for line 2455: 3
ADC validated value for same line: 3
ADC adjusted value for line 2456: 0
ADC validated value for same line: 0
ADC adjusted value for line 2457: -1
ADC validated value for same line: -1
ADC adjusted value for line 2458: -2
ADC validated value for same line: -2
ADC adjusted value for line 2459: -2
ADC validated value for same line: -2
ADC adjusted value for line 2460: -2
ADC validated value for same line: -2
ADC adjusted value for line 2461: -2
ADC validated value for same line: -2
ADC adjusted value for line 2462: -2
ADC validated value for same line: -2
ADC adjusted value for line 2463: -2
ADC validated value for same line: -2
ADC adjusted value for line 2464: -2
ADC validated value for same line: -2
ADC adjusted value for line 2465: -2
ADC validated value for same line: -2
ADC adjusted value for line 2466: -2
ADC validated value for same line: -2
ADC adjusted value for line 2467: -2
ADC validated value for same line: -2
ADC adjusted value for line 2468: -2
ADC validated value for same line: -2
ADC adjusted value for line 2469: -2
ADC validated value for same line: -2
ADC adjusted value for line 2470: -1
ADC validated value for same line: -1
ADC adjusted value for line 2471: -1
ADC validated value for same line: -1
ADC adjusted value for line 2472: -1
ADC validated value for same line: -1
ADC adjusted value for line 2473: -1
ADC validated value for same line: -1
ADC adjusted value for line 2474: -1
ADC validated value for same line: -1
ADC adjusted value for line 2475: -1
ADC validated value for same line: -1
ADC adjusted value for line 2476: -1
ADC validated value for same line: -1
ADC adjusted value for line 2477: -1
ADC validated value for same line: -1
ADC adjusted value for line 2478: -1
ADC validated value for same line: -1
ADC adjusted value for line 2479: -1
ADC validated value for same line: -1
ADC adjusted value for line 2480: 0
ADC validated value for same line: 0
ADC adjusted value for line 2481: 0
ADC validated value for same line: 0
ADC adjusted value for line 2482: 0
ADC validated value for same line: 0
ADC adjusted value for line 2483: 0
ADC validated value for same line: 0
ADC adjusted value for line 2484: 0
ADC validated value for same line: 0
ADC adjusted value for line 2485: 0
ADC validated value for same line: 0
ADC adjusted value for line 2486: 0
ADC validated value for same line: 0
ADC adjusted value for line 2487: 0
ADC validated value for same line: 0
ADC adjusted value for line 2488: 0
ADC validated value for same line: 0
ADC adjusted value for line 2489: 0
ADC validated value for same line: 0
ADC adjusted value for line 2490: 0
ADC validated value for same line: 0
ADC adjusted value for line 2491: 0
ADC validated value for same line: 0
ADC adjusted value for line 2492: 0
ADC validated value for same line: 0
ADC adjusted value for line 2493: 0
ADC validated value for same line: 0
ADC adjusted value for line 2494: 0
ADC validated value for same line: 0
ADC adjusted value for line 2495: 0
ADC validated value for same line: 0
ADC adjusted value for line 2496: 0
ADC validated value for same line: 0
ADC adjusted value for line 2497: 0
ADC validated value for same line: 0
ADC adjusted value for line 2498: 0
ADC validated value for same line: 0
ADC adjusted value for line 2499: 0
ADC validated value for same line: 0
ADC adjusted value for line 2500: 0
ADC validated value for same line: 0
ADC adjusted value for line 2501: 0
ADC validated value for same line: 0
ADC adjusted value for line 2502: 0
ADC validated value for same line: 0
ADC adjusted value for line 2503: 0
ADC validated value for same line: 0
ADC adjusted value for line 2504: 0
ADC validated value for same line: 0
ADC adjusted value for line 2505: 0
ADC validated value for same line: 0
ADC adjusted value for line 2506: 0
ADC validated value for same line: 0
ADC adjusted value for line 2507: 0
ADC validated value for same line: 0
ADC adjusted value for line 2508: 0
ADC validated value for same line: 0
ADC adjusted value for line 2509: 0
ADC validated value for same line: 0
ADC adjusted value for line 2510: 0
ADC validated value for same line: 0
ADC adjusted value for line 2511: 0
ADC validated value for same line: 0
ADC adjusted value for line 2512: 0
ADC validated value for same line: 0
ADC adjusted value for line 2513: 0
ADC validated value for same line: 0
ADC adjusted value for line 2514: 0
ADC validated value for same line: 0
ADC adjusted value for line 2515: 0
ADC validated value for same line: 0
ADC adjusted value for line 2516: 0
ADC validated value for same line: 0
ADC adjusted value for line 2517: 0
ADC validated value for same line: 0
ADC adjusted value for line 2518: 0
ADC validated value for same line: 0
ADC adjusted value for line 2519: 0
ADC validated value for same line: 0
ADC adjusted value for line 2520: 0
ADC validated value for same line: 0
ADC adjusted value for line 2521: 0
ADC validated value for same line: 0
ADC adjusted value for line 2522: 0
ADC validated value for same line: 0
ADC adjusted value for line 2523: 0
ADC validated value for same line: 0
ADC adjusted value for line 2524: 0
ADC validated value for same line: 0
ADC adjusted value for line 2525: 0
ADC validated value for same line: 0
ADC adjusted value for line 2526: 0
ADC validated value for same line: 0
ADC adjusted value for line 2527: 0
ADC validated value for same line: 0
ADC adjusted value for line 2528: 0
ADC validated value for same line: 0
ADC adjusted value for line 2529: 0
ADC validated value for same line: 0
ADC adjusted value for line 2530: 0
ADC validated value for same line: 0
ADC adjusted value for line 2531: 1
ADC validated value for same line: 1
ADC adjusted value for line 2532: 2
ADC validated value for same line: 2
ADC adjusted value for line 2533: 4
ADC validated value for same line: 4
ADC adjusted value for line 2534: 6
ADC validated value for same line: 6
ADC adjusted value for line 2535: 11
ADC validated value for same line: 11
ADC adjusted value for line 2536: 18
ADC validated value for same line: 18
ADC adjusted value for line 2537: 27
ADC validated value for same line: 27
ADC adjusted value for line 2538: 40
ADC validated value for same line: 40
ADC adjusted value for line 2539: 56
ADC validated value for same line: 56
ADC adjusted value for line 2540: 75
ADC validated value for same line: 75
ADC adjusted value for line 2541: 98
ADC validated value for same line: 98
ADC adjusted value for line 2542: 123
ADC validated value for same line: 123
ADC adjusted value for line 2543: 147
ADC validated value for same line: 147
ADC adjusted value for line 2544: 170
ADC validated value for same line: 170
ADC adjusted value for line 2545: 188
ADC validated value for same line: 188
ADC adjusted value for line 2546: 200
ADC validated value for same line: 200
ADC adjusted value for line 2547: 204
ADC validated value for same line: 204
ADC adjusted value for line 2548: 201
ADC validated value for same line: 201
ADC adjusted value for line 2549: 189
ADC validated value for same line: 189
ADC adjusted value for line 2550: 170
ADC validated value for same line: 170
ADC adjusted value for line 2551: 148
ADC validated value for same line: 148
ADC adjusted value for line 2552: 123
ADC validated value for same line: 123
ADC adjusted value for line 2553: 99
ADC validated value for same line: 99
ADC adjusted value for line 2554: 76
ADC validated value for same line: 76
ADC adjusted value for line 2555: 55
ADC validated value for same line: 55
ADC adjusted value for line 2556: 39
ADC validated value for same line: 39
ADC adjusted value for line 2557: 26
ADC validated value for same line: 26
ADC adjusted value for line 2558: 16
ADC validated value for same line: 16
ADC adjusted value for line 2559: 9
ADC validated value for same line: 9
ADC adjusted value for line 2560: 0
ADC validated value for same line: 0
ADC adjusted value for line 2561: 0
ADC validated value for same line: 0
ADC adjusted value for line 2562: 0
ADC validated value for same line: 0
ADC adjusted value for line 2563: 0
ADC validated value for same line: 0
ADC adjusted value for line 2564: 0
ADC validated value for same line: 0
ADC adjusted value for line 2565: 0
ADC validated value for same line: 0
ADC adjusted value for line 2566: 0
ADC validated value for same line: 0
ADC adjusted value for line 2567: 0
ADC validated value for same line: 0
ADC adjusted value for line 2568: 0
ADC validated value for same line: 0
ADC adjusted value for line 2569: 0
ADC validated value for same line: 0
ADC adjusted value for line 2570: 0
ADC validated value for same line: 0
ADC adjusted value for line 2571: 0
ADC validated value for same line: 0
ADC adjusted value for line 2572: 0
ADC validated value for same line: 0
ADC adjusted value for line 2573: 0
ADC validated value for same line: 0
ADC adjusted value for line 2574: 0
ADC validated value for same line: 0
ADC adjusted value for line 2575: 0
ADC validated value for same line: 0
ADC adjusted value for line 2576: 0
ADC validated value for same line: 0
ADC adjusted value for line 2577: 0
ADC validated value for same line: 0
ADC adjusted value for line 2578: 0
ADC validated value for same line: 0
ADC adjusted value for line 2579: 0
ADC validated value for same line: 0
ADC adjusted value for line 2580: 0
ADC validated value for same line: 0
ADC adjusted value for line 2581: 0
ADC validated value for same line: 0
ADC adjusted value for line 2582: 0
ADC validated value for same line: 0
ADC adjusted value for line 2583: 0
ADC validated value for same line: 0
ADC adjusted value for line 2584: 0
ADC validated value for same line: 0
ADC adjusted value for line 2585: 0
ADC validated value for same line: 0
ADC adjusted value for line 2586: 0
ADC validated value for same line: 0
ADC adjusted value for line 2587: 0
ADC validated value for same line: 0
ADC adjusted value for line 2588: 0
ADC validated value for same line: 0
ADC adjusted value for line 2589: 0
ADC validated value for same line: 0
ADC adjusted value for line 2590: 0
ADC validated value for same line: 0
ADC adjusted value for line 2591: 0
ADC validated value for same line: 0
ADC adjusted value for line 2592: 0
ADC validated value for same line: 0
ADC adjusted value for line 2593: 0
ADC validated value for same line: 0
ADC adjusted value for line 2594: 0
ADC validated value for same line: 0
ADC adjusted value for line 2595: 0
ADC validated value for same line: 0
ADC adjusted value for line 2596: 0
ADC validated value for same line: 0
ADC adjusted value for line 2597: 0
ADC validated value for same line: 0
ADC adjusted value for line 2598: 0
ADC validated value for same line: 0
ADC adjusted value for line 2599: 0
ADC validated value for same line: 0
ADC adjusted value for line 2600: 0
ADC validated value for same line: 0
ADC adjusted value for line 2601: 0
ADC validated value for same line: 0
ADC adjusted value for line 2602: 0
ADC validated value for same line: 0
ADC adjusted value for line 2603: 0
ADC validated value for same line: 0
ADC adjusted value for line 2604: 1
ADC validated value for same line: 1
ADC adjusted value for line 2605: 2
ADC validated value for same line: 2
ADC adjusted value for line 2606: 3
ADC validated value for same line: 3
ADC adjusted value for line 2607: 6
ADC validated value for same line: 6
ADC adjusted value for line 2608: 10
ADC validated value for same line: 10
ADC adjusted value for line 2609: 17
ADC validated value for same line: 17
ADC adjusted value for line 2610: 26
ADC validated value for same line: 26
ADC adjusted value for line 2611: 38
ADC validated value for same line: 38
ADC adjusted value for line 2612: 54
ADC validated value for same line: 54
ADC adjusted value for line 2613: 73
ADC validated value for same line: 73
ADC adjusted value for line 2614: 96
ADC validated value for same line: 96
ADC adjusted value for line 2615: 121
ADC validated value for same line: 121
ADC adjusted value for line 2616: 146
ADC validated value for same line: 146
ADC adjusted value for line 2617: 170
ADC validated value for same line: 170
ADC adjusted value for line 2618: 189
ADC validated value for same line: 189
ADC adjusted value for line 2619: 203
ADC validated value for same line: 203
ADC adjusted value for line 2620: 208
ADC validated value for same line: 208
ADC adjusted value for line 2621: 206
ADC validated value for same line: 206
ADC adjusted value for line 2622: 195
ADC validated value for same line: 195
ADC adjusted value for line 2623: 177
ADC validated value for same line: 177
ADC adjusted value for line 2624: 0
ADC validated value for same line: 0
ADC adjusted value for line 2625: 0
ADC validated value for same line: 0
ADC adjusted value for line 2626: 0
ADC validated value for same line: 0
ADC adjusted value for line 2627: 0
ADC validated value for same line: 0
ADC adjusted value for line 2628: 0
ADC validated value for same line: 0
ADC adjusted value for line 2629: 0
ADC validated value for same line: 0
ADC adjusted value for line 2630: 0
ADC validated value for same line: 0
ADC adjusted value for line 2631: 0
ADC validated value for same line: 0
ADC adjusted value for line 2632: 0
ADC validated value for same line: 0
ADC adjusted value for line 2633: 0
ADC validated value for same line: 0
ADC adjusted value for line 2634: 0
ADC validated value for same line: 0
ADC adjusted value for line 2635: 0
ADC validated value for same line: 0
ADC adjusted value for line 2636: 0
ADC validated value for same line: 0
ADC adjusted value for line 2637: 0
ADC validated value for same line: 0
ADC adjusted value for line 2638: 0
ADC validated value for same line: 0
ADC adjusted value for line 2639: 0
ADC validated value for same line: 0
ADC adjusted value for line 2640: 0
ADC validated value for same line: 0
ADC adjusted value for line 2641: 0
ADC validated value for same line: 0
ADC adjusted value for line 2642: 0
ADC validated value for same line: 0
ADC adjusted value for line 2643: 0
ADC validated value for same line: 0
ADC adjusted value for line 2644: 0
ADC validated value for same line: 0
ADC adjusted value for line 2645: 0
ADC validated value for same line: 0
ADC adjusted value for line 2646: 0
ADC validated value for same line: 0
ADC adjusted value for line 2647: 0
ADC validated value for same line: 0
ADC adjusted value for line 2648: 0
ADC validated value for same line: 0
ADC adjusted value for line 2649: 0
ADC validated value for same line: 0
ADC adjusted value for line 2650: 0
ADC validated value for same line: 0
ADC adjusted value for line 2651: 0
ADC validated value for same line: 0
ADC adjusted value for line 2652: 0
ADC validated value for same line: 0
ADC adjusted value for line 2653: 0
ADC validated value for same line: 0
ADC adjusted value for line 2654: 0
ADC validated value for same line: 0
ADC adjusted value for line 2655: 0
ADC validated value for same line: 0
ADC adjusted value for line 2656: 0
ADC validated value for same line: 0
ADC adjusted value for line 2657: 0
ADC validated value for same line: 0
ADC adjusted value for line 2658: 0
ADC validated value for same line: 0
ADC adjusted value for line 2659: 0
ADC validated value for same line: 0
ADC adjusted value for line 2660: 0
ADC validated value for same line: 0
ADC adjusted value for line 2661: 1
ADC validated value for same line: 1
ADC adjusted value for line 2662: 2
ADC validated value for same line: 2
ADC adjusted value for line 2663: 4
ADC validated value for same line: 4
ADC adjusted value for line 2664: 7
ADC validated value for same line: 7
ADC adjusted value for line 2665: 12
ADC validated value for same line: 12
ADC adjusted value for line 2666: 20
ADC validated value for same line: 20
ADC adjusted value for line 2667: 30
ADC validated value for same line: 30
ADC adjusted value for line 2668: 44
ADC validated value for same line: 44
ADC adjusted value for line 2669: 61
ADC validated value for same line: 61
ADC adjusted value for line 2670: 82
ADC validated value for same line: 82
ADC adjusted value for line 2671: 106
ADC validated value for same line: 106
ADC adjusted value for line 2672: 131
ADC validated value for same line: 131
ADC adjusted value for line 2673: 157
ADC validated value for same line: 157
ADC adjusted value for line 2674: 180
ADC validated value for same line: 180
ADC adjusted value for line 2675: 198
ADC validated value for same line: 198
ADC adjusted value for line 2676: 209
ADC validated value for same line: 209
ADC adjusted value for line 2677: 212
ADC validated value for same line: 212
ADC adjusted value for line 2678: 207
ADC validated value for same line: 207
ADC adjusted value for line 2679: 194
ADC validated value for same line: 194
ADC adjusted value for line 2680: 174
ADC validated value for same line: 174
ADC adjusted value for line 2681: 150
ADC validated value for same line: 150
ADC adjusted value for line 2682: 124
ADC validated value for same line: 124
ADC adjusted value for line 2683: 99
ADC validated value for same line: 99
ADC adjusted value for line 2684: 75
ADC validated value for same line: 75
ADC adjusted value for line 2685: 55
ADC validated value for same line: 55
ADC adjusted value for line 2686: 38
ADC validated value for same line: 38
ADC adjusted value for line 2687: 25
ADC validated value for same line: 25
ADC adjusted value for line 2688: 0
ADC validated value for same line: 0
ADC adjusted value for line 2689: 0
ADC validated value for same line: 0
ADC adjusted value for line 2690: 0
ADC validated value for same line: 0
ADC adjusted value for line 2691: 0
ADC validated value for same line: 0
ADC adjusted value for line 2692: 0
ADC validated value for same line: 0
ADC adjusted value for line 2693: 0
ADC validated value for same line: 0
ADC adjusted value for line 2694: 0
ADC validated value for same line: 0
ADC adjusted value for line 2695: 0
ADC validated value for same line: 0
ADC adjusted value for line 2696: 0
ADC validated value for same line: 0
ADC adjusted value for line 2697: 0
ADC validated value for same line: 0
ADC adjusted value for line 2698: 0
ADC validated value for same line: 0
ADC adjusted value for line 2699: 0
ADC validated value for same line: 0
ADC adjusted value for line 2700: 0
ADC validated value for same line: 0
ADC adjusted value for line 2701: 0
ADC validated value for same line: 0
ADC adjusted value for line 2702: 0
ADC validated value for same line: 0
ADC adjusted value for line 2703: 0
ADC validated value for same line: 0
ADC adjusted value for line 2704: 0
ADC validated value for same line: 0
ADC adjusted value for line 2705: 0
ADC validated value for same line: 0
ADC adjusted value for line 2706: 0
ADC validated value for same line: 0
ADC adjusted value for line 2707: 0
ADC validated value for same line: 0
ADC adjusted value for line 2708: 0
ADC validated value for same line: 0
ADC adjusted value for line 2709: 0
ADC validated value for same line: 0
ADC adjusted value for line 2710: 0
ADC validated value for same line: 0
ADC adjusted value for line 2711: 0
ADC validated value for same line: 0
ADC adjusted value for line 2712: 0
ADC validated value for same line: 0
ADC adjusted value for line 2713: 0
ADC validated value for same line: 0
ADC adjusted value for line 2714: 0
ADC validated value for same line: 0
ADC adjusted value for line 2715: 1
ADC validated value for same line: 1
ADC adjusted value for line 2716: 2
ADC validated value for same line: 2
ADC adjusted value for line 2717: 4
ADC validated value for same line: 4
ADC adjusted value for line 2718: 8
ADC validated value for same line: 8
ADC adjusted value for line 2719: 13
ADC validated value for same line: 13
ADC adjusted value for line 2720: 20
ADC validated value for same line: 20
ADC adjusted value for line 2721: 31
ADC validated value for same line: 31
ADC adjusted value for line 2722: 45
ADC validated value for same line: 45
ADC adjusted value for line 2723: 63
ADC validated value for same line: 63
ADC adjusted value for line 2724: 84
ADC validated value for same line: 84
ADC adjusted value for line 2725: 108
ADC validated value for same line: 108
ADC adjusted value for line 2726: 135
ADC validated value for same line: 135
ADC adjusted value for line 2727: 160
ADC validated value for same line: 160
ADC adjusted value for line 2728: 184
ADC validated value for same line: 184
ADC adjusted value for line 2729: 202
ADC validated value for same line: 202
ADC adjusted value for line 2730: 213
ADC validated value for same line: 213
ADC adjusted value for line 2731: 216
ADC validated value for same line: 216
ADC adjusted value for line 2732: 211
ADC validated value for same line: 211
ADC adjusted value for line 2733: 197
ADC validated value for same line: 197
ADC adjusted value for line 2734: 176
ADC validated value for same line: 176
ADC adjusted value for line 2735: 152
ADC validated value for same line: 152
ADC adjusted value for line 2736: 126
ADC validated value for same line: 126
ADC adjusted value for line 2737: 100
ADC validated value for same line: 100
ADC adjusted value for line 2738: 76
ADC validated value for same line: 76
ADC adjusted value for line 2739: 55
ADC validated value for same line: 55
ADC adjusted value for line 2740: 38
ADC validated value for same line: 38
ADC adjusted value for line 2741: 25
ADC validated value for same line: 25
ADC adjusted value for line 2742: 16
ADC validated value for same line: 16
ADC adjusted value for line 2743: 9
ADC validated value for same line: 9
ADC adjusted value for line 2744: 3
ADC validated value for same line: 3
ADC adjusted value for line 2745: 0
ADC validated value for same line: 0
ADC adjusted value for line 2746: -1
ADC validated value for same line: -1
ADC adjusted value for line 2747: -2
ADC validated value for same line: -2
ADC adjusted value for line 2748: -3
ADC validated value for same line: -3
ADC adjusted value for line 2749: -3
ADC validated value for same line: -3
ADC adjusted value for line 2750: -3
ADC validated value for same line: -3
ADC adjusted value for line 2751: -3
ADC validated value for same line: -3
ADC adjusted value for line 2752: 108
ADC validated value for same line: 108
ADC adjusted value for line 2753: 135
ADC validated value for same line: 135
ADC adjusted value for line 2754: 162
ADC validated value for same line: 162
ADC adjusted value for line 2755: 186
ADC validated value for same line: 186
ADC adjusted value for line 2756: 205
ADC validated value for same line: 205
ADC adjusted value for line 2757: 217
ADC validated value for same line: 217
ADC adjusted value for line 2758: 221
ADC validated value for same line: 221
ADC adjusted value for line 2759: 217
ADC validated value for same line: 217
ADC adjusted value for line 2760: 204
ADC validated value for same line: 204
ADC adjusted value for line 2761: 183
ADC validated value for same line: 183
ADC adjusted value for line 2762: 159
ADC validated value for same line: 159
ADC adjusted value for line 2763: 132
ADC validated value for same line: 132
ADC adjusted value for line 2764: 106
ADC validated value for same line: 106
ADC adjusted value for line 2765: 81
ADC validated value for same line: 81
ADC adjusted value for line 2766: 60
ADC validated value for same line: 60
ADC adjusted value for line 2767: 42
ADC validated value for same line: 42
ADC adjusted value for line 2768: 28
ADC validated value for same line: 28
ADC adjusted value for line 2769: 18
ADC validated value for same line: 18
ADC adjusted value for line 2770: 11
ADC validated value for same line: 11
ADC adjusted value for line 2771: 5
ADC validated value for same line: 5
ADC adjusted value for line 2772: 2
ADC validated value for same line: 2
ADC adjusted value for line 2773: 0
ADC validated value for same line: 0
ADC adjusted value for line 2774: -1
ADC validated value for same line: -1
ADC adjusted value for line 2775: -2
ADC validated value for same line: -2
ADC adjusted value for line 2776: -2
ADC validated value for same line: -2
ADC adjusted value for line 2777: -2
ADC validated value for same line: -2
ADC adjusted value for line 2778: -2
ADC validated value for same line: -2
ADC adjusted value for line 2779: -2
ADC validated value for same line: -2
ADC adjusted value for line 2780: -2
ADC validated value for same line: -2
ADC adjusted value for line 2781: -2
ADC validated value for same line: -2
ADC adjusted value for line 2782: -2
ADC validated value for same line: -2
ADC adjusted value for line 2783: -2
ADC validated value for same line: -2
ADC adjusted value for line 2784: -1
ADC validated value for same line: -1
ADC adjusted value for line 2785: -1
ADC validated value for same line: -1
ADC adjusted value for line 2786: -1
ADC validated value for same line: -1
ADC adjusted value for line 2787: -1
ADC validated value for same line: -1
ADC adjusted value for line 2788: -1
ADC validated value for same line: -1
ADC adjusted value for line 2789: -1
ADC validated value for same line: -1
ADC adjusted value for line 2790: -1
ADC validated value for same line: -1
ADC adjusted value for line 2791: -1
ADC validated value for same line: -1
ADC adjusted value for line 2792: -1
ADC validated value for same line: -1
ADC adjusted value for line 2793: -1
ADC validated value for same line: -1
ADC adjusted value for line 2794: 0
ADC validated value for same line: 0
ADC adjusted value for line 2795: 0
ADC validated value for same line: 0
ADC adjusted value for line 2796: 0
ADC validated value for same line: 0
ADC adjusted value for line 2797: 0
ADC validated value for same line: 0
ADC adjusted value for line 2798: 0
ADC validated value for same line: 0
ADC adjusted value for line 2799: 0
ADC validated value for same line: 0
ADC adjusted value for line 2800: 0
ADC validated value for same line: 0
ADC adjusted value for line 2801: 0
ADC validated value for same line: 0
ADC adjusted value for line 2802: 0
ADC validated value for same line: 0
ADC adjusted value for line 2803: 0
ADC validated value for same line: 0
ADC adjusted value for line 2804: 0
ADC validated value for same line: 0
ADC adjusted value for line 2805: 0
ADC validated value for same line: 0
ADC adjusted value for line 2806: 0
ADC validated value for same line: 0
ADC adjusted value for line 2807: 0
ADC validated value for same line: 0
ADC adjusted value for line 2808: 0
ADC validated value for same line: 0
ADC adjusted value for line 2809: 0
ADC validated value for same line: 0
ADC adjusted value for line 2810: 0
ADC validated value for same line: 0
ADC adjusted value for line 2811: 0
ADC validated value for same line: 0
ADC adjusted value for line 2812: 0
ADC validated value for same line: 0
ADC adjusted value for line 2813: 0
ADC validated value for same line: 0
ADC adjusted value for line 2814: 0
ADC validated value for same line: 0
ADC adjusted value for line 2815: 0
ADC validated value for same line: 0
ADC adjusted value for line 2816: 0
ADC validated value for same line: 0
ADC adjusted value for line 2817: 0
ADC validated value for same line: 0
ADC adjusted value for line 2818: 0
ADC validated value for same line: 0
ADC adjusted value for line 2819: 0
ADC validated value for same line: 0
ADC adjusted value for line 2820: 0
ADC validated value for same line: 0
ADC adjusted value for line 2821: 0
ADC validated value for same line: 0
ADC adjusted value for line 2822: 0
ADC validated value for same line: 0
ADC adjusted value for line 2823: 0
ADC validated value for same line: 0
ADC adjusted value for line 2824: 0
ADC validated value for same line: 0
ADC adjusted value for line 2825: 0
ADC validated value for same line: 0
ADC adjusted value for line 2826: 0
ADC validated value for same line: 0
ADC adjusted value for line 2827: 0
ADC validated value for same line: 0
ADC adjusted value for line 2828: 0
ADC validated value for same line: 0
ADC adjusted value for line 2829: 0
ADC validated value for same line: 0
ADC adjusted value for line 2830: 0
ADC validated value for same line: 0
ADC adjusted value for line 2831: 0
ADC validated value for same line: 0
ADC adjusted value for line 2832: 1
ADC validated value for same line: 1
ADC adjusted value for line 2833: 2
ADC validated value for same line: 2
ADC adjusted value for line 2834: 4
ADC validated value for same line: 4
ADC adjusted value for line 2835: 6
ADC validated value for same line: 6
ADC adjusted value for line 2836: 11
ADC validated value for same line: 11
ADC adjusted value for line 2837: 18
ADC validated value for same line: 18
ADC adjusted value for line 2838: 28
ADC validated value for same line: 28
ADC adjusted value for line 2839: 41
ADC validated value for same line: 41
ADC adjusted value for line 2840: 59
ADC validated value for same line: 59
ADC adjusted value for line 2841: 79
ADC validated value for same line: 79
ADC adjusted value for line 2842: 104
ADC validated value for same line: 104
ADC adjusted value for line 2843: 131
ADC validated value for same line: 131
ADC adjusted value for line 2844: 158
ADC validated value for same line: 158
ADC adjusted value for line 2845: 183
ADC validated value for same line: 183
ADC adjusted value for line 2846: 204
ADC validated value for same line: 204
ADC adjusted value for line 2847: 218
ADC validated value for same line: 218
ADC adjusted value for line 2848: 224
ADC validated value for same line: 224
ADC adjusted value for line 2849: 221
ADC validated value for same line: 221
ADC adjusted value for line 2850: 210
ADC validated value for same line: 210
ADC adjusted value for line 2851: 190
ADC validated value for same line: 190
ADC adjusted value for line 2852: 166
ADC validated value for same line: 166
ADC adjusted value for line 2853: 140
ADC validated value for same line: 140
ADC adjusted value for line 2854: 112
ADC validated value for same line: 112
ADC adjusted value for line 2855: 87
ADC validated value for same line: 87
ADC adjusted value for line 2856: 64
ADC validated value for same line: 64
ADC adjusted value for line 2857: 45
ADC validated value for same line: 45
ADC adjusted value for line 2858: 30
ADC validated value for same line: 30
ADC adjusted value for line 2859: 19
ADC validated value for same line: 19
ADC adjusted value for line 2860: 11
ADC validated value for same line: 11
ADC adjusted value for line 2861: 5
ADC validated value for same line: 5
ADC adjusted value for line 2862: 1
ADC validated value for same line: 1
ADC adjusted value for line 2863: -1
ADC validated value for same line: -1
ADC adjusted value for line 2864: -2
ADC validated value for same line: -2
ADC adjusted value for line 2865: -3
ADC validated value for same line: -3
ADC adjusted value for line 2866: -3
ADC validated value for same line: -3
ADC adjusted value for line 2867: -3
ADC validated value for same line: -3
ADC adjusted value for line 2868: -3
ADC validated value for same line: -3
ADC adjusted value for line 2869: -3
ADC validated value for same line: -3
ADC adjusted value for line 2870: -3
ADC validated value for same line: -3
ADC adjusted value for line 2871: -3
ADC validated value for same line: -3
ADC adjusted value for line 2872: -3
ADC validated value for same line: -3
ADC adjusted value for line 2873: -2
ADC validated value for same line: -2
ADC adjusted value for line 2874: -2
ADC validated value for same line: -2
ADC adjusted value for line 2875: -2
ADC validated value for same line: -2
ADC adjusted value for line 2876: -2
ADC validated value for same line: -2
ADC adjusted value for line 2877: -2
ADC validated value for same line: -2
ADC adjusted value for line 2878: -2
ADC validated value for same line: -2
ADC adjusted value for line 2879: -2
ADC validated value for same line: -2
ADC adjusted value for line 2880: 0
ADC validated value for same line: 0
ADC adjusted value for line 2881: 0
ADC validated value for same line: 0
ADC adjusted value for line 2882: 0
ADC validated value for same line: 0
ADC adjusted value for line 2883: 0
ADC validated value for same line: 0
ADC adjusted value for line 2884: 0
ADC validated value for same line: 0
ADC adjusted value for line 2885: 0
ADC validated value for same line: 0
ADC adjusted value for line 2886: 0
ADC validated value for same line: 0
ADC adjusted value for line 2887: 0
ADC validated value for same line: 0
ADC adjusted value for line 2888: 0
ADC validated value for same line: 0
ADC adjusted value for line 2889: 0
ADC validated value for same line: 0
ADC adjusted value for line 2890: 0
ADC validated value for same line: 0
ADC adjusted value for line 2891: 0
ADC validated value for same line: 0
ADC adjusted value for line 2892: 0
ADC validated value for same line: 0
ADC adjusted value for line 2893: 0
ADC validated value for same line: 0
ADC adjusted value for line 2894: 0
ADC validated value for same line: 0
ADC adjusted value for line 2895: 0
ADC validated value for same line: 0
ADC adjusted value for line 2896: 0
ADC validated value for same line: 0
ADC adjusted value for line 2897: 0
ADC validated value for same line: 0
ADC adjusted value for line 2898: 1
ADC validated value for same line: 1
ADC adjusted value for line 2899: 3
ADC validated value for same line: 3
ADC adjusted value for line 2900: 5
ADC validated value for same line: 5
ADC adjusted value for line 2901: 9
ADC validated value for same line: 9
ADC adjusted value for line 2902: 16
ADC validated value for same line: 16
ADC adjusted value for line 2903: 24
ADC validated value for same line: 24
ADC adjusted value for line 2904: 37
ADC validated value for same line: 37
ADC adjusted value for line 2905: 53
ADC validated value for same line: 53
ADC adjusted value for line 2906: 73
ADC validated value for same line: 73
ADC adjusted value for line 2907: 96
ADC validated value for same line: 96
ADC adjusted value for line 2908: 123
ADC validated value for same line: 123
ADC adjusted value for line 2909: 151
ADC validated value for same line: 151
ADC adjusted value for line 2910: 178
ADC validated value for same line: 178
ADC adjusted value for line 2911: 201
ADC validated value for same line: 201
ADC adjusted value for line 2912: 218
ADC validated value for same line: 218
ADC adjusted value for line 2913: 227
ADC validated value for same line: 227
ADC adjusted value for line 2914: 228
ADC validated value for same line: 228
ADC adjusted value for line 2915: 219
ADC validated value for same line: 219
ADC adjusted value for line 2916: 202
ADC validated value for same line: 202
ADC adjusted value for line 2917: 178
ADC validated value for same line: 178
ADC adjusted value for line 2918: 152
ADC validated value for same line: 152
ADC adjusted value for line 2919: 124
ADC validated value for same line: 124
ADC adjusted value for line 2920: 97
ADC validated value for same line: 97
ADC adjusted value for line 2921: 73
ADC validated value for same line: 73
ADC adjusted value for line 2922: 52
ADC validated value for same line: 52
ADC adjusted value for line 2923: 36
ADC validated value for same line: 36
ADC adjusted value for line 2924: 23
ADC validated value for same line: 23
ADC adjusted value for line 2925: 14
ADC validated value for same line: 14
ADC adjusted value for line 2926: 8
ADC validated value for same line: 8
ADC adjusted value for line 2927: 3
ADC validated value for same line: 3
ADC adjusted value for line 2928: 0
ADC validated value for same line: 0
ADC adjusted value for line 2929: -2
ADC validated value for same line: -2
ADC adjusted value for line 2930: -2
ADC validated value for same line: -2
ADC adjusted value for line 2931: -3
ADC validated value for same line: -3
ADC adjusted value for line 2932: -3
ADC validated value for same line: -3
ADC adjusted value for line 2933: -3
ADC validated value for same line: -3
ADC adjusted value for line 2934: -3
ADC validated value for same line: -3
ADC adjusted value for line 2935: -3
ADC validated value for same line: -3
ADC adjusted value for line 2936: -3
ADC validated value for same line: -3
ADC adjusted value for line 2937: -3
ADC validated value for same line: -3
ADC adjusted value for line 2938: -2
ADC validated value for same line: -2
ADC adjusted value for line 2939: -2
ADC validated value for same line: -2
ADC adjusted value for line 2940: -2
ADC validated value for same line: -2
ADC adjusted value for line 2941: -2
ADC validated value for same line: -2
ADC adjusted value for line 2942: -2
ADC validated value for same line: -2
ADC adjusted value for line 2943: -2
ADC validated value for same line: -2
ADC adjusted value for line 2944: 57
ADC validated value for same line: 57
ADC adjusted value for line 2945: 79
ADC validated value for same line: 79
ADC adjusted value for line 2946: 104
ADC validated value for same line: 104
ADC adjusted value for line 2947: 131
ADC validated value for same line: 131
ADC adjusted value for line 2948: 160
ADC validated value for same line: 160
ADC adjusted value for line 2949: 186
ADC validated value for same line: 186
ADC adjusted value for line 2950: 209
ADC validated value for same line: 209
ADC adjusted value for line 2951: 225
ADC validated value for same line: 225
ADC adjusted value for line 2952: 233
ADC validated value for same line: 233
ADC adjusted value for line 2953: 231
ADC validated value for same line: 231
ADC adjusted value for line 2954: 220
ADC validated value for same line: 220
ADC adjusted value for line 2955: 202
ADC validated value for same line: 202
ADC adjusted value for line 2956: 178
ADC validated value for same line: 178
ADC adjusted value for line 2957: 150
ADC validated value for same line: 150
ADC adjusted value for line 2958: 122
ADC validated value for same line: 122
ADC adjusted value for line 2959: 95
ADC validated value for same line: 95
ADC adjusted value for line 2960: 71
ADC validated value for same line: 71
ADC adjusted value for line 2961: 51
ADC validated value for same line: 51
ADC adjusted value for line 2962: 35
ADC validated value for same line: 35
ADC adjusted value for line 2963: 22
ADC validated value for same line: 22
ADC adjusted value for line 2964: 13
ADC validated value for same line: 13
ADC adjusted value for line 2965: 7
ADC validated value for same line: 7
ADC adjusted value for line 2966: 3
ADC validated value for same line: 3
ADC adjusted value for line 2967: 1
ADC validated value for same line: 1
ADC adjusted value for line 2968: -1
ADC validated value for same line: -1
ADC adjusted value for line 2969: -2
ADC validated value for same line: -2
ADC adjusted value for line 2970: -2
ADC validated value for same line: -2
ADC adjusted value for line 2971: -2
ADC validated value for same line: -2
ADC adjusted value for line 2972: -2
ADC validated value for same line: -2
ADC adjusted value for line 2973: -2
ADC validated value for same line: -2
ADC adjusted value for line 2974: -2
ADC validated value for same line: -2
ADC adjusted value for line 2975: -2
ADC validated value for same line: -2
ADC adjusted value for line 2976: -2
ADC validated value for same line: -2
ADC adjusted value for line 2977: -2
ADC validated value for same line: -2
ADC adjusted value for line 2978: -2
ADC validated value for same line: -2
ADC adjusted value for line 2979: -2
ADC validated value for same line: -2
ADC adjusted value for line 2980: -2
ADC validated value for same line: -2
ADC adjusted value for line 2981: -1
ADC validated value for same line: -1
ADC adjusted value for line 2982: -1
ADC validated value for same line: -1
ADC adjusted value for line 2983: -1
ADC validated value for same line: -1
ADC adjusted value for line 2984: -1
ADC validated value for same line: -1
ADC adjusted value for line 2985: -1
ADC validated value for same line: -1
ADC adjusted value for line 2986: -1
ADC validated value for same line: -1
ADC adjusted value for line 2987: -1
ADC validated value for same line: -1
ADC adjusted value for line 2988: -1
ADC validated value for same line: -1
ADC adjusted value for line 2989: -1
ADC validated value for same line: -1
ADC adjusted value for line 2990: -1
ADC validated value for same line: -1
ADC adjusted value for line 2991: 0
ADC validated value for same line: 0
ADC adjusted value for line 2992: 0
ADC validated value for same line: 0
ADC adjusted value for line 2993: 0
ADC validated value for same line: 0
ADC adjusted value for line 2994: 0
ADC validated value for same line: 0
ADC adjusted value for line 2995: 0
ADC validated value for same line: 0
ADC adjusted value for line 2996: 0
ADC validated value for same line: 0
ADC adjusted value for line 2997: 0
ADC validated value for same line: 0
ADC adjusted value for line 2998: 0
ADC validated value for same line: 0
ADC adjusted value for line 2999: 0
ADC validated value for same line: 0
ADC adjusted value for line 3000: 0
ADC validated value for same line: 0
ADC adjusted value for line 3001: 0
ADC validated value for same line: 0
ADC adjusted value for line 3002: 0
ADC validated value for same line: 0
ADC adjusted value for line 3003: 0
ADC validated value for same line: 0
ADC adjusted value for line 3004: 0
ADC validated value for same line: 0
ADC adjusted value for line 3005: 0
ADC validated value for same line: 0
ADC adjusted value for line 3006: 0
ADC validated value for same line: 0
ADC adjusted value for line 3007: 0
ADC validated value for same line: 0
ADC adjusted value for line 3008: 0
ADC validated value for same line: 0
ADC adjusted value for line 3009: 0
ADC validated value for same line: 0
ADC adjusted value for line 3010: 0
ADC validated value for same line: 0
ADC adjusted value for line 3011: 0
ADC validated value for same line: 0
ADC adjusted value for line 3012: 0
ADC validated value for same line: 0
ADC adjusted value for line 3013: 0
ADC validated value for same line: 0
ADC adjusted value for line 3014: 0
ADC validated value for same line: 0
ADC adjusted value for line 3015: 0
ADC validated value for same line: 0
ADC adjusted value for line 3016: 0
ADC validated value for same line: 0
ADC adjusted value for line 3017: 0
ADC validated value for same line: 0
ADC adjusted value for line 3018: 0
ADC validated value for same line: 0
ADC adjusted value for line 3019: 1
ADC validated value for same line: 1
ADC adjusted value for line 3020: 2
ADC validated value for same line: 2
ADC adjusted value for line 3021: 4
ADC validated value for same line: 4
ADC adjusted value for line 3022: 7
ADC validated value for same line: 7
ADC adjusted value for line 3023: 13
ADC validated value for same line: 13
ADC adjusted value for line 3024: 20
ADC validated value for same line: 20
ADC adjusted value for line 3025: 31
ADC validated value for same line: 31
ADC adjusted value for line 3026: 46
ADC validated value for same line: 46
ADC adjusted value for line 3027: 65
ADC validated value for same line: 65
ADC adjusted value for line 3028: 86
ADC validated value for same line: 86
ADC adjusted value for line 3029: 113
ADC validated value for same line: 113
ADC adjusted value for line 3030: 141
ADC validated value for same line: 141
ADC adjusted value for line 3031: 170
ADC validated value for same line: 170
ADC adjusted value for line 3032: 196
ADC validated value for same line: 196
ADC adjusted value for line 3033: 217
ADC validated value for same line: 217
ADC adjusted value for line 3034: 231
ADC validated value for same line: 231
ADC adjusted value for line 3035: 236
ADC validated value for same line: 236
ADC adjusted value for line 3036: 232
ADC validated value for same line: 232
ADC adjusted value for line 3037: 219
ADC validated value for same line: 219
ADC adjusted value for line 3038: 198
ADC validated value for same line: 198
ADC adjusted value for line 3039: 172
ADC validated value for same line: 172
ADC adjusted value for line 3040: 143
ADC validated value for same line: 143
ADC adjusted value for line 3041: 115
ADC validated value for same line: 115
ADC adjusted value for line 3042: 88
ADC validated value for same line: 88
ADC adjusted value for line 3043: 65
ADC validated value for same line: 65
ADC adjusted value for line 3044: 46
ADC validated value for same line: 46
ADC adjusted value for line 3045: 30
ADC validated value for same line: 30
ADC adjusted value for line 3046: 19
ADC validated value for same line: 19
ADC adjusted value for line 3047: 11
ADC validated value for same line: 11
ADC adjusted value for line 3048: 5
ADC validated value for same line: 5
ADC adjusted value for line 3049: 1
ADC validated value for same line: 1
ADC adjusted value for line 3050: -1
ADC validated value for same line: -1
ADC adjusted value for line 3051: -2
ADC validated value for same line: -2
ADC adjusted value for line 3052: -3
ADC validated value for same line: -3
ADC adjusted value for line 3053: -3
ADC validated value for same line: -3
ADC adjusted value for line 3054: -3
ADC validated value for same line: -3
ADC adjusted value for line 3055: -3
ADC validated value for same line: -3
ADC adjusted value for line 3056: -3
ADC validated value for same line: -3
ADC adjusted value for line 3057: -3
ADC validated value for same line: -3
ADC adjusted value for line 3058: -3
ADC validated value for same line: -3
ADC adjusted value for line 3059: -3
ADC validated value for same line: -3
ADC adjusted value for line 3060: -2
ADC validated value for same line: -2
ADC adjusted value for line 3061: -2
ADC validated value for same line: -2
ADC adjusted value for line 3062: -2
ADC validated value for same line: -2
ADC adjusted value for line 3063: -2
ADC validated value for same line: -2
ADC adjusted value for line 3064: -2
ADC validated value for same line: -2
ADC adjusted value for line 3065: -2
ADC validated value for same line: -2
ADC adjusted value for line 3066: -2
ADC validated value for same line: -2
ADC adjusted value for line 3067: -2
ADC validated value for same line: -2
ADC adjusted value for line 3068: -2
ADC validated value for same line: -2
ADC adjusted value for line 3069: -2
ADC validated value for same line: -2
ADC adjusted value for line 3070: -1
ADC validated value for same line: -1
ADC adjusted value for line 3071: -1
ADC validated value for same line: -1
ADC adjusted value for line 3072: 0
ADC validated value for same line: 0
ADC adjusted value for line 3073: 0
ADC validated value for same line: 0
ADC adjusted value for line 3074: 0
ADC validated value for same line: 0
ADC adjusted value for line 3075: 0
ADC validated value for same line: 0
ADC adjusted value for line 3076: 0
ADC validated value for same line: 0
ADC adjusted value for line 3077: 0
ADC validated value for same line: 0
ADC adjusted value for line 3078: 0
ADC validated value for same line: 0
ADC adjusted value for line 3079: 0
ADC validated value for same line: 0
ADC adjusted value for line 3080: 0
ADC validated value for same line: 0
ADC adjusted value for line 3081: 0
ADC validated value for same line: 0
ADC adjusted value for line 3082: 1
ADC validated value for same line: 1
ADC adjusted value for line 3083: 3
ADC validated value for same line: 3
ADC adjusted value for line 3084: 5
ADC validated value for same line: 5
ADC adjusted value for line 3085: 9
ADC validated value for same line: 9
ADC adjusted value for line 3086: 15
ADC validated value for same line: 15
ADC adjusted value for line 3087: 24
ADC validated value for same line: 24
ADC adjusted value for line 3088: 36
ADC validated value for same line: 36
ADC adjusted value for line 3089: 52
ADC validated value for same line: 52
ADC adjusted value for line 3090: 73
ADC validated value for same line: 73
ADC adjusted value for line 3091: 96
ADC validated value for same line: 96
ADC adjusted value for line 3092: 124
ADC validated value for same line: 124
ADC adjusted value for line 3093: 153
ADC validated value for same line: 153
ADC adjusted value for line 3094: 182
ADC validated value for same line: 182
ADC adjusted value for line 3095: 207
ADC validated value for same line: 207
ADC adjusted value for line 3096: 226
ADC validated value for same line: 226
ADC adjusted value for line 3097: 238
ADC validated value for same line: 238
ADC adjusted value for line 3098: 240
ADC validated value for same line: 240
ADC adjusted value for line 3099: 233
ADC validated value for same line: 233
ADC adjusted value for line 3100: 217
ADC validated value for same line: 217
ADC adjusted value for line 3101: 193
ADC validated value for same line: 193
ADC adjusted value for line 3102: 165
ADC validated value for same line: 165
ADC adjusted value for line 3103: 136
ADC validated value for same line: 136
ADC adjusted value for line 3104: 108
ADC validated value for same line: 108
ADC adjusted value for line 3105: 82
ADC validated value for same line: 82
ADC adjusted value for line 3106: 59
ADC validated value for same line: 59
ADC adjusted value for line 3107: 41
ADC validated value for same line: 41
ADC adjusted value for line 3108: 27
ADC validated value for same line: 27
ADC adjusted value for line 3109: 17
ADC validated value for same line: 17
ADC adjusted value for line 3110: 9
ADC validated value for same line: 9
ADC adjusted value for line 3111: 4
ADC validated value for same line: 4
ADC adjusted value for line 3112: 1
ADC validated value for same line: 1
ADC adjusted value for line 3113: -1
ADC validated value for same line: -1
ADC adjusted value for line 3114: -2
ADC validated value for same line: -2
ADC adjusted value for line 3115: -3
ADC validated value for same line: -3
ADC adjusted value for line 3116: -3
ADC validated value for same line: -3
ADC adjusted value for line 3117: -3
ADC validated value for same line: -3
ADC adjusted value for line 3118: -3
ADC validated value for same line: -3
ADC adjusted value for line 3119: -3
ADC validated value for same line: -3
ADC adjusted value for line 3120: -3
ADC validated value for same line: -3
ADC adjusted value for line 3121: -3
ADC validated value for same line: -3
ADC adjusted value for line 3122: -3
ADC validated value for same line: -3
ADC adjusted value for line 3123: -2
ADC validated value for same line: -2
ADC adjusted value for line 3124: -2
ADC validated value for same line: -2
ADC adjusted value for line 3125: -2
ADC validated value for same line: -2
ADC adjusted value for line 3126: -2
ADC validated value for same line: -2
ADC adjusted value for line 3127: -2
ADC validated value for same line: -2
ADC adjusted value for line 3128: -2
ADC validated value for same line: -2
ADC adjusted value for line 3129: -2
ADC validated value for same line: -2
ADC adjusted value for line 3130: -2
ADC validated value for same line: -2
ADC adjusted value for line 3131: -2
ADC validated value for same line: -2
ADC adjusted value for line 3132: -2
ADC validated value for same line: -2
ADC adjusted value for line 3133: -1
ADC validated value for same line: -1
ADC adjusted value for line 3134: -1
ADC validated value for same line: -1
ADC adjusted value for line 3135: -1
ADC validated value for same line: -1
ADC adjusted value for line 3136: 0
ADC validated value for same line: 0
ADC adjusted value for line 3137: 0
ADC validated value for same line: 0
ADC adjusted value for line 3138: 0
ADC validated value for same line: 0
ADC adjusted value for line 3139: 0
ADC validated value for same line: 0
ADC adjusted value for line 3140: 0
ADC validated value for same line: 0
ADC adjusted value for line 3141: 0
ADC validated value for same line: 0
ADC adjusted value for line 3142: 0
ADC validated value for same line: 0
ADC adjusted value for line 3143: 0
ADC validated value for same line: 0
ADC adjusted value for line 3144: 0
ADC validated value for same line: 0
ADC adjusted value for line 3145: 0
ADC validated value for same line: 0
ADC adjusted value for line 3146: 0
ADC validated value for same line: 0
ADC adjusted value for line 3147: 0
ADC validated value for same line: 0
ADC adjusted value for line 3148: 0
ADC validated value for same line: 0
ADC adjusted value for line 3149: 0
ADC validated value for same line: 0
ADC adjusted value for line 3150: 0
ADC validated value for same line: 0
ADC adjusted value for line 3151: 0
ADC validated value for same line: 0
ADC adjusted value for line 3152: 0
ADC validated value for same line: 0
ADC adjusted value for line 3153: 0
ADC validated value for same line: 0
ADC adjusted value for line 3154: 0
ADC validated value for same line: 0
ADC adjusted value for line 3155: 0
ADC validated value for same line: 0
ADC adjusted value for line 3156: 0
ADC validated value for same line: 0
ADC adjusted value for line 3157: 0
ADC validated value for same line: 0
ADC adjusted value for line 3158: 0
ADC validated value for same line: 0
ADC adjusted value for line 3159: 0
ADC validated value for same line: 0
ADC adjusted value for line 3160: 0
ADC validated value for same line: 0
ADC adjusted value for line 3161: 0
ADC validated value for same line: 0
ADC adjusted value for line 3162: 0
ADC validated value for same line: 0
ADC adjusted value for line 3163: 0
ADC validated value for same line: 0
ADC adjusted value for line 3164: 0
ADC validated value for same line: 0
ADC adjusted value for line 3165: 0
ADC validated value for same line: 0
ADC adjusted value for line 3166: 0
ADC validated value for same line: 0
ADC adjusted value for line 3167: 0
ADC validated value for same line: 0
ADC adjusted value for line 3168: 0
ADC validated value for same line: 0
ADC adjusted value for line 3169: 0
ADC validated value for same line: 0
ADC adjusted value for line 3170: 0
ADC validated value for same line: 0
ADC adjusted value for line 3171: 0
ADC validated value for same line: 0
ADC adjusted value for line 3172: 0
ADC validated value for same line: 0
ADC adjusted value for line 3173: 0
ADC validated value for same line: 0
ADC adjusted value for line 3174: 0
ADC validated value for same line: 0
ADC adjusted value for line 3175: 1
ADC validated value for same line: 1
ADC adjusted value for line 3176: 1
ADC validated value for same line: 1
ADC adjusted value for line 3177: 3
ADC validated value for same line: 3
ADC adjusted value for line 3178: 6
ADC validated value for same line: 6
ADC adjusted value for line 3179: 10
ADC validated value for same line: 10
ADC adjusted value for line 3180: 17
ADC validated value for same line: 17
ADC adjusted value for line 3181: 26
ADC validated value for same line: 26
ADC adjusted value for line 3182: 39
ADC validated value for same line: 39
ADC adjusted value for line 3183: 57
ADC validated value for same line: 57
ADC adjusted value for line 3184: 77
ADC validated value for same line: 77
ADC adjusted value for line 3185: 103
ADC validated value for same line: 103
ADC adjusted value for line 3186: 131
ADC validated value for same line: 131
ADC adjusted value for line 3187: 161
ADC validated value for same line: 161
ADC adjusted value for line 3188: 190
ADC validated value for same line: 190
ADC adjusted value for line 3189: 215
ADC validated value for same line: 215
ADC adjusted value for line 3190: 233
ADC validated value for same line: 233
ADC adjusted value for line 3191: 243
ADC validated value for same line: 243
ADC adjusted value for line 3192: 243
ADC validated value for same line: 243
ADC adjusted value for line 3193: 234
ADC validated value for same line: 234
ADC adjusted value for line 3194: 216
ADC validated value for same line: 216
ADC adjusted value for line 3195: 191
ADC validated value for same line: 191
ADC adjusted value for line 3196: 163
ADC validated value for same line: 163
ADC adjusted value for line 3197: 133
ADC validated value for same line: 133
ADC adjusted value for line 3198: 104
ADC validated value for same line: 104
ADC adjusted value for line 3199: 78
ADC validated value for same line: 78
ADC adjusted value for line 3200: 86
ADC validated value for same line: 86
ADC adjusted value for line 3201: 113
ADC validated value for same line: 113
ADC adjusted value for line 3202: 142
ADC validated value for same line: 142
ADC adjusted value for line 3203: 173
ADC validated value for same line: 173
ADC adjusted value for line 3204: 201
ADC validated value for same line: 201
ADC adjusted value for line 3205: 225
ADC validated value for same line: 225
ADC adjusted value for line 3206: 241
ADC validated value for same line: 241
ADC adjusted value for line 3207: 249
ADC validated value for same line: 249
ADC adjusted value for line 3208: 247
ADC validated value for same line: 247
ADC adjusted value for line 3209: 234
ADC validated value for same line: 234
ADC adjusted value for line 3210: 214
ADC validated value for same line: 214
ADC adjusted value for line 3211: 188
ADC validated value for same line: 188
ADC adjusted value for line 3212: 159
ADC validated value for same line: 159
ADC adjusted value for line 3213: 129
ADC validated value for same line: 129
ADC adjusted value for line 3214: 100
ADC validated value for same line: 100
ADC adjusted value for line 3215: 75
ADC validated value for same line: 75
ADC adjusted value for line 3216: 53
ADC validated value for same line: 53
ADC adjusted value for line 3217: 36
ADC validated value for same line: 36
ADC adjusted value for line 3218: 24
ADC validated value for same line: 24
ADC adjusted value for line 3219: 14
ADC validated value for same line: 14
ADC adjusted value for line 3220: 7
ADC validated value for same line: 7
ADC adjusted value for line 3221: 3
ADC validated value for same line: 3
ADC adjusted value for line 3222: 1
ADC validated value for same line: 1
ADC adjusted value for line 3223: -1
ADC validated value for same line: -1
ADC adjusted value for line 3224: -2
ADC validated value for same line: -2
ADC adjusted value for line 3225: -2
ADC validated value for same line: -2
ADC adjusted value for line 3226: -2
ADC validated value for same line: -2
ADC adjusted value for line 3227: -2
ADC validated value for same line: -2
ADC adjusted value for line 3228: -2
ADC validated value for same line: -2
ADC adjusted value for line 3229: -2
ADC validated value for same line: -2
ADC adjusted value for line 3230: -2
ADC validated value for same line: -2
ADC adjusted value for line 3231: -2
ADC validated value for same line: -2
ADC adjusted value for line 3232: -2
ADC validated value for same line: -2
ADC adjusted value for line 3233: -2
ADC validated value for same line: -2
ADC adjusted value for line 3234: -2
ADC validated value for same line: -2
ADC adjusted value for line 3235: -1
ADC validated value for same line: -1
ADC adjusted value for line 3236: -1
ADC validated value for same line: -1
ADC adjusted value for line 3237: -1
ADC validated value for same line: -1
ADC adjusted value for line 3238: -1
ADC validated value for same line: -1
ADC adjusted value for line 3239: -1
ADC validated value for same line: -1
ADC adjusted value for line 3240: -1
ADC validated value for same line: -1
ADC adjusted value for line 3241: -1
ADC validated value for same line: -1
ADC adjusted value for line 3242: -1
ADC validated value for same line: -1
ADC adjusted value for line 3243: -1
ADC validated value for same line: -1
ADC adjusted value for line 3244: -1
ADC validated value for same line: -1
ADC adjusted value for line 3245: 0
ADC validated value for same line: 0
ADC adjusted value for line 3246: 0
ADC validated value for same line: 0
ADC adjusted value for line 3247: 0
ADC validated value for same line: 0
ADC adjusted value for line 3248: 0
ADC validated value for same line: 0
ADC adjusted value for line 3249: 0
ADC validated value for same line: 0
ADC adjusted value for line 3250: 0
ADC validated value for same line: 0
ADC adjusted value for line 3251: 0
ADC validated value for same line: 0
ADC adjusted value for line 3252: 0
ADC validated value for same line: 0
ADC adjusted value for line 3253: 0
ADC validated value for same line: 0
ADC adjusted value for line 3254: 0
ADC validated value for same line: 0
ADC adjusted value for line 3255: 0
ADC validated value for same line: 0
ADC adjusted value for line 3256: 0
ADC validated value for same line: 0
ADC adjusted value for line 3257: 0
ADC validated value for same line: 0
ADC adjusted value for line 3258: 0
ADC validated value for same line: 0
ADC adjusted value for line 3259: 0
ADC validated value for same line: 0
ADC adjusted value for line 3260: 0
ADC validated value for same line: 0
ADC adjusted value for line 3261: 0
ADC validated value for same line: 0
ADC adjusted value for line 3262: 0
ADC validated value for same line: 0
ADC adjusted value for line 3263: 0
ADC validated value for same line: 0
ADC adjusted value for line 3264: 0
ADC validated value for same line: 0
ADC adjusted value for line 3265: 0
ADC validated value for same line: 0
ADC adjusted value for line 3266: 0
ADC validated value for same line: 0
ADC adjusted value for line 3267: 0
ADC validated value for same line: 0
ADC adjusted value for line 3268: 0
ADC validated value for same line: 0
ADC adjusted value for line 3269: 0
ADC validated value for same line: 0
ADC adjusted value for line 3270: 0
ADC validated value for same line: 0
ADC adjusted value for line 3271: 0
ADC validated value for same line: 0
ADC adjusted value for line 3272: 0
ADC validated value for same line: 0
ADC adjusted value for line 3273: 0
ADC validated value for same line: 0
ADC adjusted value for line 3274: 0
ADC validated value for same line: 0
ADC adjusted value for line 3275: 0
ADC validated value for same line: 0
ADC adjusted value for line 3276: 0
ADC validated value for same line: 0
ADC adjusted value for line 3277: 0
ADC validated value for same line: 0
ADC adjusted value for line 3278: 0
ADC validated value for same line: 0
ADC adjusted value for line 3279: 0
ADC validated value for same line: 0
ADC adjusted value for line 3280: 0
ADC validated value for same line: 0
ADC adjusted value for line 3281: 0
ADC validated value for same line: 0
ADC adjusted value for line 3282: 0
ADC validated value for same line: 0
ADC adjusted value for line 3283: 0
ADC validated value for same line: 0
ADC adjusted value for line 3284: 0
ADC validated value for same line: 0
ADC adjusted value for line 3285: 0
ADC validated value for same line: 0
ADC adjusted value for line 3286: 0
ADC validated value for same line: 0
ADC adjusted value for line 3287: 0
ADC validated value for same line: 0
ADC adjusted value for line 3288: 0
ADC validated value for same line: 0
ADC adjusted value for line 3289: 0
ADC validated value for same line: 0
ADC adjusted value for line 3290: 0
ADC validated value for same line: 0
ADC adjusted value for line 3291: 0
ADC validated value for same line: 0
ADC adjusted value for line 3292: 0
ADC validated value for same line: 0
ADC adjusted value for line 3293: 0
ADC validated value for same line: 0
ADC adjusted value for line 3294: 0
ADC validated value for same line: 0
ADC adjusted value for line 3295: 0
ADC validated value for same line: 0
ADC adjusted value for line 3296: 0
ADC validated value for same line: 0
ADC adjusted value for line 3297: 0
ADC validated value for same line: 0
ADC adjusted value for line 3298: 0
ADC validated value for same line: 0
ADC adjusted value for line 3299: 0
ADC validated value for same line: 0
ADC adjusted value for line 3300: 0
ADC validated value for same line: 0
ADC adjusted value for line 3301: 0
ADC validated value for same line: 0
ADC adjusted value for line 3302: 0
ADC validated value for same line: 0
ADC adjusted value for line 3303: 0
ADC validated value for same line: 0
ADC adjusted value for line 3304: 0
ADC validated value for same line: 0
ADC adjusted value for line 3305: 0
ADC validated value for same line: 0
ADC adjusted value for line 3306: 0
ADC validated value for same line: 0
ADC adjusted value for line 3307: 0
ADC validated value for same line: 0
ADC adjusted value for line 3308: 0
ADC validated value for same line: 0
ADC adjusted value for line 3309: 1
ADC validated value for same line: 1
ADC adjusted value for line 3310: 2
ADC validated value for same line: 2
ADC adjusted value for line 3311: 3
ADC validated value for same line: 3
ADC adjusted value for line 3312: 6
ADC validated value for same line: 6
ADC adjusted value for line 3313: 11
ADC validated value for same line: 11
ADC adjusted value for line 3314: 18
ADC validated value for same line: 18
ADC adjusted value for line 3315: 28
ADC validated value for same line: 28
ADC adjusted value for line 3316: 42
ADC validated value for same line: 42
ADC adjusted value for line 3317: 60
ADC validated value for same line: 60
ADC adjusted value for line 3318: 82
ADC validated value for same line: 82
ADC adjusted value for line 3319: 109
ADC validated value for same line: 109
ADC adjusted value for line 3320: 139
ADC validated value for same line: 139
ADC adjusted value for line 3321: 169
ADC validated value for same line: 169
ADC adjusted value for line 3322: 199
ADC validated value for same line: 199
ADC adjusted value for line 3323: 224
ADC validated value for same line: 224
ADC adjusted value for line 3324: 242
ADC validated value for same line: 242
ADC adjusted value for line 3325: 251
ADC validated value for same line: 251
ADC adjusted value for line 3326: 251
ADC validated value for same line: 251
ADC adjusted value for line 3327: 241
ADC validated value for same line: 241
ADC adjusted value for line 3328: 0
ADC validated value for same line: 0
ADC adjusted value for line 3329: 0
ADC validated value for same line: 0
ADC adjusted value for line 3330: 0
ADC validated value for same line: 0
ADC adjusted value for line 3331: 0
ADC validated value for same line: 0
ADC adjusted value for line 3332: 0
ADC validated value for same line: 0
ADC adjusted value for line 3333: 0
ADC validated value for same line: 0
ADC adjusted value for line 3334: 0
ADC validated value for same line: 0
ADC adjusted value for line 3335: 0
ADC validated value for same line: 0
ADC adjusted value for line 3336: 0
ADC validated value for same line: 0
ADC adjusted value for line 3337: 0
ADC validated value for same line: 0
ADC adjusted value for line 3338: 0
ADC validated value for same line: 0
ADC adjusted value for line 3339: 0
ADC validated value for same line: 0
ADC adjusted value for line 3340: 0
ADC validated value for same line: 0
ADC adjusted value for line 3341: 0
ADC validated value for same line: 0
ADC adjusted value for line 3342: 0
ADC validated value for same line: 0
ADC adjusted value for line 3343: 0
ADC validated value for same line: 0
ADC adjusted value for line 3344: 0
ADC validated value for same line: 0
ADC adjusted value for line 3345: 0
ADC validated value for same line: 0
ADC adjusted value for line 3346: 0
ADC validated value for same line: 0
ADC adjusted value for line 3347: 0
ADC validated value for same line: 0
ADC adjusted value for line 3348: 0
ADC validated value for same line: 0
ADC adjusted value for line 3349: 0
ADC validated value for same line: 0
ADC adjusted value for line 3350: 0
ADC validated value for same line: 0
ADC adjusted value for line 3351: 0
ADC validated value for same line: 0
ADC adjusted value for line 3352: 0
ADC validated value for same line: 0
ADC adjusted value for line 3353: 0
ADC validated value for same line: 0
ADC adjusted value for line 3354: 0
ADC validated value for same line: 0
ADC adjusted value for line 3355: 0
ADC validated value for same line: 0
ADC adjusted value for line 3356: 0
ADC validated value for same line: 0
ADC adjusted value for line 3357: 0
ADC validated value for same line: 0
ADC adjusted value for line 3358: 0
ADC validated value for same line: 0
ADC adjusted value for line 3359: 0
ADC validated value for same line: 0
ADC adjusted value for line 3360: 0
ADC validated value for same line: 0
ADC adjusted value for line 3361: 0
ADC validated value for same line: 0
ADC adjusted value for line 3362: 0
ADC validated value for same line: 0
ADC adjusted value for line 3363: 0
ADC validated value for same line: 0
ADC adjusted value for line 3364: 0
ADC validated value for same line: 0
ADC adjusted value for line 3365: 0
ADC validated value for same line: 0
ADC adjusted value for line 3366: 1
ADC validated value for same line: 1
ADC adjusted value for line 3367: 2
ADC validated value for same line: 2
ADC adjusted value for line 3368: 5
ADC validated value for same line: 5
ADC adjusted value for line 3369: 8
ADC validated value for same line: 8
ADC adjusted value for line 3370: 14
ADC validated value for same line: 14
ADC adjusted value for line 3371: 23
ADC validated value for same line: 23
ADC adjusted value for line 3372: 35
ADC validated value for same line: 35
ADC adjusted value for line 3373: 51
ADC validated value for same line: 51
ADC adjusted value for line 3374: 72
ADC validated value for same line: 72
ADC adjusted value for line 3375: 96
ADC validated value for same line: 96
ADC adjusted value for line 3376: 125
ADC validated value for same line: 125
ADC adjusted value for line 3377: 156
ADC validated value for same line: 156
ADC adjusted value for line 3378: 187
ADC validated value for same line: 187
ADC adjusted value for line 3379: 215
ADC validated value for same line: 215
ADC adjusted value for line 3380: 237
ADC validated value for same line: 237
ADC adjusted value for line 3381: 252
ADC validated value for same line: 252
ADC adjusted value for line 3382: 256
ADC validated value for same line: 256
ADC adjusted value for line 3383: 251
ADC validated value for same line: 251
ADC adjusted value for line 3384: 236
ADC validated value for same line: 236
ADC adjusted value for line 3385: 212
ADC validated value for same line: 212
ADC adjusted value for line 3386: 184
ADC validated value for same line: 184
ADC adjusted value for line 3387: 153
ADC validated value for same line: 153
ADC adjusted value for line 3388: 122
ADC validated value for same line: 122
ADC adjusted value for line 3389: 94
ADC validated value for same line: 94
ADC adjusted value for line 3390: 69
ADC validated value for same line: 69
ADC adjusted value for line 3391: 48
ADC validated value for same line: 48
ADC adjusted value for line 3392: 5
ADC validated value for same line: 5
ADC adjusted value for line 3393: 9
ADC validated value for same line: 9
ADC adjusted value for line 3394: 14
ADC validated value for same line: 14
ADC adjusted value for line 3395: 23
ADC validated value for same line: 23
ADC adjusted value for line 3396: 35
ADC validated value for same line: 35
ADC adjusted value for line 3397: 52
ADC validated value for same line: 52
ADC adjusted value for line 3398: 73
ADC validated value for same line: 73
ADC adjusted value for line 3399: 98
ADC validated value for same line: 98
ADC adjusted value for line 3400: 128
ADC validated value for same line: 128
ADC adjusted value for line 3401: 158
ADC validated value for same line: 158
ADC adjusted value for line 3402: 189
ADC validated value for same line: 189
ADC adjusted value for line 3403: 218
ADC validated value for same line: 218
ADC adjusted value for line 3404: 241
ADC validated value for same line: 241
ADC adjusted value for line 3405: 256
ADC validated value for same line: 256
ADC adjusted value for line 3406: 260
ADC validated value for same line: 260
ADC adjusted value for line 3407: 255
ADC validated value for same line: 255
ADC adjusted value for line 3408: 240
ADC validated value for same line: 240
ADC adjusted value for line 3409: 217
ADC validated value for same line: 217
ADC adjusted value for line 3410: 188
ADC validated value for same line: 188
ADC adjusted value for line 3411: 156
ADC validated value for same line: 156
ADC adjusted value for line 3412: 124
ADC validated value for same line: 124
ADC adjusted value for line 3413: 95
ADC validated value for same line: 95
ADC adjusted value for line 3414: 70
ADC validated value for same line: 70
ADC adjusted value for line 3415: 49
ADC validated value for same line: 49
ADC adjusted value for line 3416: 33
ADC validated value for same line: 33
ADC adjusted value for line 3417: 21
ADC validated value for same line: 21
ADC adjusted value for line 3418: 12
ADC validated value for same line: 12
ADC adjusted value for line 3419: 6
ADC validated value for same line: 6
ADC adjusted value for line 3420: 3
ADC validated value for same line: 3
ADC adjusted value for line 3421: 0
ADC validated value for same line: 0
ADC adjusted value for line 3422: -1
ADC validated value for same line: -1
ADC adjusted value for line 3423: -2
ADC validated value for same line: -2
ADC adjusted value for line 3424: -2
ADC validated value for same line: -2
ADC adjusted value for line 3425: -2
ADC validated value for same line: -2
ADC adjusted value for line 3426: -2
ADC validated value for same line: -2
ADC adjusted value for line 3427: -2
ADC validated value for same line: -2
ADC adjusted value for line 3428: -2
ADC validated value for same line: -2
ADC adjusted value for line 3429: -2
ADC validated value for same line: -2
ADC adjusted value for line 3430: -2
ADC validated value for same line: -2
ADC adjusted value for line 3431: -2
ADC validated value for same line: -2
ADC adjusted value for line 3432: -2
ADC validated value for same line: -2
ADC adjusted value for line 3433: -2
ADC validated value for same line: -2
ADC adjusted value for line 3434: -2
ADC validated value for same line: -2
ADC adjusted value for line 3435: -2
ADC validated value for same line: -2
ADC adjusted value for line 3436: -2
ADC validated value for same line: -2
ADC adjusted value for line 3437: -2
ADC validated value for same line: -2
ADC adjusted value for line 3438: -2
ADC validated value for same line: -2
ADC adjusted value for line 3439: -2
ADC validated value for same line: -2
ADC adjusted value for line 3440: -1
ADC validated value for same line: -1
ADC adjusted value for line 3441: -1
ADC validated value for same line: -1
ADC adjusted value for line 3442: -1
ADC validated value for same line: -1
ADC adjusted value for line 3443: -1
ADC validated value for same line: -1
ADC adjusted value for line 3444: -1
ADC validated value for same line: -1
ADC adjusted value for line 3445: -1
ADC validated value for same line: -1
ADC adjusted value for line 3446: -1
ADC validated value for same line: -1
ADC adjusted value for line 3447: -1
ADC validated value for same line: -1
ADC adjusted value for line 3448: -1
ADC validated value for same line: -1
ADC adjusted value for line 3449: -1
ADC validated value for same line: -1
ADC adjusted value for line 3450: 0
ADC validated value for same line: 0
ADC adjusted value for line 3451: 0
ADC validated value for same line: 0
ADC adjusted value for line 3452: 0
ADC validated value for same line: 0
ADC adjusted value for line 3453: 0
ADC validated value for same line: 0
ADC adjusted value for line 3454: 0
ADC validated value for same line: 0
ADC adjusted value for line 3455: 0
ADC validated value for same line: 0
ADC adjusted value for line 3456: 110
ADC validated value for same line: 110
ADC adjusted value for line 3457: 140
ADC validated value for same line: 140
ADC adjusted value for line 3458: 173
ADC validated value for same line: 173
ADC adjusted value for line 3459: 204
ADC validated value for same line: 204
ADC adjusted value for line 3460: 231
ADC validated value for same line: 231
ADC adjusted value for line 3461: 252
ADC validated value for same line: 252
ADC adjusted value for line 3462: 263
ADC validated value for same line: 263
ADC adjusted value for line 3463: 265
ADC validated value for same line: 265
ADC adjusted value for line 3464: 256
ADC validated value for same line: 256
ADC adjusted value for line 3465: 236
ADC validated value for same line: 236
ADC adjusted value for line 3466: 211
ADC validated value for same line: 211
ADC adjusted value for line 3467: 180
ADC validated value for same line: 180
ADC adjusted value for line 3468: 148
ADC validated value for same line: 148
ADC adjusted value for line 3469: 117
ADC validated value for same line: 117
ADC adjusted value for line 3470: 88
ADC validated value for same line: 88
ADC adjusted value for line 3471: 64
ADC validated value for same line: 64
ADC adjusted value for line 3472: 45
ADC validated value for same line: 45
ADC adjusted value for line 3473: 30
ADC validated value for same line: 30
ADC adjusted value for line 3474: 19
ADC validated value for same line: 19
ADC adjusted value for line 3475: 10
ADC validated value for same line: 10
ADC adjusted value for line 3476: 5
ADC validated value for same line: 5
ADC adjusted value for line 3477: 2
ADC validated value for same line: 2
ADC adjusted value for line 3478: 0
ADC validated value for same line: 0
ADC adjusted value for line 3479: -1
ADC validated value for same line: -1
ADC adjusted value for line 3480: -2
ADC validated value for same line: -2
ADC adjusted value for line 3481: -2
ADC validated value for same line: -2
ADC adjusted value for line 3482: -2
ADC validated value for same line: -2
ADC adjusted value for line 3483: -2
ADC validated value for same line: -2
ADC adjusted value for line 3484: -2
ADC validated value for same line: -2
ADC adjusted value for line 3485: -2
ADC validated value for same line: -2
ADC adjusted value for line 3486: -2
ADC validated value for same line: -2
ADC adjusted value for line 3487: -2
ADC validated value for same line: -2
ADC adjusted value for line 3488: -2
ADC validated value for same line: -2
ADC adjusted value for line 3489: -2
ADC validated value for same line: -2
ADC adjusted value for line 3490: -1
ADC validated value for same line: -1
ADC adjusted value for line 3491: -1
ADC validated value for same line: -1
ADC adjusted value for line 3492: -1
ADC validated value for same line: -1
ADC adjusted value for line 3493: -1
ADC validated value for same line: -1
ADC adjusted value for line 3494: -1
ADC validated value for same line: -1
ADC adjusted value for line 3495: -1
ADC validated value for same line: -1
ADC adjusted value for line 3496: -1
ADC validated value for same line: -1
ADC adjusted value for line 3497: -1
ADC validated value for same line: -1
ADC adjusted value for line 3498: -1
ADC validated value for same line: -1
ADC adjusted value for line 3499: -1
ADC validated value for same line: -1
ADC adjusted value for line 3500: 0
ADC validated value for same line: 0
ADC adjusted value for line 3501: 0
ADC validated value for same line: 0
ADC adjusted value for line 3502: 0
ADC validated value for same line: 0
ADC adjusted value for line 3503: 0
ADC validated value for same line: 0
ADC adjusted value for line 3504: 0
ADC validated value for same line: 0
ADC adjusted value for line 3505: 0
ADC validated value for same line: 0
ADC adjusted value for line 3506: 0
ADC validated value for same line: 0
ADC adjusted value for line 3507: 0
ADC validated value for same line: 0
ADC adjusted value for line 3508: 0
ADC validated value for same line: 0
ADC adjusted value for line 3509: 0
ADC validated value for same line: 0
ADC adjusted value for line 3510: 0
ADC validated value for same line: 0
ADC adjusted value for line 3511: 0
ADC validated value for same line: 0
ADC adjusted value for line 3512: 0
ADC validated value for same line: 0
ADC adjusted value for line 3513: 0
ADC validated value for same line: 0
ADC adjusted value for line 3514: 0
ADC validated value for same line: 0
ADC adjusted value for line 3515: 0
ADC validated value for same line: 0
ADC adjusted value for line 3516: 0
ADC validated value for same line: 0
ADC adjusted value for line 3517: 0
ADC validated value for same line: 0
ADC adjusted value for line 3518: 0
ADC validated value for same line: 0
ADC adjusted value for line 3519: 0
ADC validated value for same line: 0
ADC adjusted value for line 3520: 0
ADC validated value for same line: 0
ADC adjusted value for line 3521: 0
ADC validated value for same line: 0
ADC adjusted value for line 3522: 0
ADC validated value for same line: 0
ADC adjusted value for line 3523: 0
ADC validated value for same line: 0
ADC adjusted value for line 3524: 0
ADC validated value for same line: 0
ADC adjusted value for line 3525: 0
ADC validated value for same line: 0
ADC adjusted value for line 3526: 0
ADC validated value for same line: 0
ADC adjusted value for line 3527: 0
ADC validated value for same line: 0
ADC adjusted value for line 3528: 0
ADC validated value for same line: 0
ADC adjusted value for line 3529: 0
ADC validated value for same line: 0
ADC adjusted value for line 3530: 0
ADC validated value for same line: 0
ADC adjusted value for line 3531: 0
ADC validated value for same line: 0
ADC adjusted value for line 3532: 0
ADC validated value for same line: 0
ADC adjusted value for line 3533: 0
ADC validated value for same line: 0
ADC adjusted value for line 3534: 0
ADC validated value for same line: 0
ADC adjusted value for line 3535: 0
ADC validated value for same line: 0
ADC adjusted value for line 3536: 0
ADC validated value for same line: 0
ADC adjusted value for line 3537: 0
ADC validated value for same line: 0
ADC adjusted value for line 3538: 0
ADC validated value for same line: 0
ADC adjusted value for line 3539: 1
ADC validated value for same line: 1
ADC adjusted value for line 3540: 3
ADC validated value for same line: 3
ADC adjusted value for line 3541: 5
ADC validated value for same line: 5
ADC adjusted value for line 3542: 9
ADC validated value for same line: 9
ADC adjusted value for line 3543: 15
ADC validated value for same line: 15
ADC adjusted value for line 3544: 24
ADC validated value for same line: 24
ADC adjusted value for line 3545: 36
ADC validated value for same line: 36
ADC adjusted value for line 3546: 53
ADC validated value for same line: 53
ADC adjusted value for line 3547: 75
ADC validated value for same line: 75
ADC adjusted value for line 3548: 100
ADC validated value for same line: 100
ADC adjusted value for line 3549: 131
ADC validated value for same line: 131
ADC adjusted value for line 3550: 163
ADC validated value for same line: 163
ADC adjusted value for line 3551: 195
ADC validated value for same line: 195
ADC adjusted value for line 3552: 225
ADC validated value for same line: 225
ADC adjusted value for line 3553: 248
ADC validated value for same line: 248
ADC adjusted value for line 3554: 263
ADC validated value for same line: 263
ADC adjusted value for line 3555: 268
ADC validated value for same line: 268
ADC adjusted value for line 3556: 263
ADC validated value for same line: 263
ADC adjusted value for line 3557: 247
ADC validated value for same line: 247
ADC adjusted value for line 3558: 222
ADC validated value for same line: 222
ADC adjusted value for line 3559: 193
ADC validated value for same line: 193
ADC adjusted value for line 3560: 161
ADC validated value for same line: 161
ADC adjusted value for line 3561: 128
ADC validated value for same line: 128
ADC adjusted value for line 3562: 98
ADC validated value for same line: 98
ADC adjusted value for line 3563: 72
ADC validated value for same line: 72
ADC adjusted value for line 3564: 51
ADC validated value for same line: 51
ADC adjusted value for line 3565: 34
ADC validated value for same line: 34
ADC adjusted value for line 3566: 21
ADC validated value for same line: 21
ADC adjusted value for line 3567: 13
ADC validated value for same line: 13
ADC adjusted value for line 3568: 6
ADC validated value for same line: 6
ADC adjusted value for line 3569: 2
ADC validated value for same line: 2
ADC adjusted value for line 3570: -1
ADC validated value for same line: -1
ADC adjusted value for line 3571: -2
ADC validated value for same line: -2
ADC adjusted value for line 3572: -3
ADC validated value for same line: -3
ADC adjusted value for line 3573: -3
ADC validated value for same line: -3
ADC adjusted value for line 3574: -3
ADC validated value for same line: -3
ADC adjusted value for line 3575: -3
ADC validated value for same line: -3
ADC adjusted value for line 3576: -3
ADC validated value for same line: -3
ADC adjusted value for line 3577: -3
ADC validated value for same line: -3
ADC adjusted value for line 3578: -3
ADC validated value for same line: -3
ADC adjusted value for line 3579: -3
ADC validated value for same line: -3
ADC adjusted value for line 3580: -2
ADC validated value for same line: -2
ADC adjusted value for line 3581: -2
ADC validated value for same line: -2
ADC adjusted value for line 3582: -2
ADC validated value for same line: -2
ADC adjusted value for line 3583: -2
ADC validated value for same line: -2
ADC adjusted value for line 3584: 0
ADC validated value for same line: 0
ADC adjusted value for line 3585: 0
ADC validated value for same line: 0
ADC adjusted value for line 3586: 1
ADC validated value for same line: 1
ADC adjusted value for line 3587: 1
ADC validated value for same line: 1
ADC adjusted value for line 3588: 3
ADC validated value for same line: 3
ADC adjusted value for line 3589: 6
ADC validated value for same line: 6
ADC adjusted value for line 3590: 10
ADC validated value for same line: 10
ADC adjusted value for line 3591: 17
ADC validated value for same line: 17
ADC adjusted value for line 3592: 27
ADC validated value for same line: 27
ADC adjusted value for line 3593: 41
ADC validated value for same line: 41
ADC adjusted value for line 3594: 60
ADC validated value for same line: 60
ADC adjusted value for line 3595: 82
ADC validated value for same line: 82
ADC adjusted value for line 3596: 110
ADC validated value for same line: 110
ADC adjusted value for line 3597: 142
ADC validated value for same line: 142
ADC adjusted value for line 3598: 175
ADC validated value for same line: 175
ADC adjusted value for line 3599: 207
ADC validated value for same line: 207
ADC adjusted value for line 3600: 235
ADC validated value for same line: 235
ADC adjusted value for line 3601: 257
ADC validated value for same line: 257
ADC adjusted value for line 3602: 270
ADC validated value for same line: 270
ADC adjusted value for line 3603: 272
ADC validated value for same line: 272
ADC adjusted value for line 3604: 263
ADC validated value for same line: 263
ADC adjusted value for line 3605: 244
ADC validated value for same line: 244
ADC adjusted value for line 3606: 218
ADC validated value for same line: 218
ADC adjusted value for line 3607: 187
ADC validated value for same line: 187
ADC adjusted value for line 3608: 154
ADC validated value for same line: 154
ADC adjusted value for line 3609: 121
ADC validated value for same line: 121
ADC adjusted value for line 3610: 92
ADC validated value for same line: 92
ADC adjusted value for line 3611: 67
ADC validated value for same line: 67
ADC adjusted value for line 3612: 46
ADC validated value for same line: 46
ADC adjusted value for line 3613: 30
ADC validated value for same line: 30
ADC adjusted value for line 3614: 19
ADC validated value for same line: 19
ADC adjusted value for line 3615: 10
ADC validated value for same line: 10
ADC adjusted value for line 3616: 4
ADC validated value for same line: 4
ADC adjusted value for line 3617: 1
ADC validated value for same line: 1
ADC adjusted value for line 3618: -1
ADC validated value for same line: -1
ADC adjusted value for line 3619: -2
ADC validated value for same line: -2
ADC adjusted value for line 3620: -3
ADC validated value for same line: -3
ADC adjusted value for line 3621: -3
ADC validated value for same line: -3
ADC adjusted value for line 3622: -3
ADC validated value for same line: -3
ADC adjusted value for line 3623: -3
ADC validated value for same line: -3
ADC adjusted value for line 3624: -3
ADC validated value for same line: -3
ADC adjusted value for line 3625: -3
ADC validated value for same line: -3
ADC adjusted value for line 3626: -3
ADC validated value for same line: -3
ADC adjusted value for line 3627: -3
ADC validated value for same line: -3
ADC adjusted value for line 3628: -3
ADC validated value for same line: -3
ADC adjusted value for line 3629: -2
ADC validated value for same line: -2
ADC adjusted value for line 3630: -2
ADC validated value for same line: -2
ADC adjusted value for line 3631: -2
ADC validated value for same line: -2
ADC adjusted value for line 3632: -2
ADC validated value for same line: -2
ADC adjusted value for line 3633: -2
ADC validated value for same line: -2
ADC adjusted value for line 3634: -2
ADC validated value for same line: -2
ADC adjusted value for line 3635: -2
ADC validated value for same line: -2
ADC adjusted value for line 3636: -2
ADC validated value for same line: -2
ADC adjusted value for line 3637: -2
ADC validated value for same line: -2
ADC adjusted value for line 3638: -2
ADC validated value for same line: -2
ADC adjusted value for line 3639: -1
ADC validated value for same line: -1
ADC adjusted value for line 3640: -1
ADC validated value for same line: -1
ADC adjusted value for line 3641: -1
ADC validated value for same line: -1
ADC adjusted value for line 3642: -1
ADC validated value for same line: -1
ADC adjusted value for line 3643: -1
ADC validated value for same line: -1
ADC adjusted value for line 3644: -1
ADC validated value for same line: -1
ADC adjusted value for line 3645: -1
ADC validated value for same line: -1
ADC adjusted value for line 3646: -1
ADC validated value for same line: -1
ADC adjusted value for line 3647: -1
ADC validated value for same line: -1
ADC adjusted value for line 3648: 128
ADC validated value for same line: 128
ADC adjusted value for line 3649: 161
ADC validated value for same line: 161
ADC adjusted value for line 3650: 195
ADC validated value for same line: 195
ADC adjusted value for line 3651: 226
ADC validated value for same line: 226
ADC adjusted value for line 3652: 252
ADC validated value for same line: 252
ADC adjusted value for line 3653: 269
ADC validated value for same line: 269
ADC adjusted value for line 3654: 277
ADC validated value for same line: 277
ADC adjusted value for line 3655: 274
ADC validated value for same line: 274
ADC adjusted value for line 3656: 260
ADC validated value for same line: 260
ADC adjusted value for line 3657: 236
ADC validated value for same line: 236
ADC adjusted value for line 3658: 207
ADC validated value for same line: 207
ADC adjusted value for line 3659: 174
ADC validated value for same line: 174
ADC adjusted value for line 3660: 141
ADC validated value for same line: 141
ADC adjusted value for line 3661: 109
ADC validated value for same line: 109
ADC adjusted value for line 3662: 81
ADC validated value for same line: 81
ADC adjusted value for line 3663: 58
ADC validated value for same line: 58
ADC adjusted value for line 3664: 39
ADC validated value for same line: 39
ADC adjusted value for line 3665: 26
ADC validated value for same line: 26
ADC adjusted value for line 3666: 16
ADC validated value for same line: 16
ADC adjusted value for line 3667: 8
ADC validated value for same line: 8
ADC adjusted value for line 3668: 4
ADC validated value for same line: 4
ADC adjusted value for line 3669: 1
ADC validated value for same line: 1
ADC adjusted value for line 3670: -1
ADC validated value for same line: -1
ADC adjusted value for line 3671: -2
ADC validated value for same line: -2
ADC adjusted value for line 3672: -2
ADC validated value for same line: -2
ADC adjusted value for line 3673: -2
ADC validated value for same line: -2
ADC adjusted value for line 3674: -2
ADC validated value for same line: -2
ADC adjusted value for line 3675: -2
ADC validated value for same line: -2
ADC adjusted value for line 3676: -2
ADC validated value for same line: -2
ADC adjusted value for line 3677: -2
ADC validated value for same line: -2
ADC adjusted value for line 3678: -2
ADC validated value for same line: -2
ADC adjusted value for line 3679: -2
ADC validated value for same line: -2
ADC adjusted value for line 3680: -2
ADC validated value for same line: -2
ADC adjusted value for line 3681: -1
ADC validated value for same line: -1
ADC adjusted value for line 3682: -1
ADC validated value for same line: -1
ADC adjusted value for line 3683: -1
ADC validated value for same line: -1
ADC adjusted value for line 3684: -1
ADC validated value for same line: -1
ADC adjusted value for line 3685: -1
ADC validated value for same line: -1
ADC adjusted value for line 3686: -1
ADC validated value for same line: -1
ADC adjusted value for line 3687: -1
ADC validated value for same line: -1
ADC adjusted value for line 3688: -1
ADC validated value for same line: -1
ADC adjusted value for line 3689: -1
ADC validated value for same line: -1
ADC adjusted value for line 3690: -1
ADC validated value for same line: -1
ADC adjusted value for line 3691: 0
ADC validated value for same line: 0
ADC adjusted value for line 3692: 0
ADC validated value for same line: 0
ADC adjusted value for line 3693: 0
ADC validated value for same line: 0
ADC adjusted value for line 3694: 0
ADC validated value for same line: 0
ADC adjusted value for line 3695: 0
ADC validated value for same line: 0
ADC adjusted value for line 3696: 0
ADC validated value for same line: 0
ADC adjusted value for line 3697: 0
ADC validated value for same line: 0
ADC adjusted value for line 3698: 0
ADC validated value for same line: 0
ADC adjusted value for line 3699: 0
ADC validated value for same line: 0
ADC adjusted value for line 3700: 0
ADC validated value for same line: 0
ADC adjusted value for line 3701: 0
ADC validated value for same line: 0
ADC adjusted value for line 3702: 0
ADC validated value for same line: 0
ADC adjusted value for line 3703: 0
ADC validated value for same line: 0
ADC adjusted value for line 3704: 0
ADC validated value for same line: 0
ADC adjusted value for line 3705: 0
ADC validated value for same line: 0
ADC adjusted value for line 3706: 0
ADC validated value for same line: 0
ADC adjusted value for line 3707: 0
ADC validated value for same line: 0
ADC adjusted value for line 3708: 0
ADC validated value for same line: 0
ADC adjusted value for line 3709: 0
ADC validated value for same line: 0
ADC adjusted value for line 3710: 0
ADC validated value for same line: 0
ADC adjusted value for line 3711: 0
ADC validated value for same line: 0
ADC adjusted value for line 3712: 45
ADC validated value for same line: 45
ADC adjusted value for line 3713: 64
ADC validated value for same line: 64
ADC adjusted value for line 3714: 89
ADC validated value for same line: 89
ADC adjusted value for line 3715: 119
ADC validated value for same line: 119
ADC adjusted value for line 3716: 151
ADC validated value for same line: 151
ADC adjusted value for line 3717: 185
ADC validated value for same line: 185
ADC adjusted value for line 3718: 218
ADC validated value for same line: 218
ADC adjusted value for line 3719: 247
ADC validated value for same line: 247
ADC adjusted value for line 3720: 268
ADC validated value for same line: 268
ADC adjusted value for line 3721: 279
ADC validated value for same line: 279
ADC adjusted value for line 3722: 279
ADC validated value for same line: 279
ADC adjusted value for line 3723: 269
ADC validated value for same line: 269
ADC adjusted value for line 3724: 249
ADC validated value for same line: 249
ADC adjusted value for line 3725: 221
ADC validated value for same line: 221
ADC adjusted value for line 3726: 189
ADC validated value for same line: 189
ADC adjusted value for line 3727: 155
ADC validated value for same line: 155
ADC adjusted value for line 3728: 122
ADC validated value for same line: 122
ADC adjusted value for line 3729: 92
ADC validated value for same line: 92
ADC adjusted value for line 3730: 66
ADC validated value for same line: 66
ADC adjusted value for line 3731: 45
ADC validated value for same line: 45
ADC adjusted value for line 3732: 29
ADC validated value for same line: 29
ADC adjusted value for line 3733: 18
ADC validated value for same line: 18
ADC adjusted value for line 3734: 10
ADC validated value for same line: 10
ADC adjusted value for line 3735: 5
ADC validated value for same line: 5
ADC adjusted value for line 3736: 2
ADC validated value for same line: 2
ADC adjusted value for line 3737: 0
ADC validated value for same line: 0
ADC adjusted value for line 3738: -1
ADC validated value for same line: -1
ADC adjusted value for line 3739: -2
ADC validated value for same line: -2
ADC adjusted value for line 3740: -2
ADC validated value for same line: -2
ADC adjusted value for line 3741: -2
ADC validated value for same line: -2
ADC adjusted value for line 3742: -2
ADC validated value for same line: -2
ADC adjusted value for line 3743: -2
ADC validated value for same line: -2
ADC adjusted value for line 3744: -2
ADC validated value for same line: -2
ADC adjusted value for line 3745: -2
ADC validated value for same line: -2
ADC adjusted value for line 3746: -2
ADC validated value for same line: -2
ADC adjusted value for line 3747: -2
ADC validated value for same line: -2
ADC adjusted value for line 3748: -2
ADC validated value for same line: -2
ADC adjusted value for line 3749: -2
ADC validated value for same line: -2
ADC adjusted value for line 3750: -2
ADC validated value for same line: -2
ADC adjusted value for line 3751: -2
ADC validated value for same line: -2
ADC adjusted value for line 3752: -1
ADC validated value for same line: -1
ADC adjusted value for line 3753: -1
ADC validated value for same line: -1
ADC adjusted value for line 3754: -1
ADC validated value for same line: -1
ADC adjusted value for line 3755: -1
ADC validated value for same line: -1
ADC adjusted value for line 3756: -1
ADC validated value for same line: -1
ADC adjusted value for line 3757: -1
ADC validated value for same line: -1
ADC adjusted value for line 3758: -1
ADC validated value for same line: -1
ADC adjusted value for line 3759: -1
ADC validated value for same line: -1
ADC adjusted value for line 3760: -1
ADC validated value for same line: -1
ADC adjusted value for line 3761: -1
ADC validated value for same line: -1
ADC adjusted value for line 3762: 0
ADC validated value for same line: 0
ADC adjusted value for line 3763: 0
ADC validated value for same line: 0
ADC adjusted value for line 3764: 0
ADC validated value for same line: 0
ADC adjusted value for line 3765: 0
ADC validated value for same line: 0
ADC adjusted value for line 3766: 0
ADC validated value for same line: 0
ADC adjusted value for line 3767: 0
ADC validated value for same line: 0
ADC adjusted value for line 3768: 0
ADC validated value for same line: 0
ADC adjusted value for line 3769: 0
ADC validated value for same line: 0
ADC adjusted value for line 3770: 0
ADC validated value for same line: 0
ADC adjusted value for line 3771: 0
ADC validated value for same line: 0
ADC adjusted value for line 3772: 0
ADC validated value for same line: 0
ADC adjusted value for line 3773: 0
ADC validated value for same line: 0
ADC adjusted value for line 3774: 0
ADC validated value for same line: 0
ADC adjusted value for line 3775: 0
ADC validated value for same line: 0
ADC adjusted value for line 3776: 0
ADC validated value for same line: 0
ADC adjusted value for line 3777: 0
ADC validated value for same line: 0
ADC adjusted value for line 3778: 0
ADC validated value for same line: 0
ADC adjusted value for line 3779: 0
ADC validated value for same line: 0
ADC adjusted value for line 3780: 0
ADC validated value for same line: 0
ADC adjusted value for line 3781: 0
ADC validated value for same line: 0
ADC adjusted value for line 3782: 0
ADC validated value for same line: 0
ADC adjusted value for line 3783: 0
ADC validated value for same line: 0
ADC adjusted value for line 3784: 0
ADC validated value for same line: 0
ADC adjusted value for line 3785: 0
ADC validated value for same line: 0
ADC adjusted value for line 3786: 0
ADC validated value for same line: 0
ADC adjusted value for line 3787: 0
ADC validated value for same line: 0
ADC adjusted value for line 3788: 0
ADC validated value for same line: 0
ADC adjusted value for line 3789: 0
ADC validated value for same line: 0
ADC adjusted value for line 3790: 0
ADC validated value for same line: 0
ADC adjusted value for line 3791: 0
ADC validated value for same line: 0
ADC adjusted value for line 3792: 0
ADC validated value for same line: 0
ADC adjusted value for line 3793: 0
ADC validated value for same line: 0
ADC adjusted value for line 3794: 0
ADC validated value for same line: 0
ADC adjusted value for line 3795: 0
ADC validated value for same line: 0
ADC adjusted value for line 3796: 0
ADC validated value for same line: 0
ADC adjusted value for line 3797: 0
ADC validated value for same line: 0
ADC adjusted value for line 3798: 0
ADC validated value for same line: 0
ADC adjusted value for line 3799: 0
ADC validated value for same line: 0
ADC adjusted value for line 3800: 0
ADC validated value for same line: 0
ADC adjusted value for line 3801: 0
ADC validated value for same line: 0
ADC adjusted value for line 3802: 0
ADC validated value for same line: 0
ADC adjusted value for line 3803: 0
ADC validated value for same line: 0
ADC adjusted value for line 3804: 0
ADC validated value for same line: 0
ADC adjusted value for line 3805: 0
ADC validated value for same line: 0
ADC adjusted value for line 3806: 0
ADC validated value for same line: 0
ADC adjusted value for line 3807: 0
ADC validated value for same line: 0
ADC adjusted value for line 3808: 0
ADC validated value for same line: 0
ADC adjusted value for line 3809: 0
ADC validated value for same line: 0
ADC adjusted value for line 3810: 0
ADC validated value for same line: 0
ADC adjusted value for line 3811: 0
ADC validated value for same line: 0
ADC adjusted value for line 3812: 0
ADC validated value for same line: 0
ADC adjusted value for line 3813: 0
ADC validated value for same line: 0
ADC adjusted value for line 3814: 0
ADC validated value for same line: 0
ADC adjusted value for line 3815: 0
ADC validated value for same line: 0
ADC adjusted value for line 3816: 0
ADC validated value for same line: 0
ADC adjusted value for line 3817: 0
ADC validated value for same line: 0
ADC adjusted value for line 3818: 0
ADC validated value for same line: 0
ADC adjusted value for line 3819: 0
ADC validated value for same line: 0
ADC adjusted value for line 3820: 0
ADC validated value for same line: 0
ADC adjusted value for line 3821: 0
ADC validated value for same line: 0
ADC adjusted value for line 3822: 0
ADC validated value for same line: 0
ADC adjusted value for line 3823: 1
ADC validated value for same line: 1
ADC adjusted value for line 3824: 2
ADC validated value for same line: 2
ADC adjusted value for line 3825: 5
ADC validated value for same line: 5
ADC adjusted value for line 3826: 8
ADC validated value for same line: 8
ADC adjusted value for line 3827: 14
ADC validated value for same line: 14
ADC adjusted value for line 3828: 23
ADC validated value for same line: 23
ADC adjusted value for line 3829: 35
ADC validated value for same line: 35
ADC adjusted value for line 3830: 52
ADC validated value for same line: 52
ADC adjusted value for line 3831: 74
ADC validated value for same line: 74
ADC adjusted value for line 3832: 99
ADC validated value for same line: 99
ADC adjusted value for line 3833: 130
ADC validated value for same line: 130
ADC adjusted value for line 3834: 164
ADC validated value for same line: 164
ADC adjusted value for line 3835: 199
ADC validated value for same line: 199
ADC adjusted value for line 3836: 231
ADC validated value for same line: 231
ADC adjusted value for line 3837: 258
ADC validated value for same line: 258
ADC adjusted value for line 3838: 276
ADC validated value for same line: 276
ADC adjusted value for line 3839: 284
ADC validated value for same line: 284
ADC adjusted value for line 3840: 0
ADC validated value for same line: 0
ADC adjusted value for line 3841: 0
ADC validated value for same line: 0
ADC adjusted value for line 3842: 0
ADC validated value for same line: 0
ADC adjusted value for line 3843: 0
ADC validated value for same line: 0
ADC adjusted value for line 3844: 0
ADC validated value for same line: 0
ADC adjusted value for line 3845: 0
ADC validated value for same line: 0
ADC adjusted value for line 3846: 0
ADC validated value for same line: 0
ADC adjusted value for line 3847: 0
ADC validated value for same line: 0
ADC adjusted value for line 3848: 0
ADC validated value for same line: 0
ADC adjusted value for line 3849: 0
ADC validated value for same line: 0
ADC adjusted value for line 3850: 0
ADC validated value for same line: 0
ADC adjusted value for line 3851: 0
ADC validated value for same line: 0
ADC adjusted value for line 3852: 0
ADC validated value for same line: 0
ADC adjusted value for line 3853: 0
ADC validated value for same line: 0
ADC adjusted value for line 3854: 0
ADC validated value for same line: 0
ADC adjusted value for line 3855: 0
ADC validated value for same line: 0
ADC adjusted value for line 3856: 0
ADC validated value for same line: 0
ADC adjusted value for line 3857: 0
ADC validated value for same line: 0
ADC adjusted value for line 3858: 0
ADC validated value for same line: 0
ADC adjusted value for line 3859: 0
ADC validated value for same line: 0
ADC adjusted value for line 3860: 0
ADC validated value for same line: 0
ADC adjusted value for line 3861: 0
ADC validated value for same line: 0
ADC adjusted value for line 3862: 0
ADC validated value for same line: 0
ADC adjusted value for line 3863: 1
ADC validated value for same line: 1
ADC adjusted value for line 3864: 2
ADC validated value for same line: 2
ADC adjusted value for line 3865: 4
ADC validated value for same line: 4
ADC adjusted value for line 3866: 8
ADC validated value for same line: 8
ADC adjusted value for line 3867: 13
ADC validated value for same line: 13
ADC adjusted value for line 3868: 21
ADC validated value for same line: 21
ADC adjusted value for line 3869: 33
ADC validated value for same line: 33
ADC adjusted value for line 3870: 50
ADC validated value for same line: 50
ADC adjusted value for line 3871: 71
ADC validated value for same line: 71
ADC adjusted value for line 3872: 97
ADC validated value for same line: 97
ADC adjusted value for line 3873: 128
ADC validated value for same line: 128
ADC adjusted value for line 3874: 162
ADC validated value for same line: 162
ADC adjusted value for line 3875: 197
ADC validated value for same line: 197
ADC adjusted value for line 3876: 230
ADC validated value for same line: 230
ADC adjusted value for line 3877: 258
ADC validated value for same line: 258
ADC adjusted value for line 3878: 278
ADC validated value for same line: 278
ADC adjusted value for line 3879: 288
ADC validated value for same line: 288
ADC adjusted value for line 3880: 286
ADC validated value for same line: 286
ADC adjusted value for line 3881: 273
ADC validated value for same line: 273
ADC adjusted value for line 3882: 250
ADC validated value for same line: 250
ADC adjusted value for line 3883: 220
ADC validated value for same line: 220
ADC adjusted value for line 3884: 186
ADC validated value for same line: 186
ADC adjusted value for line 3885: 151
ADC validated value for same line: 151
ADC adjusted value for line 3886: 117
ADC validated value for same line: 117
ADC adjusted value for line 3887: 88
ADC validated value for same line: 88
ADC adjusted value for line 3888: 63
ADC validated value for same line: 63
ADC adjusted value for line 3889: 43
ADC validated value for same line: 43
ADC adjusted value for line 3890: 28
ADC validated value for same line: 28
ADC adjusted value for line 3891: 17
ADC validated value for same line: 17
ADC adjusted value for line 3892: 8
ADC validated value for same line: 8
ADC adjusted value for line 3893: 4
ADC validated value for same line: 4
ADC adjusted value for line 3894: 0
ADC validated value for same line: 0
ADC adjusted value for line 3895: -1
ADC validated value for same line: -1
ADC adjusted value for line 3896: -2
ADC validated value for same line: -2
ADC adjusted value for line 3897: -3
ADC validated value for same line: -3
ADC adjusted value for line 3898: -3
ADC validated value for same line: -3
ADC adjusted value for line 3899: -3
ADC validated value for same line: -3
ADC adjusted value for line 3900: -3
ADC validated value for same line: -3
ADC adjusted value for line 3901: -3
ADC validated value for same line: -3
ADC adjusted value for line 3902: -3
ADC validated value for same line: -3
ADC adjusted value for line 3903: -3
ADC validated value for same line: -3
ADC adjusted value for line 3904: 0
ADC validated value for same line: 0
ADC adjusted value for line 3905: 0
ADC validated value for same line: 0
ADC adjusted value for line 3906: 0
ADC validated value for same line: 0
ADC adjusted value for line 3907: 0
ADC validated value for same line: 0
ADC adjusted value for line 3908: 0
ADC validated value for same line: 0
ADC adjusted value for line 3909: 0
ADC validated value for same line: 0
ADC adjusted value for line 3910: 0
ADC validated value for same line: 0
ADC adjusted value for line 3911: 0
ADC validated value for same line: 0
ADC adjusted value for line 3912: 0
ADC validated value for same line: 0
ADC adjusted value for line 3913: 0
ADC validated value for same line: 0
ADC adjusted value for line 3914: 0
ADC validated value for same line: 0
ADC adjusted value for line 3915: 0
ADC validated value for same line: 0
ADC adjusted value for line 3916: 0
ADC validated value for same line: 0
ADC adjusted value for line 3917: 0
ADC validated value for same line: 0
ADC adjusted value for line 3918: 0
ADC validated value for same line: 0
ADC adjusted value for line 3919: 0
ADC validated value for same line: 0
ADC adjusted value for line 3920: 0
ADC validated value for same line: 0
ADC adjusted value for line 3921: 0
ADC validated value for same line: 0
ADC adjusted value for line 3922: 0
ADC validated value for same line: 0
ADC adjusted value for line 3923: 0
ADC validated value for same line: 0
ADC adjusted value for line 3924: 0
ADC validated value for same line: 0
ADC adjusted value for line 3925: 0
ADC validated value for same line: 0
ADC adjusted value for line 3926: 0
ADC validated value for same line: 0
ADC adjusted value for line 3927: 0
ADC validated value for same line: 0
ADC adjusted value for line 3928: 0
ADC validated value for same line: 0
ADC adjusted value for line 3929: 0
ADC validated value for same line: 0
ADC adjusted value for line 3930: 0
ADC validated value for same line: 0
ADC adjusted value for line 3931: 0
ADC validated value for same line: 0
ADC adjusted value for line 3932: 0
ADC validated value for same line: 0
ADC adjusted value for line 3933: 0
ADC validated value for same line: 0
ADC adjusted value for line 3934: 0
ADC validated value for same line: 0
ADC adjusted value for line 3935: 0
ADC validated value for same line: 0
ADC adjusted value for line 3936: 0
ADC validated value for same line: 0
ADC adjusted value for line 3937: 0
ADC validated value for same line: 0
ADC adjusted value for line 3938: 0
ADC validated value for same line: 0
ADC adjusted value for line 3939: 0
ADC validated value for same line: 0
ADC adjusted value for line 3940: 0
ADC validated value for same line: 0
ADC adjusted value for line 3941: 0
ADC validated value for same line: 0
ADC adjusted value for line 3942: 0
ADC validated value for same line: 0
ADC adjusted value for line 3943: 0
ADC validated value for same line: 0
ADC adjusted value for line 3944: 0
ADC validated value for same line: 0
ADC adjusted value for line 3945: 0
ADC validated value for same line: 0
ADC adjusted value for line 3946: 1
ADC validated value for same line: 1
ADC adjusted value for line 3947: 3
ADC validated value for same line: 3
ADC adjusted value for line 3948: 5
ADC validated value for same line: 5
ADC adjusted value for line 3949: 9
ADC validated value for same line: 9
ADC adjusted value for line 3950: 16
ADC validated value for same line: 16
ADC adjusted value for line 3951: 25
ADC validated value for same line: 25
ADC adjusted value for line 3952: 39
ADC validated value for same line: 39
ADC adjusted value for line 3953: 57
ADC validated value for same line: 57
ADC adjusted value for line 3954: 80
ADC validated value for same line: 80
ADC adjusted value for line 3955: 108
ADC validated value for same line: 108
ADC adjusted value for line 3956: 140
ADC validated value for same line: 140
ADC adjusted value for line 3957: 175
ADC validated value for same line: 175
ADC adjusted value for line 3958: 211
ADC validated value for same line: 211
ADC adjusted value for line 3959: 243
ADC validated value for same line: 243
ADC adjusted value for line 3960: 269
ADC validated value for same line: 269
ADC adjusted value for line 3961: 286
ADC validated value for same line: 286
ADC adjusted value for line 3962: 292
ADC validated value for same line: 292
ADC adjusted value for line 3963: 287
ADC validated value for same line: 287
ADC adjusted value for line 3964: 271
ADC validated value for same line: 271
ADC adjusted value for line 3965: 244
ADC validated value for same line: 244
ADC adjusted value for line 3966: 212
ADC validated value for same line: 212
ADC adjusted value for line 3967: 177
ADC validated value for same line: 177
ADC adjusted value for line 3968: 0
ADC validated value for same line: 0
ADC adjusted value for line 3969: 0
ADC validated value for same line: 0
ADC adjusted value for line 3970: 0
ADC validated value for same line: 0
ADC adjusted value for line 3971: 0
ADC validated value for same line: 0
ADC adjusted value for line 3972: 0
ADC validated value for same line: 0
ADC adjusted value for line 3973: 0
ADC validated value for same line: 0
ADC adjusted value for line 3974: 0
ADC validated value for same line: 0
ADC adjusted value for line 3975: 0
ADC validated value for same line: 0
ADC adjusted value for line 3976: 0
ADC validated value for same line: 0
ADC adjusted value for line 3977: 0
ADC validated value for same line: 0
ADC adjusted value for line 3978: 0
ADC validated value for same line: 0
ADC adjusted value for line 3979: 0
ADC validated value for same line: 0
ADC adjusted value for line 3980: 0
ADC validated value for same line: 0
ADC adjusted value for line 3981: 0
ADC validated value for same line: 0
ADC adjusted value for line 3982: 0
ADC validated value for same line: 0
ADC adjusted value for line 3983: 0
ADC validated value for same line: 0
ADC adjusted value for line 3984: 0
ADC validated value for same line: 0
ADC adjusted value for line 3985: 1
ADC validated value for same line: 1
ADC adjusted value for line 3986: 3
ADC validated value for same line: 3
ADC adjusted value for line 3987: 5
ADC validated value for same line: 5
ADC adjusted value for line 3988: 9
ADC validated value for same line: 9
ADC adjusted value for line 3989: 16
ADC validated value for same line: 16
ADC adjusted value for line 3990: 25
ADC validated value for same line: 25
ADC adjusted value for line 3991: 38
ADC validated value for same line: 38
ADC adjusted value for line 3992: 57
ADC validated value for same line: 57
ADC adjusted value for line 3993: 80
ADC validated value for same line: 80
ADC adjusted value for line 3994: 108
ADC validated value for same line: 108
ADC adjusted value for line 3995: 141
ADC validated value for same line: 141
ADC adjusted value for line 3996: 176
ADC validated value for same line: 176
ADC adjusted value for line 3997: 212
ADC validated value for same line: 212
ADC adjusted value for line 3998: 245
ADC validated value for same line: 245
ADC adjusted value for line 3999: 272
ADC validated value for same line: 272
ADC adjusted value for line 4000: 290
ADC validated value for same line: 290
ADC adjusted value for line 4001: 296
ADC validated value for same line: 296
ADC adjusted value for line 4002: 292
ADC validated value for same line: 292
ADC adjusted value for line 4003: 275
ADC validated value for same line: 275
ADC adjusted value for line 4004: 249
ADC validated value for same line: 249
ADC adjusted value for line 4005: 217
ADC validated value for same line: 217
ADC adjusted value for line 4006: 181
ADC validated value for same line: 181
ADC adjusted value for line 4007: 145
ADC validated value for same line: 145
ADC adjusted value for line 4008: 112
ADC validated value for same line: 112
ADC adjusted value for line 4009: 83
ADC validated value for same line: 83
ADC adjusted value for line 4010: 58
ADC validated value for same line: 58
ADC adjusted value for line 4011: 39
ADC validated value for same line: 39
ADC adjusted value for line 4012: 25
ADC validated value for same line: 25
ADC adjusted value for line 4013: 15
ADC validated value for same line: 15
ADC adjusted value for line 4014: 7
ADC validated value for same line: 7
ADC adjusted value for line 4015: 3
ADC validated value for same line: 3
ADC adjusted value for line 4016: 0
ADC validated value for same line: 0
ADC adjusted value for line 4017: -2
ADC validated value for same line: -2
ADC adjusted value for line 4018: -3
ADC validated value for same line: -3
ADC adjusted value for line 4019: -3
ADC validated value for same line: -3
ADC adjusted value for line 4020: -3
ADC validated value for same line: -3
ADC adjusted value for line 4021: -3
ADC validated value for same line: -3
ADC adjusted value for line 4022: -3
ADC validated value for same line: -3
ADC adjusted value for line 4023: -3
ADC validated value for same line: -3
ADC adjusted value for line 4024: -3
ADC validated value for same line: -3
ADC adjusted value for line 4025: -3
ADC validated value for same line: -3
ADC adjusted value for line 4026: -3
ADC validated value for same line: -3
ADC adjusted value for line 4027: -2
ADC validated value for same line: -2
ADC adjusted value for line 4028: -2
ADC validated value for same line: -2
ADC adjusted value for line 4029: -2
ADC validated value for same line: -2
ADC adjusted value for line 4030: -2
ADC validated value for same line: -2
ADC adjusted value for line 4031: -2
ADC validated value for same line: -2
ADC adjusted value for line 4032: 1
ADC validated value for same line: 1
ADC adjusted value for line 4033: 2
ADC validated value for same line: 2
ADC adjusted value for line 4034: 3
ADC validated value for same line: 3
ADC adjusted value for line 4035: 6
ADC validated value for same line: 6
ADC adjusted value for line 4036: 11
ADC validated value for same line: 11
ADC adjusted value for line 4037: 18
ADC validated value for same line: 18
ADC adjusted value for line 4038: 29
ADC validated value for same line: 29
ADC adjusted value for line 4039: 44
ADC validated value for same line: 44
ADC adjusted value for line 4040: 64
ADC validated value for same line: 64
ADC adjusted value for line 4041: 89
ADC validated value for same line: 89
ADC adjusted value for line 4042: 119
ADC validated value for same line: 119
ADC adjusted value for line 4043: 154
ADC validated value for same line: 154
ADC adjusted value for line 4044: 190
ADC validated value for same line: 190
ADC adjusted value for line 4045: 226
ADC validated value for same line: 226
ADC adjusted value for line 4046: 257
ADC validated value for same line: 257
ADC adjusted value for line 4047: 282
ADC validated value for same line: 282
ADC adjusted value for line 4048: 297
ADC validated value for same line: 297
ADC adjusted value for line 4049: 300
ADC validated value for same line: 300
ADC adjusted value for line 4050: 292
ADC validated value for same line: 292
ADC adjusted value for line 4051: 271
ADC validated value for same line: 271
ADC adjusted value for line 4052: 243
ADC validated value for same line: 243
ADC adjusted value for line 4053: 209
ADC validated value for same line: 209
ADC adjusted value for line 4054: 172
ADC validated value for same line: 172
ADC adjusted value for line 4055: 137
ADC validated value for same line: 137
ADC adjusted value for line 4056: 104
ADC validated value for same line: 104
ADC adjusted value for line 4057: 75
ADC validated value for same line: 75
ADC adjusted value for line 4058: 52
ADC validated value for same line: 52
ADC adjusted value for line 4059: 35
ADC validated value for same line: 35
ADC adjusted value for line 4060: 22
ADC validated value for same line: 22
ADC adjusted value for line 4061: 12
ADC validated value for same line: 12
ADC adjusted value for line 4062: 6
ADC validated value for same line: 6
ADC adjusted value for line 4063: 2
ADC validated value for same line: 2
ADC adjusted value for line 4064: -1
ADC validated value for same line: -1
ADC adjusted value for line 4065: -2
ADC validated value for same line: -2
ADC adjusted value for line 4066: -3
ADC validated value for same line: -3
ADC adjusted value for line 4067: -3
ADC validated value for same line: -3
ADC adjusted value for line 4068: -3
ADC validated value for same line: -3
ADC adjusted value for line 4069: -3
ADC validated value for same line: -3
ADC adjusted value for line 4070: -3
ADC validated value for same line: -3
ADC adjusted value for line 4071: -3
ADC validated value for same line: -3
ADC adjusted value for line 4072: -3
ADC validated value for same line: -3
ADC adjusted value for line 4073: -3
ADC validated value for same line: -3
ADC adjusted value for line 4074: -3
ADC validated value for same line: -3
ADC adjusted value for line 4075: -2
ADC validated value for same line: -2
ADC adjusted value for line 4076: -2
ADC validated value for same line: -2
ADC adjusted value for line 4077: -2
ADC validated value for same line: -2
ADC adjusted value for line 4078: -2
ADC validated value for same line: -2
ADC adjusted value for line 4079: -2
ADC validated value for same line: -2
ADC adjusted value for line 4080: -2
ADC validated value for same line: -2
ADC adjusted value for line 4081: -2
ADC validated value for same line: -2
ADC adjusted value for line 4082: -2
ADC validated value for same line: -2
ADC adjusted value for line 4083: -2
ADC validated value for same line: -2
ADC adjusted value for line 4084: -2
ADC validated value for same line: -2
ADC adjusted value for line 4085: -1
ADC validated value for same line: -1
ADC adjusted value for line 4086: -1
ADC validated value for same line: -1
ADC adjusted value for line 4087: -1
ADC validated value for same line: -1
ADC adjusted value for line 4088: -1
ADC validated value for same line: -1
ADC adjusted value for line 4089: -1
ADC validated value for same line: -1
ADC adjusted value for line 4090: -1
ADC validated value for same line: -1
ADC adjusted value for line 4091: -1
ADC validated value for same line: -1
ADC adjusted value for line 4092: -1
ADC validated value for same line: -1
ADC adjusted value for line 4093: -1
ADC validated value for same line: -1
ADC adjusted value for line 4094: -1
ADC validated value for same line: -1
ADC adjusted value for line 4095: 0
ADC validated value for same line: 0
Testbench ran successfully!
INFO: [XSIM 43-3496] Using init file passed via -initfile option "/opt/ppd/tools/xilinx/Vivado/2020.1/data/xsim/ip/xsim_ip.ini".
Vivado Simulator 2020.1
Copyright 1986-1999, 2001-2020 Xilinx, Inc. All Rights Reserved.
Running: /opt/ppd/tools/xilinx/Vivado/2020.1/bin/unwrapped/lnx64.o/xelab xil_defaultlib.apatb_ped_alg_top glbl -prj ped_alg.prj -L smartconnect_v1_0 -L axi_protocol_checker_v1_1_12 -L axi_protocol_checker_v1_1_13 -L axis_protocol_checker_v1_1_11 -L axis_protocol_checker_v1_1_12 -L xil_defaultlib -L unisims -L unisims_ver -L xpm --initfile /opt/ppd/tools/xilinx/Vivado/2020.1/data/xsim/ip/xsim_ip.ini --lib ieee_proposed=./ieee_proposed -s ped_alg 
Multi-threading is on. Using 30 slave threads.
Determining compilation order of HDL files.
INFO: [VRFC 10-2263] Analyzing SystemVerilog file "/net/home/ppd/hmo31799/Documents/dune_project/ped_sub/ped_sub_prj/array_memory_allocation/sim/vhdl/glbl.v" into library work
INFO: [VRFC 10-311] analyzing module glbl
INFO: [VRFC 10-163] Analyzing VHDL file "/net/home/ppd/hmo31799/Documents/dune_project/ped_sub/ped_sub_prj/array_memory_allocation/sim/vhdl/AESL_sim_pkg.vhd" into library xil_defaultlib
INFO: [VRFC 10-163] Analyzing VHDL file "/net/home/ppd/hmo31799/Documents/dune_project/ped_sub/ped_sub_prj/array_memory_allocation/sim/vhdl/ped_alg.autotb.vhd" into library xil_defaultlib
INFO: [VRFC 10-3107] analyzing entity 'apatb_ped_alg_top'
INFO: [VRFC 10-163] Analyzing VHDL file "/net/home/ppd/hmo31799/Documents/dune_project/ped_sub/ped_sub_prj/array_memory_allocation/sim/vhdl/ped_alg.vhd" into library xil_defaultlib
INFO: [VRFC 10-3107] analyzing entity 'ped_alg'
Starting static elaboration
Pass Through NonSizing Optimizer
Completed static elaboration
Starting simulation data flow analysis
Completed simulation data flow analysis
Time Resolution for simulation is 1ps
Compiling package std.standard
Compiling package std.textio
Compiling package ieee.std_logic_1164
Compiling package ieee.std_logic_arith
Compiling package ieee.std_logic_unsigned
Compiling package ieee.numeric_std
Compiling package ieee.std_logic_textio
Compiling module work.glbl
Compiling architecture behav of entity xil_defaultlib.ped_alg [ped_alg_default]
Compiling architecture behav of entity xil_defaultlib.apatb_ped_alg_top
Built simulation snapshot ped_alg

****** Webtalk v2020.1 (64-bit)
  **** SW Build 2902540 on Wed May 27 19:54:35 MDT 2020
  **** IP Build 2902112 on Wed May 27 22:43:36 MDT 2020
    ** Copyright 1986-2020 Xilinx, Inc. All Rights Reserved.

source /net/home/ppd/hmo31799/Documents/dune_project/ped_sub/ped_sub_prj/array_memory_allocation/sim/vhdl/xsim.dir/ped_alg/webtalk/xsim_webtalk.tcl -notrace
INFO: [Common 17-186] '/net/home/ppd/hmo31799/Documents/dune_project/ped_sub/ped_sub_prj/array_memory_allocation/sim/vhdl/xsim.dir/ped_alg/webtalk/usage_statistics_ext_xsim.xml' has been successfully sent to Xilinx on Fri Nov 20 17:01:58 2020. For additional details about this file, please refer to the WebTalk help file at /opt/ppd/tools/xilinx/Vivado/2020.1/doc/webtalk_introduction.html.
INFO: [Common 17-206] Exiting Webtalk at Fri Nov 20 17:01:58 2020...

****** xsim v2020.1 (64-bit)
  **** SW Build 2902540 on Wed May 27 19:54:35 MDT 2020
  **** IP Build 2902112 on Wed May 27 22:43:36 MDT 2020
    ** Copyright 1986-2020 Xilinx, Inc. All Rights Reserved.

source xsim.dir/ped_alg/xsim_script.tcl
# xsim {ped_alg} -autoloadwcfg -tclbatch {ped_alg.tcl}
Vivado Simulator 2020.1
Time resolution is 1 ps
source ped_alg.tcl
## run all
Note: simulation done!
Time: 186810 ns  Iteration: 1  Process: /apatb_ped_alg_top/generate_sim_done_proc  File: /net/home/ppd/hmo31799/Documents/dune_project/ped_sub/ped_sub_prj/array_memory_allocation/sim/vhdl/ped_alg.autotb.vhd
Failure: NORMAL EXIT (note: failure is to force the simulator to stop)
Time: 186810 ns  Iteration: 1  Process: /apatb_ped_alg_top/generate_sim_done_proc  File: /net/home/ppd/hmo31799/Documents/dune_project/ped_sub/ped_sub_prj/array_memory_allocation/sim/vhdl/ped_alg.autotb.vhd
$finish called at time : 186810 ns
## quit
INFO: [Common 17-206] Exiting xsim at Fri Nov 20 17:02:17 2020...
Running algorithm on input file: 


 Final pedestal value for this channel was: 501.
Now loading pedestal and accumulator for channel 1.

 Final pedestal value for this channel was: 500.
Now loading pedestal and accumulator for channel 2.

 Final pedestal value for this channel was: 500.
Now loading pedestal and accumulator for channel 3.

Line 195 had a high tready during attempt 1 so pointer will return to that line and reattempt the scan 

Line 239 had a high tready during attempt 1 so pointer will return to that line and reattempt the scan 

 Final pedestal value for this channel was: 502.
Now loading pedestal and accumulator for channel 4.

 Final pedestal value for this channel was: 500.
Now loading pedestal and accumulator for channel 5.

 Final pedestal value for this channel was: 500.
Now loading pedestal and accumulator for channel 6.

 Final pedestal value for this channel was: 502.
Now loading pedestal and accumulator for channel 7.

 Final pedestal value for this channel was: 502.
Now loading pedestal and accumulator for channel 8.

 Final pedestal value for this channel was: 500.
Now loading pedestal and accumulator for channel 9.

 Final pedestal value for this channel was: 501.
Now loading pedestal and accumulator for channel 10.

Line 661 had a high tready during attempt 1 so pointer will return to that line and reattempt the scan 

 Final pedestal value for this channel was: 500.
Now loading pedestal and accumulator for channel 11.

 Final pedestal value for this channel was: 501.
Now loading pedestal and accumulator for channel 12.

 Final pedestal value for this channel was: 500.
Now loading pedestal and accumulator for channel 13.

 Final pedestal value for this channel was: 502.
Now loading pedestal and accumulator for channel 14.

 Final pedestal value for this channel was: 500.
Now loading pedestal and accumulator for channel 15.

 Final pedestal value for this channel was: 502.
Now loading pedestal and accumulator for channel 16.

 Final pedestal value for this channel was: 500.
Now loading pedestal and accumulator for channel 17.

treset went high, for iteration 1142 so entire process will be reset.
Attempt 1 has ended.

 Final pedestal value for this channel was: 501.
Now loading pedestal and accumulator for channel 1.

 Final pedestal value for this channel was: 500.
Now loading pedestal and accumulator for channel 2.

Line 164 had a high tready during attempt 2 so pointer will return to that line and reattempt the scan 

 Final pedestal value for this channel was: 500.
Now loading pedestal and accumulator for channel 3.

 Final pedestal value for this channel was: 502.
Now loading pedestal and accumulator for channel 4.

 Final pedestal value for this channel was: 500.
Now loading pedestal and accumulator for channel 5.

 Final pedestal value for this channel was: 500.
Now loading pedestal and accumulator for channel 6.

 Final pedestal value for this channel was: 502.
Now loading pedestal and accumulator for channel 7.

 Final pedestal value for this channel was: 502.
Now loading pedestal and accumulator for channel 8.

 Final pedestal value for this channel was: 500.
Now loading pedestal and accumulator for channel 9.

 Final pedestal value for this channel was: 501.
Now loading pedestal and accumulator for channel 10.

Line 690 had a high tready during attempt 2 so pointer will return to that line and reattempt the scan 

 Final pedestal value for this channel was: 500.
Now loading pedestal and accumulator for channel 11.

 Final pedestal value for this channel was: 501.
Now loading pedestal and accumulator for channel 12.

 Final pedestal value for this channel was: 500.
Now loading pedestal and accumulator for channel 13.

 Final pedestal value for this channel was: 502.
Now loading pedestal and accumulator for channel 14.

 Final pedestal value for this channel was: 500.
Now loading pedestal and accumulator for channel 15.

 Final pedestal value for this channel was: 502.
Now loading pedestal and accumulator for channel 16.

 Final pedestal value for this channel was: 500.
Now loading pedestal and accumulator for channel 17.

 Final pedestal value for this channel was: 500.
Now loading pedestal and accumulator for channel 18.

 Final pedestal value for this channel was: 502.
Now loading pedestal and accumulator for channel 19.

 Final pedestal value for this channel was: 502.
Now loading pedestal and accumulator for channel 20.

 Final pedestal value for this channel was: 501.
Now loading pedestal and accumulator for channel 21.

 Final pedestal value for this channel was: 502.
Now loading pedestal and accumulator for channel 22.

 Final pedestal value for this channel was: 502.
Now loading pedestal and accumulator for channel 23.

 Final pedestal value for this channel was: 502.
Now loading pedestal and accumulator for channel 24.

 Final pedestal value for this channel was: 502.
Now loading pedestal and accumulator for channel 25.

 Final pedestal value for this channel was: 502.
Now loading pedestal and accumulator for channel 26.

 Final pedestal value for this channel was: 500.
Now loading pedestal and accumulator for channel 27.

 Final pedestal value for this channel was: 502.
Now loading pedestal and accumulator for channel 28.

 Final pedestal value for this channel was: 502.
Now loading pedestal and accumulator for channel 29.

 Final pedestal value for this channel was: 501.
Now loading pedestal and accumulator for channel 30.

 Final pedestal value for this channel was: 500.
Now loading pedestal and accumulator for channel 31.

 Final pedestal value for this channel was: 502.
Now loading pedestal and accumulator for channel 32.

 Final pedestal value for this channel was: 502.
Now loading pedestal and accumulator for channel 33.

Line 2113 had a high tready during attempt 2 so pointer will return to that line and reattempt the scan 

 Final pedestal value for this channel was: 501.
Now loading pedestal and accumulator for channel 34.

 Final pedestal value for this channel was: 501.
Now loading pedestal and accumulator for channel 35.

 Final pedestal value for this channel was: 502.
Now loading pedestal and accumulator for channel 36.

 Final pedestal value for this channel was: 500.
Now loading pedestal and accumulator for channel 37.

 Final pedestal value for this channel was: 502.
Now loading pedestal and accumulator for channel 38.

 Final pedestal value for this channel was: 500.
Now loading pedestal and accumulator for channel 39.

 Final pedestal value for this channel was: 502.
Now loading pedestal and accumulator for channel 40.

 Final pedestal value for this channel was: 502.
Now loading pedestal and accumulator for channel 41.

 Final pedestal value for this channel was: 502.
Now loading pedestal and accumulator for channel 42.

 Final pedestal value for this channel was: 503.
Now loading pedestal and accumulator for channel 43.

 Final pedestal value for this channel was: 500.
Now loading pedestal and accumulator for channel 44.

 Final pedestal value for this channel was: 502.
Now loading pedestal and accumulator for channel 45.

 Final pedestal value for this channel was: 502.
Now loading pedestal and accumulator for channel 46.

 Final pedestal value for this channel was: 500.
Now loading pedestal and accumulator for channel 47.

 Final pedestal value for this channel was: 501.
Now loading pedestal and accumulator for channel 48.

 Final pedestal value for this channel was: 501.
Now loading pedestal and accumulator for channel 49.

 Final pedestal value for this channel was: 502.
Now loading pedestal and accumulator for channel 50.

 Final pedestal value for this channel was: 500.
Now loading pedestal and accumulator for channel 51.

 Final pedestal value for this channel was: 501.
Now loading pedestal and accumulator for channel 52.

 Final pedestal value for this channel was: 502.
Now loading pedestal and accumulator for channel 53.

 Final pedestal value for this channel was: 500.
Now loading pedestal and accumulator for channel 54.

 Final pedestal value for this channel was: 500.
Now loading pedestal and accumulator for channel 55.

 Final pedestal value for this channel was: 502.
Now loading pedestal and accumulator for channel 56.

 Final pedestal value for this channel was: 501.
Now loading pedestal and accumulator for channel 57.

 Final pedestal value for this channel was: 500.
Now loading pedestal and accumulator for channel 58.

 Final pedestal value for this channel was: 500.
Now loading pedestal and accumulator for channel 59.

 Final pedestal value for this channel was: 501.
Now loading pedestal and accumulator for channel 60.

 Final pedestal value for this channel was: 503.
Now loading pedestal and accumulator for channel 61.

 Final pedestal value for this channel was: 502.
Now loading pedestal and accumulator for channel 62.

 Final pedestal value for this channel was: 502.
Now loading pedestal and accumulator for channel 63.

 Final pedestal value for this channel was: 500.

Last channel processed, returning to channel 0.

 Final pedestal value for this channel was: 501.
Now loading pedestal and accumulator for channel 1.

 Final pedestal value for this channel was: 500.
Now loading pedestal and accumulator for channel 2.

 Final pedestal value for this channel was: 500.
Now loading pedestal and accumulator for channel 3.

Line 4329 had a high tready during attempt 2 so pointer will return to that line and reattempt the scan 

 Final pedestal value for this channel was: 502.
Now loading pedestal and accumulator for channel 4.

 Final pedestal value for this channel was: 500.
Now loading pedestal and accumulator for channel 5.

Line 4455 had a high tready during attempt 2 so pointer will return to that line and reattempt the scan 

 Final pedestal value for this channel was: 500.
Now loading pedestal and accumulator for channel 6.

 Final pedestal value for this channel was: 502.
Now loading pedestal and accumulator for channel 7.

 Final pedestal value for this channel was: 502.
Now loading pedestal and accumulator for channel 8.

 Final pedestal value for this channel was: 500.
Now loading pedestal and accumulator for channel 9.

 Final pedestal value for this channel was: 501.
Now loading pedestal and accumulator for channel 10.

 Final pedestal value for this channel was: 500.
Now loading pedestal and accumulator for channel 11.

 Final pedestal value for this channel was: 501.
Now loading pedestal and accumulator for channel 12.

 Final pedestal value for this channel was: 500.
Now loading pedestal and accumulator for channel 13.

Line 4942 had a high tready during attempt 2 so pointer will return to that line and reattempt the scan 

 Final pedestal value for this channel was: 502.
Now loading pedestal and accumulator for channel 14.

 Final pedestal value for this channel was: 500.
Now loading pedestal and accumulator for channel 15.

Line 5063 had a high tready during attempt 2 so pointer will return to that line and reattempt the scan 

 Final pedestal value for this channel was: 502.
Now loading pedestal and accumulator for channel 16.

 Final pedestal value for this channel was: 500.
Now loading pedestal and accumulator for channel 17.

 Final pedestal value for this channel was: 500.
Now loading pedestal and accumulator for channel 18.

 Final pedestal value for this channel was: 502.
Now loading pedestal and accumulator for channel 19.

 Final pedestal value for this channel was: 502.
Now loading pedestal and accumulator for channel 20.

 Final pedestal value for this channel was: 501.
Now loading pedestal and accumulator for channel 21.

 Final pedestal value for this channel was: 502.
Now loading pedestal and accumulator for channel 22.

 Final pedestal value for this channel was: 502.
Now loading pedestal and accumulator for channel 23.

 Final pedestal value for this channel was: 502.
Now loading pedestal and accumulator for channel 24.

 Final pedestal value for this channel was: 502.
Now loading pedestal and accumulator for channel 25.

 Final pedestal value for this channel was: 502.
Now loading pedestal and accumulator for channel 26.

 Final pedestal value for this channel was: 500.
Now loading pedestal and accumulator for channel 27.

 Final pedestal value for this channel was: 502.
Now loading pedestal and accumulator for channel 28.

 Final pedestal value for this channel was: 502.
Now loading pedestal and accumulator for channel 29.

 Final pedestal value for this channel was: 501.
Now loading pedestal and accumulator for channel 30.

 Final pedestal value for this channel was: 500.
Now loading pedestal and accumulator for channel 31.

 Final pedestal value for this channel was: 502.
Now loading pedestal and accumulator for channel 32.

 Final pedestal value for this channel was: 502.
Now loading pedestal and accumulator for channel 33.

 Final pedestal value for this channel was: 501.
Now loading pedestal and accumulator for channel 34.

 Final pedestal value for this channel was: 501.
Now loading pedestal and accumulator for channel 35.

 Final pedestal value for this channel was: 502.
Now loading pedestal and accumulator for channel 36.

 Final pedestal value for this channel was: 500.
Now loading pedestal and accumulator for channel 37.

 Final pedestal value for this channel was: 502.
Now loading pedestal and accumulator for channel 38.

 Final pedestal value for this channel was: 500.
Now loading pedestal and accumulator for channel 39.

 Final pedestal value for this channel was: 502.
Now loading pedestal and accumulator for channel 40.

 Final pedestal value for this channel was: 502.
Now loading pedestal and accumulator for channel 41.

 Final pedestal value for this channel was: 502.
Now loading pedestal and accumulator for channel 42.

 Final pedestal value for this channel was: 503.
Now loading pedestal and accumulator for channel 43.

 Final pedestal value for this channel was: 500.
Now loading pedestal and accumulator for channel 44.

 Final pedestal value for this channel was: 502.
Now loading pedestal and accumulator for channel 45.

 Final pedestal value for this channel was: 502.
Now loading pedestal and accumulator for channel 46.

 Final pedestal value for this channel was: 500.
Now loading pedestal and accumulator for channel 47.

 Final pedestal value for this channel was: 501.
Now loading pedestal and accumulator for channel 48.

 Final pedestal value for this channel was: 501.
Now loading pedestal and accumulator for channel 49.

 Final pedestal value for this channel was: 502.
Now loading pedestal and accumulator for channel 50.

 Final pedestal value for this channel was: 500.
Now loading pedestal and accumulator for channel 51.

 Final pedestal value for this channel was: 501.
Now loading pedestal and accumulator for channel 52.

 Final pedestal value for this channel was: 502.
Now loading pedestal and accumulator for channel 53.

 Final pedestal value for this channel was: 500.
Now loading pedestal and accumulator for channel 54.

 Final pedestal value for this channel was: 500.
Now loading pedestal and accumulator for channel 55.

 Final pedestal value for this channel was: 502.
Now loading pedestal and accumulator for channel 56.

 Final pedestal value for this channel was: 501.
Now loading pedestal and accumulator for channel 57.

 Final pedestal value for this channel was: 500.
Now loading pedestal and accumulator for channel 58.

Line 7839 had a high tready during attempt 2 so pointer will return to that line and reattempt the scan 

 Final pedestal value for this channel was: 500.
Now loading pedestal and accumulator for channel 59.

 Final pedestal value for this channel was: 501.
Now loading pedestal and accumulator for channel 60.

Line 7976 had a high tready during attempt 2 so pointer will return to that line and reattempt the scan 

 Final pedestal value for this channel was: 503.
Now loading pedestal and accumulator for channel 61.

 Final pedestal value for this channel was: 502.
Now loading pedestal and accumulator for channel 62.

 Final pedestal value for this channel was: 502.
Now loading pedestal and accumulator for channel 63.

 Final pedestal value for this channel was: 500.

Last channel processed, returning to channel 0.

End of scan.




Adjusted ADC value comparison:

ADC adjusted value for line 0: 0
ADC validated value for same line: 0
ADC adjusted value for line 1: 0
ADC validated value for same line: 0
ADC adjusted value for line 2: 0
ADC validated value for same line: 0
ADC adjusted value for line 3: 0
ADC validated value for same line: 0
ADC adjusted value for line 4: 0
ADC validated value for same line: 0
ADC adjusted value for line 5: 0
ADC validated value for same line: 0
ADC adjusted value for line 6: 0
ADC validated value for same line: 0
ADC adjusted value for line 7: 0
ADC validated value for same line: 0
ADC adjusted value for line 8: 0
ADC validated value for same line: 0
ADC adjusted value for line 9: 0
ADC validated value for same line: 0
ADC adjusted value for line 10: 0
ADC validated value for same line: 0
ADC adjusted value for line 11: 0
ADC validated value for same line: 0
ADC adjusted value for line 12: 0
ADC validated value for same line: 0
ADC adjusted value for line 13: 1
ADC validated value for same line: 1
ADC adjusted value for line 14: 1
ADC validated value for same line: 1
ADC adjusted value for line 15: 3
ADC validated value for same line: 3
ADC adjusted value for line 16: 5
ADC validated value for same line: 5
ADC adjusted value for line 17: 7
ADC validated value for same line: 7
ADC adjusted value for line 18: 11
ADC validated value for same line: 11
ADC adjusted value for line 19: 15
ADC validated value for same line: 15
ADC adjusted value for line 20: 20
ADC validated value for same line: 20
ADC adjusted value for line 21: 26
ADC validated value for same line: 26
ADC adjusted value for line 22: 31
ADC validated value for same line: 31
ADC adjusted value for line 23: 37
ADC validated value for same line: 37
ADC adjusted value for line 24: 42
ADC validated value for same line: 42
ADC adjusted value for line 25: 46
ADC validated value for same line: 46
ADC adjusted value for line 26: 48
ADC validated value for same line: 48
ADC adjusted value for line 27: 48
ADC validated value for same line: 48
ADC adjusted value for line 28: 47
ADC validated value for same line: 47
ADC adjusted value for line 29: 43
ADC validated value for same line: 43
ADC adjusted value for line 30: 39
ADC validated value for same line: 39
ADC adjusted value for line 31: 33
ADC validated value for same line: 33
ADC adjusted value for line 32: 26
ADC validated value for same line: 26
ADC adjusted value for line 33: 20
ADC validated value for same line: 20
ADC adjusted value for line 34: 15
ADC validated value for same line: 15
ADC adjusted value for line 35: 10
ADC validated value for same line: 10
ADC adjusted value for line 36: 6
ADC validated value for same line: 6
ADC adjusted value for line 37: 3
ADC validated value for same line: 3
ADC adjusted value for line 38: 1
ADC validated value for same line: 1
ADC adjusted value for line 39: 0
ADC validated value for same line: 0
ADC adjusted value for line 40: -1
ADC validated value for same line: -1
ADC adjusted value for line 41: -2
ADC validated value for same line: -2
ADC adjusted value for line 42: -2
ADC validated value for same line: -2
ADC adjusted value for line 43: -2
ADC validated value for same line: -2
ADC adjusted value for line 44: -2
ADC validated value for same line: -2
ADC adjusted value for line 45: -2
ADC validated value for same line: -2
ADC adjusted value for line 46: -2
ADC validated value for same line: -2
ADC adjusted value for line 47: -2
ADC validated value for same line: -2
ADC adjusted value for line 48: -2
ADC validated value for same line: -2
ADC adjusted value for line 49: -2
ADC validated value for same line: -2
ADC adjusted value for line 50: -2
ADC validated value for same line: -2
ADC adjusted value for line 51: -2
ADC validated value for same line: -2
ADC adjusted value for line 52: -2
ADC validated value for same line: -2
ADC adjusted value for line 53: -2
ADC validated value for same line: -2
ADC adjusted value for line 54: -2
ADC validated value for same line: -2
ADC adjusted value for line 55: -1
ADC validated value for same line: -1
ADC adjusted value for line 56: -1
ADC validated value for same line: -1
ADC adjusted value for line 57: -1
ADC validated value for same line: -1
ADC adjusted value for line 58: -1
ADC validated value for same line: -1
ADC adjusted value for line 59: -1
ADC validated value for same line: -1
ADC adjusted value for line 60: -1
ADC validated value for same line: -1
ADC adjusted value for line 61: -1
ADC validated value for same line: -1
ADC adjusted value for line 62: -1
ADC validated value for same line: -1
ADC adjusted value for line 63: -1
ADC validated value for same line: -1
ADC adjusted value for line 64: 0
ADC validated value for same line: 0
ADC adjusted value for line 65: 1
ADC validated value for same line: 1
ADC adjusted value for line 66: 2
ADC validated value for same line: 2
ADC adjusted value for line 67: 4
ADC validated value for same line: 4
ADC adjusted value for line 68: 6
ADC validated value for same line: 6
ADC adjusted value for line 69: 9
ADC validated value for same line: 9
ADC adjusted value for line 70: 14
ADC validated value for same line: 14
ADC adjusted value for line 71: 19
ADC validated value for same line: 19
ADC adjusted value for line 72: 24
ADC validated value for same line: 24
ADC adjusted value for line 73: 31
ADC validated value for same line: 31
ADC adjusted value for line 74: 36
ADC validated value for same line: 36
ADC adjusted value for line 75: 42
ADC validated value for same line: 42
ADC adjusted value for line 76: 47
ADC validated value for same line: 47
ADC adjusted value for line 77: 51
ADC validated value for same line: 51
ADC adjusted value for line 78: 52
ADC validated value for same line: 52
ADC adjusted value for line 79: 52
ADC validated value for same line: 52
ADC adjusted value for line 80: 49
ADC validated value for same line: 49
ADC adjusted value for line 81: 45
ADC validated value for same line: 45
ADC adjusted value for line 82: 39
ADC validated value for same line: 39
ADC adjusted value for line 83: 33
ADC validated value for same line: 33
ADC adjusted value for line 84: 25
ADC validated value for same line: 25
ADC adjusted value for line 85: 19
ADC validated value for same line: 19
ADC adjusted value for line 86: 14
ADC validated value for same line: 14
ADC adjusted value for line 87: 9
ADC validated value for same line: 9
ADC adjusted value for line 88: 5
ADC validated value for same line: 5
ADC adjusted value for line 89: 3
ADC validated value for same line: 3
ADC adjusted value for line 90: 1
ADC validated value for same line: 1
ADC adjusted value for line 91: 0
ADC validated value for same line: 0
ADC adjusted value for line 92: -1
ADC validated value for same line: -1
ADC adjusted value for line 93: -2
ADC validated value for same line: -2
ADC adjusted value for line 94: -2
ADC validated value for same line: -2
ADC adjusted value for line 95: -2
ADC validated value for same line: -2
ADC adjusted value for line 96: -2
ADC validated value for same line: -2
ADC adjusted value for line 97: -2
ADC validated value for same line: -2
ADC adjusted value for line 98: -2
ADC validated value for same line: -2
ADC adjusted value for line 99: -2
ADC validated value for same line: -2
ADC adjusted value for line 100: -2
ADC validated value for same line: -2
ADC adjusted value for line 101: -2
ADC validated value for same line: -2
ADC adjusted value for line 102: -2
ADC validated value for same line: -2
ADC adjusted value for line 103: -2
ADC validated value for same line: -2
ADC adjusted value for line 104: -2
ADC validated value for same line: -2
ADC adjusted value for line 105: -2
ADC validated value for same line: -2
ADC adjusted value for line 106: -2
ADC validated value for same line: -2
ADC adjusted value for line 107: -1
ADC validated value for same line: -1
ADC adjusted value for line 108: -1
ADC validated value for same line: -1
ADC adjusted value for line 109: -1
ADC validated value for same line: -1
ADC adjusted value for line 110: -1
ADC validated value for same line: -1
ADC adjusted value for line 111: -1
ADC validated value for same line: -1
ADC adjusted value for line 112: -1
ADC validated value for same line: -1
ADC adjusted value for line 113: -1
ADC validated value for same line: -1
ADC adjusted value for line 114: -1
ADC validated value for same line: -1
ADC adjusted value for line 115: -1
ADC validated value for same line: -1
ADC adjusted value for line 116: -1
ADC validated value for same line: -1
ADC adjusted value for line 117: 0
ADC validated value for same line: 0
ADC adjusted value for line 118: 0
ADC validated value for same line: 0
ADC adjusted value for line 119: 0
ADC validated value for same line: 0
ADC adjusted value for line 120: 0
ADC validated value for same line: 0
ADC adjusted value for line 121: 0
ADC validated value for same line: 0
ADC adjusted value for line 122: 0
ADC validated value for same line: 0
ADC adjusted value for line 123: 0
ADC validated value for same line: 0
ADC adjusted value for line 124: 0
ADC validated value for same line: 0
ADC adjusted value for line 125: 0
ADC validated value for same line: 0
ADC adjusted value for line 126: 0
ADC validated value for same line: 0
ADC adjusted value for line 127: 0
ADC validated value for same line: 0
ADC adjusted value for line 128: 57
ADC validated value for same line: 57
ADC adjusted value for line 129: 57
ADC validated value for same line: 57
ADC adjusted value for line 130: 55
ADC validated value for same line: 55
ADC adjusted value for line 131: 52
ADC validated value for same line: 52
ADC adjusted value for line 132: 46
ADC validated value for same line: 46
ADC adjusted value for line 133: 39
ADC validated value for same line: 39
ADC adjusted value for line 134: 32
ADC validated value for same line: 32
ADC adjusted value for line 135: 25
ADC validated value for same line: 25
ADC adjusted value for line 136: 19
ADC validated value for same line: 19
ADC adjusted value for line 137: 13
ADC validated value for same line: 13
ADC adjusted value for line 138: 9
ADC validated value for same line: 9
ADC adjusted value for line 139: 5
ADC validated value for same line: 5
ADC adjusted value for line 140: 3
ADC validated value for same line: 3
ADC adjusted value for line 141: 1
ADC validated value for same line: 1
ADC adjusted value for line 142: 0
ADC validated value for same line: 0
ADC adjusted value for line 143: -1
ADC validated value for same line: -1
ADC adjusted value for line 144: -1
ADC validated value for same line: -1
ADC adjusted value for line 145: -1
ADC validated value for same line: -1
ADC adjusted value for line 146: -1
ADC validated value for same line: -1
ADC adjusted value for line 147: -1
ADC validated value for same line: -1
ADC adjusted value for line 148: -1
ADC validated value for same line: -1
ADC adjusted value for line 149: -1
ADC validated value for same line: -1
ADC adjusted value for line 150: -1
ADC validated value for same line: -1
ADC adjusted value for line 151: -1
ADC validated value for same line: -1
ADC adjusted value for line 152: -1
ADC validated value for same line: -1
ADC adjusted value for line 153: -1
ADC validated value for same line: -1
ADC adjusted value for line 154: -1
ADC validated value for same line: -1
ADC adjusted value for line 155: -1
ADC validated value for same line: -1
ADC adjusted value for line 156: 0
ADC validated value for same line: 0
ADC adjusted value for line 157: 0
ADC validated value for same line: 0
ADC adjusted value for line 158: 0
ADC validated value for same line: 0
ADC adjusted value for line 159: 0
ADC validated value for same line: 0
ADC adjusted value for line 160: 0
ADC validated value for same line: 0
ADC adjusted value for line 161: 0
ADC validated value for same line: 0
ADC adjusted value for line 162: 0
ADC validated value for same line: 0
ADC adjusted value for line 163: 0
ADC validated value for same line: 0
ADC adjusted value for line 164: 0
ADC validated value for same line: 0
ADC adjusted value for line 165: 0
ADC validated value for same line: 0
ADC adjusted value for line 166: 0
ADC validated value for same line: 0
ADC adjusted value for line 167: 0
ADC validated value for same line: 0
ADC adjusted value for line 168: 0
ADC validated value for same line: 0
ADC adjusted value for line 169: 0
ADC validated value for same line: 0
ADC adjusted value for line 170: 0
ADC validated value for same line: 0
ADC adjusted value for line 171: 0
ADC validated value for same line: 0
ADC adjusted value for line 172: 0
ADC validated value for same line: 0
ADC adjusted value for line 173: 0
ADC validated value for same line: 0
ADC adjusted value for line 174: 0
ADC validated value for same line: 0
ADC adjusted value for line 175: 0
ADC validated value for same line: 0
ADC adjusted value for line 176: 0
ADC validated value for same line: 0
ADC adjusted value for line 177: 0
ADC validated value for same line: 0
ADC adjusted value for line 178: 0
ADC validated value for same line: 0
ADC adjusted value for line 179: 0
ADC validated value for same line: 0
ADC adjusted value for line 180: 0
ADC validated value for same line: 0
ADC adjusted value for line 181: 0
ADC validated value for same line: 0
ADC adjusted value for line 182: 0
ADC validated value for same line: 0
ADC adjusted value for line 183: 0
ADC validated value for same line: 0
ADC adjusted value for line 184: 0
ADC validated value for same line: 0
ADC adjusted value for line 185: 0
ADC validated value for same line: 0
ADC adjusted value for line 186: 0
ADC validated value for same line: 0
ADC adjusted value for line 187: 0
ADC validated value for same line: 0
ADC adjusted value for line 188: 0
ADC validated value for same line: 0
ADC adjusted value for line 189: 0
ADC validated value for same line: 0
ADC adjusted value for line 190: 0
ADC validated value for same line: 0
ADC adjusted value for line 191: 0
ADC validated value for same line: 0
ADC adjusted value for line 192: 0
ADC validated value for same line: 0
ADC adjusted value for line 193: 0
ADC validated value for same line: 0
ADC adjusted value for line 194: 0
ADC validated value for same line: 0
ADC adjusted value for line 195: 0
ADC validated value for same line: 0
ADC adjusted value for line 196: 0
ADC validated value for same line: 0
ADC adjusted value for line 197: 0
ADC validated value for same line: 0
ADC adjusted value for line 198: 0
ADC validated value for same line: 0
ADC adjusted value for line 199: 0
ADC validated value for same line: 0
ADC adjusted value for line 200: 0
ADC validated value for same line: 0
ADC adjusted value for line 201: 0
ADC validated value for same line: 0
ADC adjusted value for line 202: 0
ADC validated value for same line: 0
ADC adjusted value for line 203: 0
ADC validated value for same line: 0
ADC adjusted value for line 204: 0
ADC validated value for same line: 0
ADC adjusted value for line 205: 0
ADC validated value for same line: 0
ADC adjusted value for line 206: 0
ADC validated value for same line: 0
ADC adjusted value for line 207: 0
ADC validated value for same line: 0
ADC adjusted value for line 208: 0
ADC validated value for same line: 0
ADC adjusted value for line 209: 0
ADC validated value for same line: 0
ADC adjusted value for line 210: 0
ADC validated value for same line: 0
ADC adjusted value for line 211: 0
ADC validated value for same line: 0
ADC adjusted value for line 212: 0
ADC validated value for same line: 0
ADC adjusted value for line 213: 0
ADC validated value for same line: 0
ADC adjusted value for line 214: 0
ADC validated value for same line: 0
ADC adjusted value for line 215: 0
ADC validated value for same line: 0
ADC adjusted value for line 216: 0
ADC validated value for same line: 0
ADC adjusted value for line 217: 0
ADC validated value for same line: 0
ADC adjusted value for line 218: 0
ADC validated value for same line: 0
ADC adjusted value for line 219: 0
ADC validated value for same line: 0
ADC adjusted value for line 220: 0
ADC validated value for same line: 0
ADC adjusted value for line 221: 0
ADC validated value for same line: 0
ADC adjusted value for line 222: 0
ADC validated value for same line: 0
ADC adjusted value for line 223: 0
ADC validated value for same line: 0
ADC adjusted value for line 224: 0
ADC validated value for same line: 0
ADC adjusted value for line 225: 0
ADC validated value for same line: 0
ADC adjusted value for line 226: 0
ADC validated value for same line: 0
ADC adjusted value for line 227: 0
ADC validated value for same line: 0
ADC adjusted value for line 228: 1
ADC validated value for same line: 1
ADC adjusted value for line 229: 2
ADC validated value for same line: 2
ADC adjusted value for line 230: 3
ADC validated value for same line: 3
ADC adjusted value for line 231: 6
ADC validated value for same line: 6
ADC adjusted value for line 232: 9
ADC validated value for same line: 9
ADC adjusted value for line 233: 13
ADC validated value for same line: 13
ADC adjusted value for line 234: 18
ADC validated value for same line: 18
ADC adjusted value for line 235: 24
ADC validated value for same line: 24
ADC adjusted value for line 236: 31
ADC validated value for same line: 31
ADC adjusted value for line 237: 38
ADC validated value for same line: 38
ADC adjusted value for line 238: 45
ADC validated value for same line: 45
ADC adjusted value for line 239: 52
ADC validated value for same line: 52
ADC adjusted value for line 240: 57
ADC validated value for same line: 57
ADC adjusted value for line 241: 60
ADC validated value for same line: 60
ADC adjusted value for line 242: 60
ADC validated value for same line: 60
ADC adjusted value for line 243: 59
ADC validated value for same line: 59
ADC adjusted value for line 244: 55
ADC validated value for same line: 55
ADC adjusted value for line 245: 49
ADC validated value for same line: 49
ADC adjusted value for line 246: 42
ADC validated value for same line: 42
ADC adjusted value for line 247: 33
ADC validated value for same line: 33
ADC adjusted value for line 248: 26
ADC validated value for same line: 26
ADC adjusted value for line 249: 19
ADC validated value for same line: 19
ADC adjusted value for line 250: 14
ADC validated value for same line: 14
ADC adjusted value for line 251: 9
ADC validated value for same line: 9
ADC adjusted value for line 252: 5
ADC validated value for same line: 5
ADC adjusted value for line 253: 2
ADC validated value for same line: 2
ADC adjusted value for line 254: 1
ADC validated value for same line: 1
ADC adjusted value for line 255: -1
ADC validated value for same line: -1
ADC adjusted value for line 256: 0
ADC validated value for same line: 0
ADC adjusted value for line 257: 0
ADC validated value for same line: 0
ADC adjusted value for line 258: 0
ADC validated value for same line: 0
ADC adjusted value for line 259: 0
ADC validated value for same line: 0
ADC adjusted value for line 260: 0
ADC validated value for same line: 0
ADC adjusted value for line 261: 1
ADC validated value for same line: 1
ADC adjusted value for line 262: 2
ADC validated value for same line: 2
ADC adjusted value for line 263: 3
ADC validated value for same line: 3
ADC adjusted value for line 264: 6
ADC validated value for same line: 6
ADC adjusted value for line 265: 9
ADC validated value for same line: 9
ADC adjusted value for line 266: 13
ADC validated value for same line: 13
ADC adjusted value for line 267: 19
ADC validated value for same line: 19
ADC adjusted value for line 268: 25
ADC validated value for same line: 25
ADC adjusted value for line 269: 33
ADC validated value for same line: 33
ADC adjusted value for line 270: 40
ADC validated value for same line: 40
ADC adjusted value for line 271: 48
ADC validated value for same line: 48
ADC adjusted value for line 272: 55
ADC validated value for same line: 55
ADC adjusted value for line 273: 60
ADC validated value for same line: 60
ADC adjusted value for line 274: 64
ADC validated value for same line: 64
ADC adjusted value for line 275: 64
ADC validated value for same line: 64
ADC adjusted value for line 276: 63
ADC validated value for same line: 63
ADC adjusted value for line 277: 59
ADC validated value for same line: 59
ADC adjusted value for line 278: 53
ADC validated value for same line: 53
ADC adjusted value for line 279: 45
ADC validated value for same line: 45
ADC adjusted value for line 280: 36
ADC validated value for same line: 36
ADC adjusted value for line 281: 29
ADC validated value for same line: 29
ADC adjusted value for line 282: 21
ADC validated value for same line: 21
ADC adjusted value for line 283: 15
ADC validated value for same line: 15
ADC adjusted value for line 284: 10
ADC validated value for same line: 10
ADC adjusted value for line 285: 6
ADC validated value for same line: 6
ADC adjusted value for line 286: 3
ADC validated value for same line: 3
ADC adjusted value for line 287: 1
ADC validated value for same line: 1
ADC adjusted value for line 288: 0
ADC validated value for same line: 0
ADC adjusted value for line 289: -1
ADC validated value for same line: -1
ADC adjusted value for line 290: -2
ADC validated value for same line: -2
ADC adjusted value for line 291: -2
ADC validated value for same line: -2
ADC adjusted value for line 292: -2
ADC validated value for same line: -2
ADC adjusted value for line 293: -2
ADC validated value for same line: -2
ADC adjusted value for line 294: -2
ADC validated value for same line: -2
ADC adjusted value for line 295: -2
ADC validated value for same line: -2
ADC adjusted value for line 296: -2
ADC validated value for same line: -2
ADC adjusted value for line 297: -2
ADC validated value for same line: -2
ADC adjusted value for line 298: -2
ADC validated value for same line: -2
ADC adjusted value for line 299: -2
ADC validated value for same line: -2
ADC adjusted value for line 300: -2
ADC validated value for same line: -2
ADC adjusted value for line 301: -2
ADC validated value for same line: -2
ADC adjusted value for line 302: -2
ADC validated value for same line: -2
ADC adjusted value for line 303: -2
ADC validated value for same line: -2
ADC adjusted value for line 304: -2
ADC validated value for same line: -2
ADC adjusted value for line 305: -1
ADC validated value for same line: -1
ADC adjusted value for line 306: -1
ADC validated value for same line: -1
ADC adjusted value for line 307: -1
ADC validated value for same line: -1
ADC adjusted value for line 308: -1
ADC validated value for same line: -1
ADC adjusted value for line 309: -1
ADC validated value for same line: -1
ADC adjusted value for line 310: -1
ADC validated value for same line: -1
ADC adjusted value for line 311: -1
ADC validated value for same line: -1
ADC adjusted value for line 312: -1
ADC validated value for same line: -1
ADC adjusted value for line 313: -1
ADC validated value for same line: -1
ADC adjusted value for line 314: -1
ADC validated value for same line: -1
ADC adjusted value for line 315: 0
ADC validated value for same line: 0
ADC adjusted value for line 316: 0
ADC validated value for same line: 0
ADC adjusted value for line 317: 0
ADC validated value for same line: 0
ADC adjusted value for line 318: 0
ADC validated value for same line: 0
ADC adjusted value for line 319: 0
ADC validated value for same line: 0
ADC adjusted value for line 320: 57
ADC validated value for same line: 57
ADC adjusted value for line 321: 63
ADC validated value for same line: 63
ADC adjusted value for line 322: 68
ADC validated value for same line: 68
ADC adjusted value for line 323: 69
ADC validated value for same line: 69
ADC adjusted value for line 324: 68
ADC validated value for same line: 68
ADC adjusted value for line 325: 65
ADC validated value for same line: 65
ADC adjusted value for line 326: 59
ADC validated value for same line: 59
ADC adjusted value for line 327: 51
ADC validated value for same line: 51
ADC adjusted value for line 328: 43
ADC validated value for same line: 43
ADC adjusted value for line 329: 34
ADC validated value for same line: 34
ADC adjusted value for line 330: 26
ADC validated value for same line: 26
ADC adjusted value for line 331: 19
ADC validated value for same line: 19
ADC adjusted value for line 332: 13
ADC validated value for same line: 13
ADC adjusted value for line 333: 8
ADC validated value for same line: 8
ADC adjusted value for line 334: 5
ADC validated value for same line: 5
ADC adjusted value for line 335: 3
ADC validated value for same line: 3
ADC adjusted value for line 336: 1
ADC validated value for same line: 1
ADC adjusted value for line 337: 0
ADC validated value for same line: 0
ADC adjusted value for line 338: -1
ADC validated value for same line: -1
ADC adjusted value for line 339: -1
ADC validated value for same line: -1
ADC adjusted value for line 340: -1
ADC validated value for same line: -1
ADC adjusted value for line 341: -1
ADC validated value for same line: -1
ADC adjusted value for line 342: -1
ADC validated value for same line: -1
ADC adjusted value for line 343: -1
ADC validated value for same line: -1
ADC adjusted value for line 344: -1
ADC validated value for same line: -1
ADC adjusted value for line 345: -1
ADC validated value for same line: -1
ADC adjusted value for line 346: -1
ADC validated value for same line: -1
ADC adjusted value for line 347: -1
ADC validated value for same line: -1
ADC adjusted value for line 348: -1
ADC validated value for same line: -1
ADC adjusted value for line 349: -1
ADC validated value for same line: -1
ADC adjusted value for line 350: -1
ADC validated value for same line: -1
ADC adjusted value for line 351: -1
ADC validated value for same line: -1
ADC adjusted value for line 352: -1
ADC validated value for same line: -1
ADC adjusted value for line 353: -1
ADC validated value for same line: -1
ADC adjusted value for line 354: 0
ADC validated value for same line: 0
ADC adjusted value for line 355: 0
ADC validated value for same line: 0
ADC adjusted value for line 356: 0
ADC validated value for same line: 0
ADC adjusted value for line 357: 0
ADC validated value for same line: 0
ADC adjusted value for line 358: 0
ADC validated value for same line: 0
ADC adjusted value for line 359: 0
ADC validated value for same line: 0
ADC adjusted value for line 360: 0
ADC validated value for same line: 0
ADC adjusted value for line 361: 0
ADC validated value for same line: 0
ADC adjusted value for line 362: 0
ADC validated value for same line: 0
ADC adjusted value for line 363: 0
ADC validated value for same line: 0
ADC adjusted value for line 364: 0
ADC validated value for same line: 0
ADC adjusted value for line 365: 0
ADC validated value for same line: 0
ADC adjusted value for line 366: 0
ADC validated value for same line: 0
ADC adjusted value for line 367: 0
ADC validated value for same line: 0
ADC adjusted value for line 368: 0
ADC validated value for same line: 0
ADC adjusted value for line 369: 0
ADC validated value for same line: 0
ADC adjusted value for line 370: 0
ADC validated value for same line: 0
ADC adjusted value for line 371: 0
ADC validated value for same line: 0
ADC adjusted value for line 372: 0
ADC validated value for same line: 0
ADC adjusted value for line 373: 0
ADC validated value for same line: 0
ADC adjusted value for line 374: 0
ADC validated value for same line: 0
ADC adjusted value for line 375: 0
ADC validated value for same line: 0
ADC adjusted value for line 376: 0
ADC validated value for same line: 0
ADC adjusted value for line 377: 0
ADC validated value for same line: 0
ADC adjusted value for line 378: 0
ADC validated value for same line: 0
ADC adjusted value for line 379: 0
ADC validated value for same line: 0
ADC adjusted value for line 380: 0
ADC validated value for same line: 0
ADC adjusted value for line 381: 0
ADC validated value for same line: 0
ADC adjusted value for line 382: 0
ADC validated value for same line: 0
ADC adjusted value for line 383: 0
ADC validated value for same line: 0
ADC adjusted value for line 384: 0
ADC validated value for same line: 0
ADC adjusted value for line 385: 0
ADC validated value for same line: 0
ADC adjusted value for line 386: 0
ADC validated value for same line: 0
ADC adjusted value for line 387: 0
ADC validated value for same line: 0
ADC adjusted value for line 388: 0
ADC validated value for same line: 0
ADC adjusted value for line 389: 0
ADC validated value for same line: 0
ADC adjusted value for line 390: 0
ADC validated value for same line: 0
ADC adjusted value for line 391: 0
ADC validated value for same line: 0
ADC adjusted value for line 392: 0
ADC validated value for same line: 0
ADC adjusted value for line 393: 0
ADC validated value for same line: 0
ADC adjusted value for line 394: 0
ADC validated value for same line: 0
ADC adjusted value for line 395: 0
ADC validated value for same line: 0
ADC adjusted value for line 396: 0
ADC validated value for same line: 0
ADC adjusted value for line 397: 0
ADC validated value for same line: 0
ADC adjusted value for line 398: 0
ADC validated value for same line: 0
ADC adjusted value for line 399: 0
ADC validated value for same line: 0
ADC adjusted value for line 400: 0
ADC validated value for same line: 0
ADC adjusted value for line 401: 0
ADC validated value for same line: 0
ADC adjusted value for line 402: 0
ADC validated value for same line: 0
ADC adjusted value for line 403: 0
ADC validated value for same line: 0
ADC adjusted value for line 404: 0
ADC validated value for same line: 0
ADC adjusted value for line 405: 0
ADC validated value for same line: 0
ADC adjusted value for line 406: 0
ADC validated value for same line: 0
ADC adjusted value for line 407: 0
ADC validated value for same line: 0
ADC adjusted value for line 408: 0
ADC validated value for same line: 0
ADC adjusted value for line 409: 0
ADC validated value for same line: 0
ADC adjusted value for line 410: 0
ADC validated value for same line: 0
ADC adjusted value for line 411: 0
ADC validated value for same line: 0
ADC adjusted value for line 412: 0
ADC validated value for same line: 0
ADC adjusted value for line 413: 0
ADC validated value for same line: 0
ADC adjusted value for line 414: 0
ADC validated value for same line: 0
ADC adjusted value for line 415: 0
ADC validated value for same line: 0
ADC adjusted value for line 416: 0
ADC validated value for same line: 0
ADC adjusted value for line 417: 0
ADC validated value for same line: 0
ADC adjusted value for line 418: 0
ADC validated value for same line: 0
ADC adjusted value for line 419: 0
ADC validated value for same line: 0
ADC adjusted value for line 420: 0
ADC validated value for same line: 0
ADC adjusted value for line 421: 0
ADC validated value for same line: 0
ADC adjusted value for line 422: 0
ADC validated value for same line: 0
ADC adjusted value for line 423: 0
ADC validated value for same line: 0
ADC adjusted value for line 424: 0
ADC validated value for same line: 0
ADC adjusted value for line 425: 0
ADC validated value for same line: 0
ADC adjusted value for line 426: 1
ADC validated value for same line: 1
ADC adjusted value for line 427: 2
ADC validated value for same line: 2
ADC adjusted value for line 428: 4
ADC validated value for same line: 4
ADC adjusted value for line 429: 7
ADC validated value for same line: 7
ADC adjusted value for line 430: 11
ADC validated value for same line: 11
ADC adjusted value for line 431: 16
ADC validated value for same line: 16
ADC adjusted value for line 432: 22
ADC validated value for same line: 22
ADC adjusted value for line 433: 30
ADC validated value for same line: 30
ADC adjusted value for line 434: 38
ADC validated value for same line: 38
ADC adjusted value for line 435: 46
ADC validated value for same line: 46
ADC adjusted value for line 436: 55
ADC validated value for same line: 55
ADC adjusted value for line 437: 63
ADC validated value for same line: 63
ADC adjusted value for line 438: 68
ADC validated value for same line: 68
ADC adjusted value for line 439: 72
ADC validated value for same line: 72
ADC adjusted value for line 440: 72
ADC validated value for same line: 72
ADC adjusted value for line 441: 70
ADC validated value for same line: 70
ADC adjusted value for line 442: 65
ADC validated value for same line: 65
ADC adjusted value for line 443: 58
ADC validated value for same line: 58
ADC adjusted value for line 444: 50
ADC validated value for same line: 50
ADC adjusted value for line 445: 40
ADC validated value for same line: 40
ADC adjusted value for line 446: 31
ADC validated value for same line: 31
ADC adjusted value for line 447: 23
ADC validated value for same line: 23
ADC adjusted value for line 448: 0
ADC validated value for same line: 0
ADC adjusted value for line 449: 0
ADC validated value for same line: 0
ADC adjusted value for line 450: 0
ADC validated value for same line: 0
ADC adjusted value for line 451: 0
ADC validated value for same line: 0
ADC adjusted value for line 452: 0
ADC validated value for same line: 0
ADC adjusted value for line 453: 0
ADC validated value for same line: 0
ADC adjusted value for line 454: 0
ADC validated value for same line: 0
ADC adjusted value for line 455: 0
ADC validated value for same line: 0
ADC adjusted value for line 456: 0
ADC validated value for same line: 0
ADC adjusted value for line 457: 0
ADC validated value for same line: 0
ADC adjusted value for line 458: 0
ADC validated value for same line: 0
ADC adjusted value for line 459: 0
ADC validated value for same line: 0
ADC adjusted value for line 460: 0
ADC validated value for same line: 0
ADC adjusted value for line 461: 0
ADC validated value for same line: 0
ADC adjusted value for line 462: 0
ADC validated value for same line: 0
ADC adjusted value for line 463: 0
ADC validated value for same line: 0
ADC adjusted value for line 464: 0
ADC validated value for same line: 0
ADC adjusted value for line 465: 0
ADC validated value for same line: 0
ADC adjusted value for line 466: 0
ADC validated value for same line: 0
ADC adjusted value for line 467: 0
ADC validated value for same line: 0
ADC adjusted value for line 468: 0
ADC validated value for same line: 0
ADC adjusted value for line 469: 0
ADC validated value for same line: 0
ADC adjusted value for line 470: 0
ADC validated value for same line: 0
ADC adjusted value for line 471: 0
ADC validated value for same line: 0
ADC adjusted value for line 472: 0
ADC validated value for same line: 0
ADC adjusted value for line 473: 0
ADC validated value for same line: 0
ADC adjusted value for line 474: 0
ADC validated value for same line: 0
ADC adjusted value for line 475: 0
ADC validated value for same line: 0
ADC adjusted value for line 476: 0
ADC validated value for same line: 0
ADC adjusted value for line 477: 0
ADC validated value for same line: 0
ADC adjusted value for line 478: 0
ADC validated value for same line: 0
ADC adjusted value for line 479: 0
ADC validated value for same line: 0
ADC adjusted value for line 480: 0
ADC validated value for same line: 0
ADC adjusted value for line 481: 0
ADC validated value for same line: 0
ADC adjusted value for line 482: 0
ADC validated value for same line: 0
ADC adjusted value for line 483: 0
ADC validated value for same line: 0
ADC adjusted value for line 484: 0
ADC validated value for same line: 0
ADC adjusted value for line 485: 0
ADC validated value for same line: 0
ADC adjusted value for line 486: 0
ADC validated value for same line: 0
ADC adjusted value for line 487: 0
ADC validated value for same line: 0
ADC adjusted value for line 488: 0
ADC validated value for same line: 0
ADC adjusted value for line 489: 1
ADC validated value for same line: 1
ADC adjusted value for line 490: 2
ADC validated value for same line: 2
ADC adjusted value for line 491: 3
ADC validated value for same line: 3
ADC adjusted value for line 492: 6
ADC validated value for same line: 6
ADC adjusted value for line 493: 9
ADC validated value for same line: 9
ADC adjusted value for line 494: 13
ADC validated value for same line: 13
ADC adjusted value for line 495: 19
ADC validated value for same line: 19
ADC adjusted value for line 496: 27
ADC validated value for same line: 27
ADC adjusted value for line 497: 35
ADC validated value for same line: 35
ADC adjusted value for line 498: 43
ADC validated value for same line: 43
ADC adjusted value for line 499: 53
ADC validated value for same line: 53
ADC adjusted value for line 500: 61
ADC validated value for same line: 61
ADC adjusted value for line 501: 69
ADC validated value for same line: 69
ADC adjusted value for line 502: 74
ADC validated value for same line: 74
ADC adjusted value for line 503: 76
ADC validated value for same line: 76
ADC adjusted value for line 504: 76
ADC validated value for same line: 76
ADC adjusted value for line 505: 72
ADC validated value for same line: 72
ADC adjusted value for line 506: 66
ADC validated value for same line: 66
ADC adjusted value for line 507: 58
ADC validated value for same line: 58
ADC adjusted value for line 508: 47
ADC validated value for same line: 47
ADC adjusted value for line 509: 38
ADC validated value for same line: 38
ADC adjusted value for line 510: 29
ADC validated value for same line: 29
ADC adjusted value for line 511: 21
ADC validated value for same line: 21
ADC adjusted value for line 512: 0
ADC validated value for same line: 0
ADC adjusted value for line 513: 0
ADC validated value for same line: 0
ADC adjusted value for line 514: 1
ADC validated value for same line: 1
ADC adjusted value for line 515: 2
ADC validated value for same line: 2
ADC adjusted value for line 516: 4
ADC validated value for same line: 4
ADC adjusted value for line 517: 7
ADC validated value for same line: 7
ADC adjusted value for line 518: 11
ADC validated value for same line: 11
ADC adjusted value for line 519: 16
ADC validated value for same line: 16
ADC adjusted value for line 520: 23
ADC validated value for same line: 23
ADC adjusted value for line 521: 31
ADC validated value for same line: 31
ADC adjusted value for line 522: 40
ADC validated value for same line: 40
ADC adjusted value for line 523: 49
ADC validated value for same line: 49
ADC adjusted value for line 524: 59
ADC validated value for same line: 59
ADC adjusted value for line 525: 68
ADC validated value for same line: 68
ADC adjusted value for line 526: 75
ADC validated value for same line: 75
ADC adjusted value for line 527: 79
ADC validated value for same line: 79
ADC adjusted value for line 528: 80
ADC validated value for same line: 80
ADC adjusted value for line 529: 79
ADC validated value for same line: 79
ADC adjusted value for line 530: 74
ADC validated value for same line: 74
ADC adjusted value for line 531: 66
ADC validated value for same line: 66
ADC adjusted value for line 532: 57
ADC validated value for same line: 57
ADC adjusted value for line 533: 46
ADC validated value for same line: 46
ADC adjusted value for line 534: 37
ADC validated value for same line: 37
ADC adjusted value for line 535: 27
ADC validated value for same line: 27
ADC adjusted value for line 536: 20
ADC validated value for same line: 20
ADC adjusted value for line 537: 13
ADC validated value for same line: 13
ADC adjusted value for line 538: 8
ADC validated value for same line: 8
ADC adjusted value for line 539: 4
ADC validated value for same line: 4
ADC adjusted value for line 540: 2
ADC validated value for same line: 2
ADC adjusted value for line 541: 0
ADC validated value for same line: 0
ADC adjusted value for line 542: -1
ADC validated value for same line: -1
ADC adjusted value for line 543: -2
ADC validated value for same line: -2
ADC adjusted value for line 544: -2
ADC validated value for same line: -2
ADC adjusted value for line 545: -2
ADC validated value for same line: -2
ADC adjusted value for line 546: -2
ADC validated value for same line: -2
ADC adjusted value for line 547: -2
ADC validated value for same line: -2
ADC adjusted value for line 548: -2
ADC validated value for same line: -2
ADC adjusted value for line 549: -2
ADC validated value for same line: -2
ADC adjusted value for line 550: -2
ADC validated value for same line: -2
ADC adjusted value for line 551: -2
ADC validated value for same line: -2
ADC adjusted value for line 552: -2
ADC validated value for same line: -2
ADC adjusted value for line 553: -2
ADC validated value for same line: -2
ADC adjusted value for line 554: -2
ADC validated value for same line: -2
ADC adjusted value for line 555: -2
ADC validated value for same line: -2
ADC adjusted value for line 556: -2
ADC validated value for same line: -2
ADC adjusted value for line 557: -2
ADC validated value for same line: -2
ADC adjusted value for line 558: -1
ADC validated value for same line: -1
ADC adjusted value for line 559: -1
ADC validated value for same line: -1
ADC adjusted value for line 560: -1
ADC validated value for same line: -1
ADC adjusted value for line 561: -1
ADC validated value for same line: -1
ADC adjusted value for line 562: -1
ADC validated value for same line: -1
ADC adjusted value for line 563: -1
ADC validated value for same line: -1
ADC adjusted value for line 564: -1
ADC validated value for same line: -1
ADC adjusted value for line 565: -1
ADC validated value for same line: -1
ADC adjusted value for line 566: -1
ADC validated value for same line: -1
ADC adjusted value for line 567: -1
ADC validated value for same line: -1
ADC adjusted value for line 568: 0
ADC validated value for same line: 0
ADC adjusted value for line 569: 0
ADC validated value for same line: 0
ADC adjusted value for line 570: 0
ADC validated value for same line: 0
ADC adjusted value for line 571: 0
ADC validated value for same line: 0
ADC adjusted value for line 572: 0
ADC validated value for same line: 0
ADC adjusted value for line 573: 0
ADC validated value for same line: 0
ADC adjusted value for line 574: 0
ADC validated value for same line: 0
ADC adjusted value for line 575: 0
ADC validated value for same line: 0
ADC adjusted value for line 576: 0
ADC validated value for same line: 0
ADC adjusted value for line 577: 0
ADC validated value for same line: 0
ADC adjusted value for line 578: 0
ADC validated value for same line: 0
ADC adjusted value for line 579: 0
ADC validated value for same line: 0
ADC adjusted value for line 580: 0
ADC validated value for same line: 0
ADC adjusted value for line 581: 0
ADC validated value for same line: 0
ADC adjusted value for line 582: 0
ADC validated value for same line: 0
ADC adjusted value for line 583: 0
ADC validated value for same line: 0
ADC adjusted value for line 584: 0
ADC validated value for same line: 0
ADC adjusted value for line 585: 0
ADC validated value for same line: 0
ADC adjusted value for line 586: 0
ADC validated value for same line: 0
ADC adjusted value for line 587: 0
ADC validated value for same line: 0
ADC adjusted value for line 588: 0
ADC validated value for same line: 0
ADC adjusted value for line 589: 0
ADC validated value for same line: 0
ADC adjusted value for line 590: 0
ADC validated value for same line: 0
ADC adjusted value for line 591: 0
ADC validated value for same line: 0
ADC adjusted value for line 592: 0
ADC validated value for same line: 0
ADC adjusted value for line 593: 0
ADC validated value for same line: 0
ADC adjusted value for line 594: 0
ADC validated value for same line: 0
ADC adjusted value for line 595: 0
ADC validated value for same line: 0
ADC adjusted value for line 596: 0
ADC validated value for same line: 0
ADC adjusted value for line 597: 0
ADC validated value for same line: 0
ADC adjusted value for line 598: 0
ADC validated value for same line: 0
ADC adjusted value for line 599: 0
ADC validated value for same line: 0
ADC adjusted value for line 600: 0
ADC validated value for same line: 0
ADC adjusted value for line 601: 0
ADC validated value for same line: 0
ADC adjusted value for line 602: 0
ADC validated value for same line: 0
ADC adjusted value for line 603: 0
ADC validated value for same line: 0
ADC adjusted value for line 604: 0
ADC validated value for same line: 0
ADC adjusted value for line 605: 0
ADC validated value for same line: 0
ADC adjusted value for line 606: 0
ADC validated value for same line: 0
ADC adjusted value for line 607: 0
ADC validated value for same line: 0
ADC adjusted value for line 608: 0
ADC validated value for same line: 0
ADC adjusted value for line 609: 0
ADC validated value for same line: 0
ADC adjusted value for line 610: 0
ADC validated value for same line: 0
ADC adjusted value for line 611: 0
ADC validated value for same line: 0
ADC adjusted value for line 612: 0
ADC validated value for same line: 0
ADC adjusted value for line 613: 0
ADC validated value for same line: 0
ADC adjusted value for line 614: 0
ADC validated value for same line: 0
ADC adjusted value for line 615: 0
ADC validated value for same line: 0
ADC adjusted value for line 616: 0
ADC validated value for same line: 0
ADC adjusted value for line 617: 0
ADC validated value for same line: 0
ADC adjusted value for line 618: 0
ADC validated value for same line: 0
ADC adjusted value for line 619: 0
ADC validated value for same line: 0
ADC adjusted value for line 620: 0
ADC validated value for same line: 0
ADC adjusted value for line 621: 0
ADC validated value for same line: 0
ADC adjusted value for line 622: 1
ADC validated value for same line: 1
ADC adjusted value for line 623: 2
ADC validated value for same line: 2
ADC adjusted value for line 624: 3
ADC validated value for same line: 3
ADC adjusted value for line 625: 6
ADC validated value for same line: 6
ADC adjusted value for line 626: 9
ADC validated value for same line: 9
ADC adjusted value for line 627: 14
ADC validated value for same line: 14
ADC adjusted value for line 628: 20
ADC validated value for same line: 20
ADC adjusted value for line 629: 28
ADC validated value for same line: 28
ADC adjusted value for line 630: 37
ADC validated value for same line: 37
ADC adjusted value for line 631: 46
ADC validated value for same line: 46
ADC adjusted value for line 632: 56
ADC validated value for same line: 56
ADC adjusted value for line 633: 66
ADC validated value for same line: 66
ADC adjusted value for line 634: 75
ADC validated value for same line: 75
ADC adjusted value for line 635: 81
ADC validated value for same line: 81
ADC adjusted value for line 636: 84
ADC validated value for same line: 84
ADC adjusted value for line 637: 84
ADC validated value for same line: 84
ADC adjusted value for line 638: 80
ADC validated value for same line: 80
ADC adjusted value for line 639: 74
ADC validated value for same line: 74
ADC adjusted value for line 640: 0
ADC validated value for same line: 0
ADC adjusted value for line 641: 0
ADC validated value for same line: 0
ADC adjusted value for line 642: 1
ADC validated value for same line: 1
ADC adjusted value for line 643: 2
ADC validated value for same line: 2
ADC adjusted value for line 644: 4
ADC validated value for same line: 4
ADC adjusted value for line 645: 7
ADC validated value for same line: 7
ADC adjusted value for line 646: 11
ADC validated value for same line: 11
ADC adjusted value for line 647: 17
ADC validated value for same line: 17
ADC adjusted value for line 648: 24
ADC validated value for same line: 24
ADC adjusted value for line 649: 33
ADC validated value for same line: 33
ADC adjusted value for line 650: 43
ADC validated value for same line: 43
ADC adjusted value for line 651: 52
ADC validated value for same line: 52
ADC adjusted value for line 652: 63
ADC validated value for same line: 63
ADC adjusted value for line 653: 73
ADC validated value for same line: 73
ADC adjusted value for line 654: 81
ADC validated value for same line: 81
ADC adjusted value for line 655: 87
ADC validated value for same line: 87
ADC adjusted value for line 656: 88
ADC validated value for same line: 88
ADC adjusted value for line 657: 87
ADC validated value for same line: 87
ADC adjusted value for line 658: 82
ADC validated value for same line: 82
ADC adjusted value for line 659: 74
ADC validated value for same line: 74
ADC adjusted value for line 660: 64
ADC validated value for same line: 64
ADC adjusted value for line 661: 53
ADC validated value for same line: 53
ADC adjusted value for line 662: 42
ADC validated value for same line: 42
ADC adjusted value for line 663: 32
ADC validated value for same line: 32
ADC adjusted value for line 664: 23
ADC validated value for same line: 23
ADC adjusted value for line 665: 16
ADC validated value for same line: 16
ADC adjusted value for line 666: 10
ADC validated value for same line: 10
ADC adjusted value for line 667: 6
ADC validated value for same line: 6
ADC adjusted value for line 668: 3
ADC validated value for same line: 3
ADC adjusted value for line 669: 1
ADC validated value for same line: 1
ADC adjusted value for line 670: -1
ADC validated value for same line: -1
ADC adjusted value for line 671: -1
ADC validated value for same line: -1
ADC adjusted value for line 672: -2
ADC validated value for same line: -2
ADC adjusted value for line 673: -2
ADC validated value for same line: -2
ADC adjusted value for line 674: -2
ADC validated value for same line: -2
ADC adjusted value for line 675: -2
ADC validated value for same line: -2
ADC adjusted value for line 676: -2
ADC validated value for same line: -2
ADC adjusted value for line 677: -2
ADC validated value for same line: -2
ADC adjusted value for line 678: -2
ADC validated value for same line: -2
ADC adjusted value for line 679: -2
ADC validated value for same line: -2
ADC adjusted value for line 680: -2
ADC validated value for same line: -2
ADC adjusted value for line 681: -2
ADC validated value for same line: -2
ADC adjusted value for line 682: -2
ADC validated value for same line: -2
ADC adjusted value for line 683: -2
ADC validated value for same line: -2
ADC adjusted value for line 684: -2
ADC validated value for same line: -2
ADC adjusted value for line 685: -2
ADC validated value for same line: -2
ADC adjusted value for line 686: -2
ADC validated value for same line: -2
ADC adjusted value for line 687: -1
ADC validated value for same line: -1
ADC adjusted value for line 688: -1
ADC validated value for same line: -1
ADC adjusted value for line 689: -1
ADC validated value for same line: -1
ADC adjusted value for line 690: -1
ADC validated value for same line: -1
ADC adjusted value for line 691: -1
ADC validated value for same line: -1
ADC adjusted value for line 692: -1
ADC validated value for same line: -1
ADC adjusted value for line 693: -1
ADC validated value for same line: -1
ADC adjusted value for line 694: -1
ADC validated value for same line: -1
ADC adjusted value for line 695: -1
ADC validated value for same line: -1
ADC adjusted value for line 696: -1
ADC validated value for same line: -1
ADC adjusted value for line 697: 0
ADC validated value for same line: 0
ADC adjusted value for line 698: 0
ADC validated value for same line: 0
ADC adjusted value for line 699: 0
ADC validated value for same line: 0
ADC adjusted value for line 700: 0
ADC validated value for same line: 0
ADC adjusted value for line 701: 0
ADC validated value for same line: 0
ADC adjusted value for line 702: 0
ADC validated value for same line: 0
ADC adjusted value for line 703: 0
ADC validated value for same line: 0
ADC adjusted value for line 704: 0
ADC validated value for same line: 0
ADC adjusted value for line 705: 0
ADC validated value for same line: 0
ADC adjusted value for line 706: 0
ADC validated value for same line: 0
ADC adjusted value for line 707: 0
ADC validated value for same line: 0
ADC adjusted value for line 708: 0
ADC validated value for same line: 0
ADC adjusted value for line 709: 0
ADC validated value for same line: 0
ADC adjusted value for line 710: 0
ADC validated value for same line: 0
ADC adjusted value for line 711: 0
ADC validated value for same line: 0
ADC adjusted value for line 712: 0
ADC validated value for same line: 0
ADC adjusted value for line 713: 0
ADC validated value for same line: 0
ADC adjusted value for line 714: 0
ADC validated value for same line: 0
ADC adjusted value for line 715: 0
ADC validated value for same line: 0
ADC adjusted value for line 716: 0
ADC validated value for same line: 0
ADC adjusted value for line 717: 0
ADC validated value for same line: 0
ADC adjusted value for line 718: 0
ADC validated value for same line: 0
ADC adjusted value for line 719: 0
ADC validated value for same line: 0
ADC adjusted value for line 720: 0
ADC validated value for same line: 0
ADC adjusted value for line 721: 0
ADC validated value for same line: 0
ADC adjusted value for line 722: 0
ADC validated value for same line: 0
ADC adjusted value for line 723: 0
ADC validated value for same line: 0
ADC adjusted value for line 724: 0
ADC validated value for same line: 0
ADC adjusted value for line 725: 0
ADC validated value for same line: 0
ADC adjusted value for line 726: 0
ADC validated value for same line: 0
ADC adjusted value for line 727: 0
ADC validated value for same line: 0
ADC adjusted value for line 728: 0
ADC validated value for same line: 0
ADC adjusted value for line 729: 0
ADC validated value for same line: 0
ADC adjusted value for line 730: 0
ADC validated value for same line: 0
ADC adjusted value for line 731: 0
ADC validated value for same line: 0
ADC adjusted value for line 732: 0
ADC validated value for same line: 0
ADC adjusted value for line 733: 0
ADC validated value for same line: 0
ADC adjusted value for line 734: 0
ADC validated value for same line: 0
ADC adjusted value for line 735: 0
ADC validated value for same line: 0
ADC adjusted value for line 736: 0
ADC validated value for same line: 0
ADC adjusted value for line 737: 0
ADC validated value for same line: 0
ADC adjusted value for line 738: 0
ADC validated value for same line: 0
ADC adjusted value for line 739: 0
ADC validated value for same line: 0
ADC adjusted value for line 740: 0
ADC validated value for same line: 0
ADC adjusted value for line 741: 0
ADC validated value for same line: 0
ADC adjusted value for line 742: 0
ADC validated value for same line: 0
ADC adjusted value for line 743: 0
ADC validated value for same line: 0
ADC adjusted value for line 744: 0
ADC validated value for same line: 0
ADC adjusted value for line 745: 0
ADC validated value for same line: 0
ADC adjusted value for line 746: 0
ADC validated value for same line: 0
ADC adjusted value for line 747: 0
ADC validated value for same line: 0
ADC adjusted value for line 748: 0
ADC validated value for same line: 0
ADC adjusted value for line 749: 0
ADC validated value for same line: 0
ADC adjusted value for line 750: 0
ADC validated value for same line: 0
ADC adjusted value for line 751: 0
ADC validated value for same line: 0
ADC adjusted value for line 752: 0
ADC validated value for same line: 0
ADC adjusted value for line 753: 1
ADC validated value for same line: 1
ADC adjusted value for line 754: 2
ADC validated value for same line: 2
ADC adjusted value for line 755: 4
ADC validated value for same line: 4
ADC adjusted value for line 756: 7
ADC validated value for same line: 7
ADC adjusted value for line 757: 11
ADC validated value for same line: 11
ADC adjusted value for line 758: 16
ADC validated value for same line: 16
ADC adjusted value for line 759: 23
ADC validated value for same line: 23
ADC adjusted value for line 760: 32
ADC validated value for same line: 32
ADC adjusted value for line 761: 42
ADC validated value for same line: 42
ADC adjusted value for line 762: 52
ADC validated value for same line: 52
ADC adjusted value for line 763: 63
ADC validated value for same line: 63
ADC adjusted value for line 764: 74
ADC validated value for same line: 74
ADC adjusted value for line 765: 83
ADC validated value for same line: 83
ADC adjusted value for line 766: 89
ADC validated value for same line: 89
ADC adjusted value for line 767: 92
ADC validated value for same line: 92
ADC adjusted value for line 768: 0
ADC validated value for same line: 0
ADC adjusted value for line 769: 0
ADC validated value for same line: 0
ADC adjusted value for line 770: 0
ADC validated value for same line: 0
ADC adjusted value for line 771: 0
ADC validated value for same line: 0
ADC adjusted value for line 772: 0
ADC validated value for same line: 0
ADC adjusted value for line 773: 1
ADC validated value for same line: 1
ADC adjusted value for line 774: 2
ADC validated value for same line: 2
ADC adjusted value for line 775: 4
ADC validated value for same line: 4
ADC adjusted value for line 776: 7
ADC validated value for same line: 7
ADC adjusted value for line 777: 11
ADC validated value for same line: 11
ADC adjusted value for line 778: 17
ADC validated value for same line: 17
ADC adjusted value for line 779: 25
ADC validated value for same line: 25
ADC adjusted value for line 780: 34
ADC validated value for same line: 34
ADC adjusted value for line 781: 44
ADC validated value for same line: 44
ADC adjusted value for line 782: 55
ADC validated value for same line: 55
ADC adjusted value for line 783: 67
ADC validated value for same line: 67
ADC adjusted value for line 784: 78
ADC validated value for same line: 78
ADC adjusted value for line 785: 87
ADC validated value for same line: 87
ADC adjusted value for line 786: 93
ADC validated value for same line: 93
ADC adjusted value for line 787: 96
ADC validated value for same line: 96
ADC adjusted value for line 788: 95
ADC validated value for same line: 95
ADC adjusted value for line 789: 91
ADC validated value for same line: 91
ADC adjusted value for line 790: 83
ADC validated value for same line: 83
ADC adjusted value for line 791: 73
ADC validated value for same line: 73
ADC adjusted value for line 792: 60
ADC validated value for same line: 60
ADC adjusted value for line 793: 48
ADC validated value for same line: 48
ADC adjusted value for line 794: 37
ADC validated value for same line: 37
ADC adjusted value for line 795: 27
ADC validated value for same line: 27
ADC adjusted value for line 796: 19
ADC validated value for same line: 19
ADC adjusted value for line 797: 12
ADC validated value for same line: 12
ADC adjusted value for line 798: 7
ADC validated value for same line: 7
ADC adjusted value for line 799: 4
ADC validated value for same line: 4
ADC adjusted value for line 800: 1
ADC validated value for same line: 1
ADC adjusted value for line 801: 0
ADC validated value for same line: 0
ADC adjusted value for line 802: -1
ADC validated value for same line: -1
ADC adjusted value for line 803: -2
ADC validated value for same line: -2
ADC adjusted value for line 804: -2
ADC validated value for same line: -2
ADC adjusted value for line 805: -2
ADC validated value for same line: -2
ADC adjusted value for line 806: -2
ADC validated value for same line: -2
ADC adjusted value for line 807: -2
ADC validated value for same line: -2
ADC adjusted value for line 808: -2
ADC validated value for same line: -2
ADC adjusted value for line 809: -2
ADC validated value for same line: -2
ADC adjusted value for line 810: -2
ADC validated value for same line: -2
ADC adjusted value for line 811: -2
ADC validated value for same line: -2
ADC adjusted value for line 812: -2
ADC validated value for same line: -2
ADC adjusted value for line 813: -2
ADC validated value for same line: -2
ADC adjusted value for line 814: -2
ADC validated value for same line: -2
ADC adjusted value for line 815: -2
ADC validated value for same line: -2
ADC adjusted value for line 816: -2
ADC validated value for same line: -2
ADC adjusted value for line 817: -2
ADC validated value for same line: -2
ADC adjusted value for line 818: -2
ADC validated value for same line: -2
ADC adjusted value for line 819: -1
ADC validated value for same line: -1
ADC adjusted value for line 820: -1
ADC validated value for same line: -1
ADC adjusted value for line 821: -1
ADC validated value for same line: -1
ADC adjusted value for line 822: -1
ADC validated value for same line: -1
ADC adjusted value for line 823: -1
ADC validated value for same line: -1
ADC adjusted value for line 824: -1
ADC validated value for same line: -1
ADC adjusted value for line 825: -1
ADC validated value for same line: -1
ADC adjusted value for line 826: -1
ADC validated value for same line: -1
ADC adjusted value for line 827: -1
ADC validated value for same line: -1
ADC adjusted value for line 828: -1
ADC validated value for same line: -1
ADC adjusted value for line 829: 0
ADC validated value for same line: 0
ADC adjusted value for line 830: 0
ADC validated value for same line: 0
ADC adjusted value for line 831: 0
ADC validated value for same line: 0
ADC adjusted value for line 832: 0
ADC validated value for same line: 0
ADC adjusted value for line 833: 0
ADC validated value for same line: 0
ADC adjusted value for line 834: 0
ADC validated value for same line: 0
ADC adjusted value for line 835: 0
ADC validated value for same line: 0
ADC adjusted value for line 836: 0
ADC validated value for same line: 0
ADC adjusted value for line 837: 0
ADC validated value for same line: 0
ADC adjusted value for line 838: 0
ADC validated value for same line: 0
ADC adjusted value for line 839: 0
ADC validated value for same line: 0
ADC adjusted value for line 840: 0
ADC validated value for same line: 0
ADC adjusted value for line 841: 0
ADC validated value for same line: 0
ADC adjusted value for line 842: 0
ADC validated value for same line: 0
ADC adjusted value for line 843: 0
ADC validated value for same line: 0
ADC adjusted value for line 844: 0
ADC validated value for same line: 0
ADC adjusted value for line 845: 0
ADC validated value for same line: 0
ADC adjusted value for line 846: 0
ADC validated value for same line: 0
ADC adjusted value for line 847: 0
ADC validated value for same line: 0
ADC adjusted value for line 848: 0
ADC validated value for same line: 0
ADC adjusted value for line 849: 0
ADC validated value for same line: 0
ADC adjusted value for line 850: 0
ADC validated value for same line: 0
ADC adjusted value for line 851: 0
ADC validated value for same line: 0
ADC adjusted value for line 852: 0
ADC validated value for same line: 0
ADC adjusted value for line 853: 0
ADC validated value for same line: 0
ADC adjusted value for line 854: 0
ADC validated value for same line: 0
ADC adjusted value for line 855: 0
ADC validated value for same line: 0
ADC adjusted value for line 856: 0
ADC validated value for same line: 0
ADC adjusted value for line 857: 0
ADC validated value for same line: 0
ADC adjusted value for line 858: 0
ADC validated value for same line: 0
ADC adjusted value for line 859: 0
ADC validated value for same line: 0
ADC adjusted value for line 860: 0
ADC validated value for same line: 0
ADC adjusted value for line 861: 0
ADC validated value for same line: 0
ADC adjusted value for line 862: 0
ADC validated value for same line: 0
ADC adjusted value for line 863: 0
ADC validated value for same line: 0
ADC adjusted value for line 864: 0
ADC validated value for same line: 0
ADC adjusted value for line 865: 0
ADC validated value for same line: 0
ADC adjusted value for line 866: 0
ADC validated value for same line: 0
ADC adjusted value for line 867: 0
ADC validated value for same line: 0
ADC adjusted value for line 868: 0
ADC validated value for same line: 0
ADC adjusted value for line 869: 0
ADC validated value for same line: 0
ADC adjusted value for line 870: 0
ADC validated value for same line: 0
ADC adjusted value for line 871: 1
ADC validated value for same line: 1
ADC adjusted value for line 872: 1
ADC validated value for same line: 1
ADC adjusted value for line 873: 3
ADC validated value for same line: 3
ADC adjusted value for line 874: 5
ADC validated value for same line: 5
ADC adjusted value for line 875: 8
ADC validated value for same line: 8
ADC adjusted value for line 876: 12
ADC validated value for same line: 12
ADC adjusted value for line 877: 18
ADC validated value for same line: 18
ADC adjusted value for line 878: 26
ADC validated value for same line: 26
ADC adjusted value for line 879: 36
ADC validated value for same line: 36
ADC adjusted value for line 880: 46
ADC validated value for same line: 46
ADC adjusted value for line 881: 58
ADC validated value for same line: 58
ADC adjusted value for line 882: 70
ADC validated value for same line: 70
ADC adjusted value for line 883: 82
ADC validated value for same line: 82
ADC adjusted value for line 884: 91
ADC validated value for same line: 91
ADC adjusted value for line 885: 98
ADC validated value for same line: 98
ADC adjusted value for line 886: 100
ADC validated value for same line: 100
ADC adjusted value for line 887: 99
ADC validated value for same line: 99
ADC adjusted value for line 888: 94
ADC validated value for same line: 94
ADC adjusted value for line 889: 86
ADC validated value for same line: 86
ADC adjusted value for line 890: 74
ADC validated value for same line: 74
ADC adjusted value for line 891: 62
ADC validated value for same line: 62
ADC adjusted value for line 892: 49
ADC validated value for same line: 49
ADC adjusted value for line 893: 38
ADC validated value for same line: 38
ADC adjusted value for line 894: 28
ADC validated value for same line: 28
ADC adjusted value for line 895: 19
ADC validated value for same line: 19
ADC adjusted value for line 896: 56
ADC validated value for same line: 56
ADC adjusted value for line 897: 69
ADC validated value for same line: 69
ADC adjusted value for line 898: 81
ADC validated value for same line: 81
ADC adjusted value for line 899: 92
ADC validated value for same line: 92
ADC adjusted value for line 900: 100
ADC validated value for same line: 100
ADC adjusted value for line 901: 105
ADC validated value for same line: 105
ADC adjusted value for line 902: 105
ADC validated value for same line: 105
ADC adjusted value for line 903: 101
ADC validated value for same line: 101
ADC adjusted value for line 904: 94
ADC validated value for same line: 94
ADC adjusted value for line 905: 83
ADC validated value for same line: 83
ADC adjusted value for line 906: 70
ADC validated value for same line: 70
ADC adjusted value for line 907: 58
ADC validated value for same line: 58
ADC adjusted value for line 908: 45
ADC validated value for same line: 45
ADC adjusted value for line 909: 34
ADC validated value for same line: 34
ADC adjusted value for line 910: 24
ADC validated value for same line: 24
ADC adjusted value for line 911: 17
ADC validated value for same line: 17
ADC adjusted value for line 912: 11
ADC validated value for same line: 11
ADC adjusted value for line 913: 6
ADC validated value for same line: 6
ADC adjusted value for line 914: 3
ADC validated value for same line: 3
ADC adjusted value for line 915: 0
ADC validated value for same line: 0
ADC adjusted value for line 916: -1
ADC validated value for same line: -1
ADC adjusted value for line 917: -2
ADC validated value for same line: -2
ADC adjusted value for line 918: -2
ADC validated value for same line: -2
ADC adjusted value for line 919: -2
ADC validated value for same line: -2
ADC adjusted value for line 920: -2
ADC validated value for same line: -2
ADC adjusted value for line 921: -2
ADC validated value for same line: -2
ADC adjusted value for line 922: -2
ADC validated value for same line: -2
ADC adjusted value for line 923: -2
ADC validated value for same line: -2
ADC adjusted value for line 924: -2
ADC validated value for same line: -2
ADC adjusted value for line 925: -1
ADC validated value for same line: -1
ADC adjusted value for line 926: -1
ADC validated value for same line: -1
ADC adjusted value for line 927: -1
ADC validated value for same line: -1
ADC adjusted value for line 928: -1
ADC validated value for same line: -1
ADC adjusted value for line 929: -1
ADC validated value for same line: -1
ADC adjusted value for line 930: -1
ADC validated value for same line: -1
ADC adjusted value for line 931: -1
ADC validated value for same line: -1
ADC adjusted value for line 932: -1
ADC validated value for same line: -1
ADC adjusted value for line 933: -1
ADC validated value for same line: -1
ADC adjusted value for line 934: -1
ADC validated value for same line: -1
ADC adjusted value for line 935: 0
ADC validated value for same line: 0
ADC adjusted value for line 936: 0
ADC validated value for same line: 0
ADC adjusted value for line 937: 0
ADC validated value for same line: 0
ADC adjusted value for line 938: 0
ADC validated value for same line: 0
ADC adjusted value for line 939: 0
ADC validated value for same line: 0
ADC adjusted value for line 940: 0
ADC validated value for same line: 0
ADC adjusted value for line 941: 0
ADC validated value for same line: 0
ADC adjusted value for line 942: 0
ADC validated value for same line: 0
ADC adjusted value for line 943: 0
ADC validated value for same line: 0
ADC adjusted value for line 944: 0
ADC validated value for same line: 0
ADC adjusted value for line 945: 0
ADC validated value for same line: 0
ADC adjusted value for line 946: 0
ADC validated value for same line: 0
ADC adjusted value for line 947: 0
ADC validated value for same line: 0
ADC adjusted value for line 948: 0
ADC validated value for same line: 0
ADC adjusted value for line 949: 0
ADC validated value for same line: 0
ADC adjusted value for line 950: 0
ADC validated value for same line: 0
ADC adjusted value for line 951: 0
ADC validated value for same line: 0
ADC adjusted value for line 952: 0
ADC validated value for same line: 0
ADC adjusted value for line 953: 0
ADC validated value for same line: 0
ADC adjusted value for line 954: 0
ADC validated value for same line: 0
ADC adjusted value for line 955: 0
ADC validated value for same line: 0
ADC adjusted value for line 956: 0
ADC validated value for same line: 0
ADC adjusted value for line 957: 0
ADC validated value for same line: 0
ADC adjusted value for line 958: 0
ADC validated value for same line: 0
ADC adjusted value for line 959: 0
ADC validated value for same line: 0
ADC adjusted value for line 960: 0
ADC validated value for same line: 0
ADC adjusted value for line 961: 0
ADC validated value for same line: 0
ADC adjusted value for line 962: 0
ADC validated value for same line: 0
ADC adjusted value for line 963: 0
ADC validated value for same line: 0
ADC adjusted value for line 964: 0
ADC validated value for same line: 0
ADC adjusted value for line 965: 0
ADC validated value for same line: 0
ADC adjusted value for line 966: 0
ADC validated value for same line: 0
ADC adjusted value for line 967: 0
ADC validated value for same line: 0
ADC adjusted value for line 968: 0
ADC validated value for same line: 0
ADC adjusted value for line 969: 0
ADC validated value for same line: 0
ADC adjusted value for line 970: 0
ADC validated value for same line: 0
ADC adjusted value for line 971: 0
ADC validated value for same line: 0
ADC adjusted value for line 972: 0
ADC validated value for same line: 0
ADC adjusted value for line 973: 0
ADC validated value for same line: 0
ADC adjusted value for line 974: 0
ADC validated value for same line: 0
ADC adjusted value for line 975: 0
ADC validated value for same line: 0
ADC adjusted value for line 976: 0
ADC validated value for same line: 0
ADC adjusted value for line 977: 0
ADC validated value for same line: 0
ADC adjusted value for line 978: 0
ADC validated value for same line: 0
ADC adjusted value for line 979: 0
ADC validated value for same line: 0
ADC adjusted value for line 980: 0
ADC validated value for same line: 0
ADC adjusted value for line 981: 0
ADC validated value for same line: 0
ADC adjusted value for line 982: 0
ADC validated value for same line: 0
ADC adjusted value for line 983: 0
ADC validated value for same line: 0
ADC adjusted value for line 984: 0
ADC validated value for same line: 0
ADC adjusted value for line 985: 0
ADC validated value for same line: 0
ADC adjusted value for line 986: 0
ADC validated value for same line: 0
ADC adjusted value for line 987: 0
ADC validated value for same line: 0
ADC adjusted value for line 988: 0
ADC validated value for same line: 0
ADC adjusted value for line 989: 0
ADC validated value for same line: 0
ADC adjusted value for line 990: 0
ADC validated value for same line: 0
ADC adjusted value for line 991: 0
ADC validated value for same line: 0
ADC adjusted value for line 992: 0
ADC validated value for same line: 0
ADC adjusted value for line 993: 0
ADC validated value for same line: 0
ADC adjusted value for line 994: 0
ADC validated value for same line: 0
ADC adjusted value for line 995: 0
ADC validated value for same line: 0
ADC adjusted value for line 996: 0
ADC validated value for same line: 0
ADC adjusted value for line 997: 0
ADC validated value for same line: 0
ADC adjusted value for line 998: 1
ADC validated value for same line: 1
ADC adjusted value for line 999: 2
ADC validated value for same line: 2
ADC adjusted value for line 1000: 4
ADC validated value for same line: 4
ADC adjusted value for line 1001: 6
ADC validated value for same line: 6
ADC adjusted value for line 1002: 10
ADC validated value for same line: 10
ADC adjusted value for line 1003: 16
ADC validated value for same line: 16
ADC adjusted value for line 1004: 23
ADC validated value for same line: 23
ADC adjusted value for line 1005: 32
ADC validated value for same line: 32
ADC adjusted value for line 1006: 44
ADC validated value for same line: 44
ADC adjusted value for line 1007: 55
ADC validated value for same line: 55
ADC adjusted value for line 1008: 68
ADC validated value for same line: 68
ADC adjusted value for line 1009: 81
ADC validated value for same line: 81
ADC adjusted value for line 1010: 93
ADC validated value for same line: 93
ADC adjusted value for line 1011: 102
ADC validated value for same line: 102
ADC adjusted value for line 1012: 107
ADC validated value for same line: 107
ADC adjusted value for line 1013: 108
ADC validated value for same line: 108
ADC adjusted value for line 1014: 105
ADC validated value for same line: 105
ADC adjusted value for line 1015: 98
ADC validated value for same line: 98
ADC adjusted value for line 1016: 88
ADC validated value for same line: 88
ADC adjusted value for line 1017: 74
ADC validated value for same line: 74
ADC adjusted value for line 1018: 61
ADC validated value for same line: 61
ADC adjusted value for line 1019: 48
ADC validated value for same line: 48
ADC adjusted value for line 1020: 36
ADC validated value for same line: 36
ADC adjusted value for line 1021: 26
ADC validated value for same line: 26
ADC adjusted value for line 1022: 17
ADC validated value for same line: 17
ADC adjusted value for line 1023: 11
ADC validated value for same line: 11
ADC adjusted value for line 1024: 2
ADC validated value for same line: 2
ADC adjusted value for line 1025: 3
ADC validated value for same line: 3
ADC adjusted value for line 1026: 6
ADC validated value for same line: 6
ADC adjusted value for line 1027: 10
ADC validated value for same line: 10
ADC adjusted value for line 1028: 15
ADC validated value for same line: 15
ADC adjusted value for line 1029: 22
ADC validated value for same line: 22
ADC adjusted value for line 1030: 31
ADC validated value for same line: 31
ADC adjusted value for line 1031: 42
ADC validated value for same line: 42
ADC adjusted value for line 1032: 55
ADC validated value for same line: 55
ADC adjusted value for line 1033: 68
ADC validated value for same line: 68
ADC adjusted value for line 1034: 81
ADC validated value for same line: 81
ADC adjusted value for line 1035: 94
ADC validated value for same line: 94
ADC adjusted value for line 1036: 104
ADC validated value for same line: 104
ADC adjusted value for line 1037: 110
ADC validated value for same line: 110
ADC adjusted value for line 1038: 112
ADC validated value for same line: 112
ADC adjusted value for line 1039: 110
ADC validated value for same line: 110
ADC adjusted value for line 1040: 104
ADC validated value for same line: 104
ADC adjusted value for line 1041: 94
ADC validated value for same line: 94
ADC adjusted value for line 1042: 81
ADC validated value for same line: 81
ADC adjusted value for line 1043: 67
ADC validated value for same line: 67
ADC adjusted value for line 1044: 53
ADC validated value for same line: 53
ADC adjusted value for line 1045: 40
ADC validated value for same line: 40
ADC adjusted value for line 1046: 29
ADC validated value for same line: 29
ADC adjusted value for line 1047: 20
ADC validated value for same line: 20
ADC adjusted value for line 1048: 13
ADC validated value for same line: 13
ADC adjusted value for line 1049: 8
ADC validated value for same line: 8
ADC adjusted value for line 1050: 4
ADC validated value for same line: 4
ADC adjusted value for line 1051: 1
ADC validated value for same line: 1
ADC adjusted value for line 1052: 0
ADC validated value for same line: 0
ADC adjusted value for line 1053: -1
ADC validated value for same line: -1
ADC adjusted value for line 1054: -2
ADC validated value for same line: -2
ADC adjusted value for line 1055: -2
ADC validated value for same line: -2
ADC adjusted value for line 1056: -2
ADC validated value for same line: -2
ADC adjusted value for line 1057: -2
ADC validated value for same line: -2
ADC adjusted value for line 1058: -2
ADC validated value for same line: -2
ADC adjusted value for line 1059: -2
ADC validated value for same line: -2
ADC adjusted value for line 1060: -2
ADC validated value for same line: -2
ADC adjusted value for line 1061: -2
ADC validated value for same line: -2
ADC adjusted value for line 1062: -2
ADC validated value for same line: -2
ADC adjusted value for line 1063: -2
ADC validated value for same line: -2
ADC adjusted value for line 1064: -2
ADC validated value for same line: -2
ADC adjusted value for line 1065: -2
ADC validated value for same line: -2
ADC adjusted value for line 1066: -2
ADC validated value for same line: -2
ADC adjusted value for line 1067: -2
ADC validated value for same line: -2
ADC adjusted value for line 1068: -2
ADC validated value for same line: -2
ADC adjusted value for line 1069: -2
ADC validated value for same line: -2
ADC adjusted value for line 1070: -1
ADC validated value for same line: -1
ADC adjusted value for line 1071: -1
ADC validated value for same line: -1
ADC adjusted value for line 1072: -1
ADC validated value for same line: -1
ADC adjusted value for line 1073: -1
ADC validated value for same line: -1
ADC adjusted value for line 1074: -1
ADC validated value for same line: -1
ADC adjusted value for line 1075: -1
ADC validated value for same line: -1
ADC adjusted value for line 1076: -1
ADC validated value for same line: -1
ADC adjusted value for line 1077: -1
ADC validated value for same line: -1
ADC adjusted value for line 1078: -1
ADC validated value for same line: -1
ADC adjusted value for line 1079: -1
ADC validated value for same line: -1
ADC adjusted value for line 1080: 0
ADC validated value for same line: 0
ADC adjusted value for line 1081: 0
ADC validated value for same line: 0
ADC adjusted value for line 1082: 0
ADC validated value for same line: 0
ADC adjusted value for line 1083: 0
ADC validated value for same line: 0
ADC adjusted value for line 1084: 0
ADC validated value for same line: 0
ADC adjusted value for line 1085: 0
ADC validated value for same line: 0
ADC adjusted value for line 1086: 0
ADC validated value for same line: 0
ADC adjusted value for line 1087: 0
ADC validated value for same line: 0
ADC adjusted value for line 1088: 0
ADC validated value for same line: 0
ADC adjusted value for line 1089: 0
ADC validated value for same line: 0
ADC adjusted value for line 1090: 0
ADC validated value for same line: 0
ADC adjusted value for line 1091: 0
ADC validated value for same line: 0
ADC adjusted value for line 1092: 1
ADC validated value for same line: 1
ADC adjusted value for line 1093: 2
ADC validated value for same line: 2
ADC adjusted value for line 1094: 4
ADC validated value for same line: 4
ADC adjusted value for line 1095: 6
ADC validated value for same line: 6
ADC adjusted value for line 1096: 10
ADC validated value for same line: 10
ADC adjusted value for line 1097: 16
ADC validated value for same line: 16
ADC adjusted value for line 1098: 23
ADC validated value for same line: 23
ADC adjusted value for line 1099: 33
ADC validated value for same line: 33
ADC adjusted value for line 1100: 44
ADC validated value for same line: 44
ADC adjusted value for line 1101: 56
ADC validated value for same line: 56
ADC adjusted value for line 1102: 71
ADC validated value for same line: 71
ADC adjusted value for line 1103: 85
ADC validated value for same line: 85
ADC adjusted value for line 1104: 98
ADC validated value for same line: 98
ADC adjusted value for line 1105: 108
ADC validated value for same line: 108
ADC adjusted value for line 1106: 114
ADC validated value for same line: 114
ADC adjusted value for line 1107: 116
ADC validated value for same line: 116
ADC adjusted value for line 1108: 114
ADC validated value for same line: 114
ADC adjusted value for line 1109: 107
ADC validated value for same line: 107
ADC adjusted value for line 1110: 97
ADC validated value for same line: 97
ADC adjusted value for line 1111: 83
ADC validated value for same line: 83
ADC adjusted value for line 1112: 68
ADC validated value for same line: 68
ADC adjusted value for line 1113: 54
ADC validated value for same line: 54
ADC adjusted value for line 1114: 41
ADC validated value for same line: 41
ADC adjusted value for line 1115: 30
ADC validated value for same line: 30
ADC adjusted value for line 1116: 21
ADC validated value for same line: 21
ADC adjusted value for line 1117: 13
ADC validated value for same line: 13
ADC adjusted value for line 1118: 8
ADC validated value for same line: 8
ADC adjusted value for line 1119: 4
ADC validated value for same line: 4
ADC adjusted value for line 1120: 1
ADC validated value for same line: 1
ADC adjusted value for line 1121: 0
ADC validated value for same line: 0
ADC adjusted value for line 1122: -1
ADC validated value for same line: -1
ADC adjusted value for line 1123: -2
ADC validated value for same line: -2
ADC adjusted value for line 1124: -2
ADC validated value for same line: -2
ADC adjusted value for line 1125: -2
ADC validated value for same line: -2
ADC adjusted value for line 1126: -2
ADC validated value for same line: -2
ADC adjusted value for line 1127: -2
ADC validated value for same line: -2
ADC adjusted value for line 1128: -2
ADC validated value for same line: -2
ADC adjusted value for line 1129: -2
ADC validated value for same line: -2
ADC adjusted value for line 1130: -2
ADC validated value for same line: -2
ADC adjusted value for line 1131: -2
ADC validated value for same line: -2
ADC adjusted value for line 1132: -2
ADC validated value for same line: -2
ADC adjusted value for line 1133: -2
ADC validated value for same line: -2
ADC adjusted value for line 1134: -2
ADC validated value for same line: -2
ADC adjusted value for line 1135: -2
ADC validated value for same line: -2
ADC adjusted value for line 1136: -2
ADC validated value for same line: -2
ADC adjusted value for line 1137: -2
ADC validated value for same line: -2
ADC adjusted value for line 1138: -2
ADC validated value for same line: -2
ADC adjusted value for line 1139: -2
ADC validated value for same line: -2
ADC adjusted value for line 1140: -1
ADC validated value for same line: -1
ADC adjusted value for line 1141: -1
ADC validated value for same line: -1
ADC adjusted value for line 1142: -1
ADC validated value for same line: -1
ADC adjusted value for line 1143: -1
ADC validated value for same line: -1
ADC adjusted value for line 1144: -1
ADC validated value for same line: -1
ADC adjusted value for line 1145: -1
ADC validated value for same line: -1
ADC adjusted value for line 1146: -1
ADC validated value for same line: -1
ADC adjusted value for line 1147: -1
ADC validated value for same line: -1
ADC adjusted value for line 1148: -1
ADC validated value for same line: -1
ADC adjusted value for line 1149: -1
ADC validated value for same line: -1
ADC adjusted value for line 1150: 0
ADC validated value for same line: 0
ADC adjusted value for line 1151: 0
ADC validated value for same line: 0
ADC adjusted value for line 1152: 0
ADC validated value for same line: 0
ADC adjusted value for line 1153: 0
ADC validated value for same line: 0
ADC adjusted value for line 1154: 0
ADC validated value for same line: 0
ADC adjusted value for line 1155: 0
ADC validated value for same line: 0
ADC adjusted value for line 1156: 0
ADC validated value for same line: 0
ADC adjusted value for line 1157: 0
ADC validated value for same line: 0
ADC adjusted value for line 1158: 0
ADC validated value for same line: 0
ADC adjusted value for line 1159: 0
ADC validated value for same line: 0
ADC adjusted value for line 1160: 0
ADC validated value for same line: 0
ADC adjusted value for line 1161: 0
ADC validated value for same line: 0
ADC adjusted value for line 1162: 0
ADC validated value for same line: 0
ADC adjusted value for line 1163: 0
ADC validated value for same line: 0
ADC adjusted value for line 1164: 0
ADC validated value for same line: 0
ADC adjusted value for line 1165: 0
ADC validated value for same line: 0
ADC adjusted value for line 1166: 0
ADC validated value for same line: 0
ADC adjusted value for line 1167: 0
ADC validated value for same line: 0
ADC adjusted value for line 1168: 0
ADC validated value for same line: 0
ADC adjusted value for line 1169: 0
ADC validated value for same line: 0
ADC adjusted value for line 1170: 0
ADC validated value for same line: 0
ADC adjusted value for line 1171: 0
ADC validated value for same line: 0
ADC adjusted value for line 1172: 0
ADC validated value for same line: 0
ADC adjusted value for line 1173: 0
ADC validated value for same line: 0
ADC adjusted value for line 1174: 0
ADC validated value for same line: 0
ADC adjusted value for line 1175: 0
ADC validated value for same line: 0
ADC adjusted value for line 1176: 0
ADC validated value for same line: 0
ADC adjusted value for line 1177: 0
ADC validated value for same line: 0
ADC adjusted value for line 1178: 1
ADC validated value for same line: 1
ADC adjusted value for line 1179: 2
ADC validated value for same line: 2
ADC adjusted value for line 1180: 3
ADC validated value for same line: 3
ADC adjusted value for line 1181: 6
ADC validated value for same line: 6
ADC adjusted value for line 1182: 10
ADC validated value for same line: 10
ADC adjusted value for line 1183: 15
ADC validated value for same line: 15
ADC adjusted value for line 1184: 23
ADC validated value for same line: 23
ADC adjusted value for line 1185: 32
ADC validated value for same line: 32
ADC adjusted value for line 1186: 44
ADC validated value for same line: 44
ADC adjusted value for line 1187: 56
ADC validated value for same line: 56
ADC adjusted value for line 1188: 71
ADC validated value for same line: 71
ADC adjusted value for line 1189: 85
ADC validated value for same line: 85
ADC adjusted value for line 1190: 99
ADC validated value for same line: 99
ADC adjusted value for line 1191: 110
ADC validated value for same line: 110
ADC adjusted value for line 1192: 117
ADC validated value for same line: 117
ADC adjusted value for line 1193: 120
ADC validated value for same line: 120
ADC adjusted value for line 1194: 119
ADC validated value for same line: 119
ADC adjusted value for line 1195: 112
ADC validated value for same line: 112
ADC adjusted value for line 1196: 102
ADC validated value for same line: 102
ADC adjusted value for line 1197: 88
ADC validated value for same line: 88
ADC adjusted value for line 1198: 73
ADC validated value for same line: 73
ADC adjusted value for line 1199: 59
ADC validated value for same line: 59
ADC adjusted value for line 1200: 45
ADC validated value for same line: 45
ADC adjusted value for line 1201: 33
ADC validated value for same line: 33
ADC adjusted value for line 1202: 23
ADC validated value for same line: 23
ADC adjusted value for line 1203: 15
ADC validated value for same line: 15
ADC adjusted value for line 1204: 9
ADC validated value for same line: 9
ADC adjusted value for line 1205: 5
ADC validated value for same line: 5
ADC adjusted value for line 1206: 2
ADC validated value for same line: 2
ADC adjusted value for line 1207: 0
ADC validated value for same line: 0
ADC adjusted value for line 1208: -1
ADC validated value for same line: -1
ADC adjusted value for line 1209: -2
ADC validated value for same line: -2
ADC adjusted value for line 1210: -2
ADC validated value for same line: -2
ADC adjusted value for line 1211: -2
ADC validated value for same line: -2
ADC adjusted value for line 1212: -2
ADC validated value for same line: -2
ADC adjusted value for line 1213: -2
ADC validated value for same line: -2
ADC adjusted value for line 1214: -2
ADC validated value for same line: -2
ADC adjusted value for line 1215: -2
ADC validated value for same line: -2
ADC adjusted value for line 1216: 0
ADC validated value for same line: 0
ADC adjusted value for line 1217: 0
ADC validated value for same line: 0
ADC adjusted value for line 1218: 0
ADC validated value for same line: 0
ADC adjusted value for line 1219: 0
ADC validated value for same line: 0
ADC adjusted value for line 1220: 0
ADC validated value for same line: 0
ADC adjusted value for line 1221: 0
ADC validated value for same line: 0
ADC adjusted value for line 1222: 0
ADC validated value for same line: 0
ADC adjusted value for line 1223: 0
ADC validated value for same line: 0
ADC adjusted value for line 1224: 0
ADC validated value for same line: 0
ADC adjusted value for line 1225: 0
ADC validated value for same line: 0
ADC adjusted value for line 1226: 0
ADC validated value for same line: 0
ADC adjusted value for line 1227: 0
ADC validated value for same line: 0
ADC adjusted value for line 1228: 0
ADC validated value for same line: 0
ADC adjusted value for line 1229: 0
ADC validated value for same line: 0
ADC adjusted value for line 1230: 0
ADC validated value for same line: 0
ADC adjusted value for line 1231: 0
ADC validated value for same line: 0
ADC adjusted value for line 1232: 0
ADC validated value for same line: 0
ADC adjusted value for line 1233: 0
ADC validated value for same line: 0
ADC adjusted value for line 1234: 0
ADC validated value for same line: 0
ADC adjusted value for line 1235: 0
ADC validated value for same line: 0
ADC adjusted value for line 1236: 0
ADC validated value for same line: 0
ADC adjusted value for line 1237: 0
ADC validated value for same line: 0
ADC adjusted value for line 1238: 0
ADC validated value for same line: 0
ADC adjusted value for line 1239: 0
ADC validated value for same line: 0
ADC adjusted value for line 1240: 0
ADC validated value for same line: 0
ADC adjusted value for line 1241: 0
ADC validated value for same line: 0
ADC adjusted value for line 1242: 0
ADC validated value for same line: 0
ADC adjusted value for line 1243: 0
ADC validated value for same line: 0
ADC adjusted value for line 1244: 0
ADC validated value for same line: 0
ADC adjusted value for line 1245: 0
ADC validated value for same line: 0
ADC adjusted value for line 1246: 0
ADC validated value for same line: 0
ADC adjusted value for line 1247: 0
ADC validated value for same line: 0
ADC adjusted value for line 1248: 0
ADC validated value for same line: 0
ADC adjusted value for line 1249: 0
ADC validated value for same line: 0
ADC adjusted value for line 1250: 0
ADC validated value for same line: 0
ADC adjusted value for line 1251: 0
ADC validated value for same line: 0
ADC adjusted value for line 1252: 0
ADC validated value for same line: 0
ADC adjusted value for line 1253: 0
ADC validated value for same line: 0
ADC adjusted value for line 1254: 0
ADC validated value for same line: 0
ADC adjusted value for line 1255: 0
ADC validated value for same line: 0
ADC adjusted value for line 1256: 0
ADC validated value for same line: 0
ADC adjusted value for line 1257: 0
ADC validated value for same line: 0
ADC adjusted value for line 1258: 0
ADC validated value for same line: 0
ADC adjusted value for line 1259: 0
ADC validated value for same line: 0
ADC adjusted value for line 1260: 1
ADC validated value for same line: 1
ADC adjusted value for line 1261: 2
ADC validated value for same line: 2
ADC adjusted value for line 1262: 4
ADC validated value for same line: 4
ADC adjusted value for line 1263: 7
ADC validated value for same line: 7
ADC adjusted value for line 1264: 12
ADC validated value for same line: 12
ADC adjusted value for line 1265: 18
ADC validated value for same line: 18
ADC adjusted value for line 1266: 26
ADC validated value for same line: 26
ADC adjusted value for line 1267: 37
ADC validated value for same line: 37
ADC adjusted value for line 1268: 49
ADC validated value for same line: 49
ADC adjusted value for line 1269: 62
ADC validated value for same line: 62
ADC adjusted value for line 1270: 78
ADC validated value for same line: 78
ADC adjusted value for line 1271: 93
ADC validated value for same line: 93
ADC adjusted value for line 1272: 106
ADC validated value for same line: 106
ADC adjusted value for line 1273: 116
ADC validated value for same line: 116
ADC adjusted value for line 1274: 123
ADC validated value for same line: 123
ADC adjusted value for line 1275: 124
ADC validated value for same line: 124
ADC adjusted value for line 1276: 121
ADC validated value for same line: 121
ADC adjusted value for line 1277: 113
ADC validated value for same line: 113
ADC adjusted value for line 1278: 101
ADC validated value for same line: 101
ADC adjusted value for line 1279: 86
ADC validated value for same line: 86
ADC adjusted value for line 1280: 0
ADC validated value for same line: 0
ADC adjusted value for line 1281: 0
ADC validated value for same line: 0
ADC adjusted value for line 1282: 0
ADC validated value for same line: 0
ADC adjusted value for line 1283: 0
ADC validated value for same line: 0
ADC adjusted value for line 1284: 0
ADC validated value for same line: 0
ADC adjusted value for line 1285: 0
ADC validated value for same line: 0
ADC adjusted value for line 1286: 0
ADC validated value for same line: 0
ADC adjusted value for line 1287: 0
ADC validated value for same line: 0
ADC adjusted value for line 1288: 1
ADC validated value for same line: 1
ADC adjusted value for line 1289: 2
ADC validated value for same line: 2
ADC adjusted value for line 1290: 5
ADC validated value for same line: 5
ADC adjusted value for line 1291: 8
ADC validated value for same line: 8
ADC adjusted value for line 1292: 12
ADC validated value for same line: 12
ADC adjusted value for line 1293: 19
ADC validated value for same line: 19
ADC adjusted value for line 1294: 28
ADC validated value for same line: 28
ADC adjusted value for line 1295: 39
ADC validated value for same line: 39
ADC adjusted value for line 1296: 52
ADC validated value for same line: 52
ADC adjusted value for line 1297: 66
ADC validated value for same line: 66
ADC adjusted value for line 1298: 81
ADC validated value for same line: 81
ADC adjusted value for line 1299: 97
ADC validated value for same line: 97
ADC adjusted value for line 1300: 110
ADC validated value for same line: 110
ADC adjusted value for line 1301: 121
ADC validated value for same line: 121
ADC adjusted value for line 1302: 127
ADC validated value for same line: 127
ADC adjusted value for line 1303: 128
ADC validated value for same line: 128
ADC adjusted value for line 1304: 124
ADC validated value for same line: 124
ADC adjusted value for line 1305: 116
ADC validated value for same line: 116
ADC adjusted value for line 1306: 104
ADC validated value for same line: 104
ADC adjusted value for line 1307: 88
ADC validated value for same line: 88
ADC adjusted value for line 1308: 72
ADC validated value for same line: 72
ADC adjusted value for line 1309: 57
ADC validated value for same line: 57
ADC adjusted value for line 1310: 43
ADC validated value for same line: 43
ADC adjusted value for line 1311: 31
ADC validated value for same line: 31
ADC adjusted value for line 1312: 21
ADC validated value for same line: 21
ADC adjusted value for line 1313: 13
ADC validated value for same line: 13
ADC adjusted value for line 1314: 8
ADC validated value for same line: 8
ADC adjusted value for line 1315: 4
ADC validated value for same line: 4
ADC adjusted value for line 1316: 1
ADC validated value for same line: 1
ADC adjusted value for line 1317: 0
ADC validated value for same line: 0
ADC adjusted value for line 1318: -1
ADC validated value for same line: -1
ADC adjusted value for line 1319: -2
ADC validated value for same line: -2
ADC adjusted value for line 1320: -2
ADC validated value for same line: -2
ADC adjusted value for line 1321: -2
ADC validated value for same line: -2
ADC adjusted value for line 1322: -2
ADC validated value for same line: -2
ADC adjusted value for line 1323: -2
ADC validated value for same line: -2
ADC adjusted value for line 1324: -2
ADC validated value for same line: -2
ADC adjusted value for line 1325: -2
ADC validated value for same line: -2
ADC adjusted value for line 1326: -2
ADC validated value for same line: -2
ADC adjusted value for line 1327: -2
ADC validated value for same line: -2
ADC adjusted value for line 1328: -2
ADC validated value for same line: -2
ADC adjusted value for line 1329: -2
ADC validated value for same line: -2
ADC adjusted value for line 1330: -2
ADC validated value for same line: -2
ADC adjusted value for line 1331: -2
ADC validated value for same line: -2
ADC adjusted value for line 1332: -2
ADC validated value for same line: -2
ADC adjusted value for line 1333: -2
ADC validated value for same line: -2
ADC adjusted value for line 1334: -2
ADC validated value for same line: -2
ADC adjusted value for line 1335: -2
ADC validated value for same line: -2
ADC adjusted value for line 1336: -1
ADC validated value for same line: -1
ADC adjusted value for line 1337: -1
ADC validated value for same line: -1
ADC adjusted value for line 1338: -1
ADC validated value for same line: -1
ADC adjusted value for line 1339: -1
ADC validated value for same line: -1
ADC adjusted value for line 1340: -1
ADC validated value for same line: -1
ADC adjusted value for line 1341: -1
ADC validated value for same line: -1
ADC adjusted value for line 1342: -1
ADC validated value for same line: -1
ADC adjusted value for line 1343: -1
ADC validated value for same line: -1
ADC adjusted value for line 1344: 0
ADC validated value for same line: 0
ADC adjusted value for line 1345: 0
ADC validated value for same line: 0
ADC adjusted value for line 1346: 0
ADC validated value for same line: 0
ADC adjusted value for line 1347: 0
ADC validated value for same line: 0
ADC adjusted value for line 1348: 0
ADC validated value for same line: 0
ADC adjusted value for line 1349: 0
ADC validated value for same line: 0
ADC adjusted value for line 1350: 0
ADC validated value for same line: 0
ADC adjusted value for line 1351: 0
ADC validated value for same line: 0
ADC adjusted value for line 1352: 0
ADC validated value for same line: 0
ADC adjusted value for line 1353: 0
ADC validated value for same line: 0
ADC adjusted value for line 1354: 0
ADC validated value for same line: 0
ADC adjusted value for line 1355: 0
ADC validated value for same line: 0
ADC adjusted value for line 1356: 0
ADC validated value for same line: 0
ADC adjusted value for line 1357: 0
ADC validated value for same line: 0
ADC adjusted value for line 1358: 0
ADC validated value for same line: 0
ADC adjusted value for line 1359: 0
ADC validated value for same line: 0
ADC adjusted value for line 1360: 0
ADC validated value for same line: 0
ADC adjusted value for line 1361: 0
ADC validated value for same line: 0
ADC adjusted value for line 1362: 0
ADC validated value for same line: 0
ADC adjusted value for line 1363: 0
ADC validated value for same line: 0
ADC adjusted value for line 1364: 0
ADC validated value for same line: 0
ADC adjusted value for line 1365: 0
ADC validated value for same line: 0
ADC adjusted value for line 1366: 0
ADC validated value for same line: 0
ADC adjusted value for line 1367: 0
ADC validated value for same line: 0
ADC adjusted value for line 1368: 0
ADC validated value for same line: 0
ADC adjusted value for line 1369: 1
ADC validated value for same line: 1
ADC adjusted value for line 1370: 3
ADC validated value for same line: 3
ADC adjusted value for line 1371: 5
ADC validated value for same line: 5
ADC adjusted value for line 1372: 8
ADC validated value for same line: 8
ADC adjusted value for line 1373: 13
ADC validated value for same line: 13
ADC adjusted value for line 1374: 20
ADC validated value for same line: 20
ADC adjusted value for line 1375: 29
ADC validated value for same line: 29
ADC adjusted value for line 1376: 40
ADC validated value for same line: 40
ADC adjusted value for line 1377: 54
ADC validated value for same line: 54
ADC adjusted value for line 1378: 68
ADC validated value for same line: 68
ADC adjusted value for line 1379: 85
ADC validated value for same line: 85
ADC adjusted value for line 1380: 100
ADC validated value for same line: 100
ADC adjusted value for line 1381: 114
ADC validated value for same line: 114
ADC adjusted value for line 1382: 125
ADC validated value for same line: 125
ADC adjusted value for line 1383: 131
ADC validated value for same line: 131
ADC adjusted value for line 1384: 132
ADC validated value for same line: 132
ADC adjusted value for line 1385: 128
ADC validated value for same line: 128
ADC adjusted value for line 1386: 119
ADC validated value for same line: 119
ADC adjusted value for line 1387: 106
ADC validated value for same line: 106
ADC adjusted value for line 1388: 90
ADC validated value for same line: 90
ADC adjusted value for line 1389: 74
ADC validated value for same line: 74
ADC adjusted value for line 1390: 58
ADC validated value for same line: 58
ADC adjusted value for line 1391: 44
ADC validated value for same line: 44
ADC adjusted value for line 1392: 31
ADC validated value for same line: 31
ADC adjusted value for line 1393: 21
ADC validated value for same line: 21
ADC adjusted value for line 1394: 14
ADC validated value for same line: 14
ADC adjusted value for line 1395: 8
ADC validated value for same line: 8
ADC adjusted value for line 1396: 4
ADC validated value for same line: 4
ADC adjusted value for line 1397: 1
ADC validated value for same line: 1
ADC adjusted value for line 1398: 0
ADC validated value for same line: 0
ADC adjusted value for line 1399: -1
ADC validated value for same line: -1
ADC adjusted value for line 1400: -2
ADC validated value for same line: -2
ADC adjusted value for line 1401: -2
ADC validated value for same line: -2
ADC adjusted value for line 1402: -2
ADC validated value for same line: -2
ADC adjusted value for line 1403: -2
ADC validated value for same line: -2
ADC adjusted value for line 1404: -2
ADC validated value for same line: -2
ADC adjusted value for line 1405: -2
ADC validated value for same line: -2
ADC adjusted value for line 1406: -2
ADC validated value for same line: -2
ADC adjusted value for line 1407: -2
ADC validated value for same line: -2
ADC adjusted value for line 1408: 0
ADC validated value for same line: 0
ADC adjusted value for line 1409: 0
ADC validated value for same line: 0
ADC adjusted value for line 1410: 0
ADC validated value for same line: 0
ADC adjusted value for line 1411: 0
ADC validated value for same line: 0
ADC adjusted value for line 1412: 0
ADC validated value for same line: 0
ADC adjusted value for line 1413: 0
ADC validated value for same line: 0
ADC adjusted value for line 1414: 0
ADC validated value for same line: 0
ADC adjusted value for line 1415: 0
ADC validated value for same line: 0
ADC adjusted value for line 1416: 0
ADC validated value for same line: 0
ADC adjusted value for line 1417: 0
ADC validated value for same line: 0
ADC adjusted value for line 1418: 0
ADC validated value for same line: 0
ADC adjusted value for line 1419: 0
ADC validated value for same line: 0
ADC adjusted value for line 1420: 0
ADC validated value for same line: 0
ADC adjusted value for line 1421: 0
ADC validated value for same line: 0
ADC adjusted value for line 1422: 0
ADC validated value for same line: 0
ADC adjusted value for line 1423: 0
ADC validated value for same line: 0
ADC adjusted value for line 1424: 0
ADC validated value for same line: 0
ADC adjusted value for line 1425: 1
ADC validated value for same line: 1
ADC adjusted value for line 1426: 2
ADC validated value for same line: 2
ADC adjusted value for line 1427: 4
ADC validated value for same line: 4
ADC adjusted value for line 1428: 7
ADC validated value for same line: 7
ADC adjusted value for line 1429: 12
ADC validated value for same line: 12
ADC adjusted value for line 1430: 18
ADC validated value for same line: 18
ADC adjusted value for line 1431: 27
ADC validated value for same line: 27
ADC adjusted value for line 1432: 38
ADC validated value for same line: 38
ADC adjusted value for line 1433: 52
ADC validated value for same line: 52
ADC adjusted value for line 1434: 66
ADC validated value for same line: 66
ADC adjusted value for line 1435: 83
ADC validated value for same line: 83
ADC adjusted value for line 1436: 99
ADC validated value for same line: 99
ADC adjusted value for line 1437: 114
ADC validated value for same line: 114
ADC adjusted value for line 1438: 126
ADC validated value for same line: 126
ADC adjusted value for line 1439: 134
ADC validated value for same line: 134
ADC adjusted value for line 1440: 136
ADC validated value for same line: 136
ADC adjusted value for line 1441: 134
ADC validated value for same line: 134
ADC adjusted value for line 1442: 126
ADC validated value for same line: 126
ADC adjusted value for line 1443: 113
ADC validated value for same line: 113
ADC adjusted value for line 1444: 97
ADC validated value for same line: 97
ADC adjusted value for line 1445: 81
ADC validated value for same line: 81
ADC adjusted value for line 1446: 64
ADC validated value for same line: 64
ADC adjusted value for line 1447: 49
ADC validated value for same line: 49
ADC adjusted value for line 1448: 36
ADC validated value for same line: 36
ADC adjusted value for line 1449: 25
ADC validated value for same line: 25
ADC adjusted value for line 1450: 16
ADC validated value for same line: 16
ADC adjusted value for line 1451: 10
ADC validated value for same line: 10
ADC adjusted value for line 1452: 5
ADC validated value for same line: 5
ADC adjusted value for line 1453: 2
ADC validated value for same line: 2
ADC adjusted value for line 1454: 0
ADC validated value for same line: 0
ADC adjusted value for line 1455: -1
ADC validated value for same line: -1
ADC adjusted value for line 1456: -2
ADC validated value for same line: -2
ADC adjusted value for line 1457: -2
ADC validated value for same line: -2
ADC adjusted value for line 1458: -2
ADC validated value for same line: -2
ADC adjusted value for line 1459: -2
ADC validated value for same line: -2
ADC adjusted value for line 1460: -2
ADC validated value for same line: -2
ADC adjusted value for line 1461: -2
ADC validated value for same line: -2
ADC adjusted value for line 1462: -2
ADC validated value for same line: -2
ADC adjusted value for line 1463: -2
ADC validated value for same line: -2
ADC adjusted value for line 1464: -2
ADC validated value for same line: -2
ADC adjusted value for line 1465: -2
ADC validated value for same line: -2
ADC adjusted value for line 1466: -2
ADC validated value for same line: -2
ADC adjusted value for line 1467: -2
ADC validated value for same line: -2
ADC adjusted value for line 1468: -2
ADC validated value for same line: -2
ADC adjusted value for line 1469: -2
ADC validated value for same line: -2
ADC adjusted value for line 1470: -2
ADC validated value for same line: -2
ADC adjusted value for line 1471: -2
ADC validated value for same line: -2
ADC adjusted value for line 1472: 0
ADC validated value for same line: 0
ADC adjusted value for line 1473: 0
ADC validated value for same line: 0
ADC adjusted value for line 1474: 0
ADC validated value for same line: 0
ADC adjusted value for line 1475: 0
ADC validated value for same line: 0
ADC adjusted value for line 1476: 0
ADC validated value for same line: 0
ADC adjusted value for line 1477: 0
ADC validated value for same line: 0
ADC adjusted value for line 1478: 0
ADC validated value for same line: 0
ADC adjusted value for line 1479: 0
ADC validated value for same line: 0
ADC adjusted value for line 1480: 0
ADC validated value for same line: 0
ADC adjusted value for line 1481: 0
ADC validated value for same line: 0
ADC adjusted value for line 1482: 0
ADC validated value for same line: 0
ADC adjusted value for line 1483: 0
ADC validated value for same line: 0
ADC adjusted value for line 1484: 0
ADC validated value for same line: 0
ADC adjusted value for line 1485: 0
ADC validated value for same line: 0
ADC adjusted value for line 1486: 0
ADC validated value for same line: 0
ADC adjusted value for line 1487: 0
ADC validated value for same line: 0
ADC adjusted value for line 1488: 0
ADC validated value for same line: 0
ADC adjusted value for line 1489: 0
ADC validated value for same line: 0
ADC adjusted value for line 1490: 0
ADC validated value for same line: 0
ADC adjusted value for line 1491: 0
ADC validated value for same line: 0
ADC adjusted value for line 1492: 0
ADC validated value for same line: 0
ADC adjusted value for line 1493: 0
ADC validated value for same line: 0
ADC adjusted value for line 1494: 0
ADC validated value for same line: 0
ADC adjusted value for line 1495: 0
ADC validated value for same line: 0
ADC adjusted value for line 1496: 1
ADC validated value for same line: 1
ADC adjusted value for line 1497: 3
ADC validated value for same line: 3
ADC adjusted value for line 1498: 5
ADC validated value for same line: 5
ADC adjusted value for line 1499: 8
ADC validated value for same line: 8
ADC adjusted value for line 1500: 13
ADC validated value for same line: 13
ADC adjusted value for line 1501: 20
ADC validated value for same line: 20
ADC adjusted value for line 1502: 30
ADC validated value for same line: 30
ADC adjusted value for line 1503: 41
ADC validated value for same line: 41
ADC adjusted value for line 1504: 56
ADC validated value for same line: 56
ADC adjusted value for line 1505: 71
ADC validated value for same line: 71
ADC adjusted value for line 1506: 88
ADC validated value for same line: 88
ADC adjusted value for line 1507: 105
ADC validated value for same line: 105
ADC adjusted value for line 1508: 120
ADC validated value for same line: 120
ADC adjusted value for line 1509: 132
ADC validated value for same line: 132
ADC adjusted value for line 1510: 139
ADC validated value for same line: 139
ADC adjusted value for line 1511: 140
ADC validated value for same line: 140
ADC adjusted value for line 1512: 137
ADC validated value for same line: 137
ADC adjusted value for line 1513: 127
ADC validated value for same line: 127
ADC adjusted value for line 1514: 114
ADC validated value for same line: 114
ADC adjusted value for line 1515: 97
ADC validated value for same line: 97
ADC adjusted value for line 1516: 80
ADC validated value for same line: 80
ADC adjusted value for line 1517: 63
ADC validated value for same line: 63
ADC adjusted value for line 1518: 48
ADC validated value for same line: 48
ADC adjusted value for line 1519: 35
ADC validated value for same line: 35
ADC adjusted value for line 1520: 24
ADC validated value for same line: 24
ADC adjusted value for line 1521: 15
ADC validated value for same line: 15
ADC adjusted value for line 1522: 9
ADC validated value for same line: 9
ADC adjusted value for line 1523: 5
ADC validated value for same line: 5
ADC adjusted value for line 1524: 2
ADC validated value for same line: 2
ADC adjusted value for line 1525: 0
ADC validated value for same line: 0
ADC adjusted value for line 1526: -1
ADC validated value for same line: -1
ADC adjusted value for line 1527: -2
ADC validated value for same line: -2
ADC adjusted value for line 1528: -2
ADC validated value for same line: -2
ADC adjusted value for line 1529: -2
ADC validated value for same line: -2
ADC adjusted value for line 1530: -2
ADC validated value for same line: -2
ADC adjusted value for line 1531: -2
ADC validated value for same line: -2
ADC adjusted value for line 1532: -2
ADC validated value for same line: -2
ADC adjusted value for line 1533: -2
ADC validated value for same line: -2
ADC adjusted value for line 1534: -2
ADC validated value for same line: -2
ADC adjusted value for line 1535: -2
ADC validated value for same line: -2
ADC adjusted value for line 1536: 0
ADC validated value for same line: 0
ADC adjusted value for line 1537: 0
ADC validated value for same line: 0
ADC adjusted value for line 1538: 0
ADC validated value for same line: 0
ADC adjusted value for line 1539: 0
ADC validated value for same line: 0
ADC adjusted value for line 1540: 0
ADC validated value for same line: 0
ADC adjusted value for line 1541: 0
ADC validated value for same line: 0
ADC adjusted value for line 1542: 0
ADC validated value for same line: 0
ADC adjusted value for line 1543: 0
ADC validated value for same line: 0
ADC adjusted value for line 1544: 0
ADC validated value for same line: 0
ADC adjusted value for line 1545: 0
ADC validated value for same line: 0
ADC adjusted value for line 1546: 0
ADC validated value for same line: 0
ADC adjusted value for line 1547: 0
ADC validated value for same line: 0
ADC adjusted value for line 1548: 0
ADC validated value for same line: 0
ADC adjusted value for line 1549: 0
ADC validated value for same line: 0
ADC adjusted value for line 1550: 0
ADC validated value for same line: 0
ADC adjusted value for line 1551: 0
ADC validated value for same line: 0
ADC adjusted value for line 1552: 0
ADC validated value for same line: 0
ADC adjusted value for line 1553: 0
ADC validated value for same line: 0
ADC adjusted value for line 1554: 0
ADC validated value for same line: 0
ADC adjusted value for line 1555: 0
ADC validated value for same line: 0
ADC adjusted value for line 1556: 0
ADC validated value for same line: 0
ADC adjusted value for line 1557: 0
ADC validated value for same line: 0
ADC adjusted value for line 1558: 0
ADC validated value for same line: 0
ADC adjusted value for line 1559: 0
ADC validated value for same line: 0
ADC adjusted value for line 1560: 0
ADC validated value for same line: 0
ADC adjusted value for line 1561: 0
ADC validated value for same line: 0
ADC adjusted value for line 1562: 0
ADC validated value for same line: 0
ADC adjusted value for line 1563: 0
ADC validated value for same line: 0
ADC adjusted value for line 1564: 0
ADC validated value for same line: 0
ADC adjusted value for line 1565: 0
ADC validated value for same line: 0
ADC adjusted value for line 1566: 0
ADC validated value for same line: 0
ADC adjusted value for line 1567: 0
ADC validated value for same line: 0
ADC adjusted value for line 1568: 0
ADC validated value for same line: 0
ADC adjusted value for line 1569: 0
ADC validated value for same line: 0
ADC adjusted value for line 1570: 0
ADC validated value for same line: 0
ADC adjusted value for line 1571: 0
ADC validated value for same line: 0
ADC adjusted value for line 1572: 0
ADC validated value for same line: 0
ADC adjusted value for line 1573: 0
ADC validated value for same line: 0
ADC adjusted value for line 1574: 1
ADC validated value for same line: 1
ADC adjusted value for line 1575: 2
ADC validated value for same line: 2
ADC adjusted value for line 1576: 3
ADC validated value for same line: 3
ADC adjusted value for line 1577: 6
ADC validated value for same line: 6
ADC adjusted value for line 1578: 10
ADC validated value for same line: 10
ADC adjusted value for line 1579: 15
ADC validated value for same line: 15
ADC adjusted value for line 1580: 23
ADC validated value for same line: 23
ADC adjusted value for line 1581: 33
ADC validated value for same line: 33
ADC adjusted value for line 1582: 46
ADC validated value for same line: 46
ADC adjusted value for line 1583: 60
ADC validated value for same line: 60
ADC adjusted value for line 1584: 77
ADC validated value for same line: 77
ADC adjusted value for line 1585: 95
ADC validated value for same line: 95
ADC adjusted value for line 1586: 112
ADC validated value for same line: 112
ADC adjusted value for line 1587: 127
ADC validated value for same line: 127
ADC adjusted value for line 1588: 138
ADC validated value for same line: 138
ADC adjusted value for line 1589: 144
ADC validated value for same line: 144
ADC adjusted value for line 1590: 144
ADC validated value for same line: 144
ADC adjusted value for line 1591: 139
ADC validated value for same line: 139
ADC adjusted value for line 1592: 128
ADC validated value for same line: 128
ADC adjusted value for line 1593: 113
ADC validated value for same line: 113
ADC adjusted value for line 1594: 96
ADC validated value for same line: 96
ADC adjusted value for line 1595: 78
ADC validated value for same line: 78
ADC adjusted value for line 1596: 61
ADC validated value for same line: 61
ADC adjusted value for line 1597: 46
ADC validated value for same line: 46
ADC adjusted value for line 1598: 33
ADC validated value for same line: 33
ADC adjusted value for line 1599: 22
ADC validated value for same line: 22
ADC adjusted value for line 1600: 0
ADC validated value for same line: 0
ADC adjusted value for line 1601: 0
ADC validated value for same line: 0
ADC adjusted value for line 1602: 0
ADC validated value for same line: 0
ADC adjusted value for line 1603: 0
ADC validated value for same line: 0
ADC adjusted value for line 1604: 0
ADC validated value for same line: 0
ADC adjusted value for line 1605: 0
ADC validated value for same line: 0
ADC adjusted value for line 1606: 0
ADC validated value for same line: 0
ADC adjusted value for line 1607: 0
ADC validated value for same line: 0
ADC adjusted value for line 1608: 0
ADC validated value for same line: 0
ADC adjusted value for line 1609: 0
ADC validated value for same line: 0
ADC adjusted value for line 1610: 0
ADC validated value for same line: 0
ADC adjusted value for line 1611: 0
ADC validated value for same line: 0
ADC adjusted value for line 1612: 0
ADC validated value for same line: 0
ADC adjusted value for line 1613: 0
ADC validated value for same line: 0
ADC adjusted value for line 1614: 0
ADC validated value for same line: 0
ADC adjusted value for line 1615: 0
ADC validated value for same line: 0
ADC adjusted value for line 1616: 0
ADC validated value for same line: 0
ADC adjusted value for line 1617: 0
ADC validated value for same line: 0
ADC adjusted value for line 1618: 1
ADC validated value for same line: 1
ADC adjusted value for line 1619: 2
ADC validated value for same line: 2
ADC adjusted value for line 1620: 4
ADC validated value for same line: 4
ADC adjusted value for line 1621: 8
ADC validated value for same line: 8
ADC adjusted value for line 1622: 13
ADC validated value for same line: 13
ADC adjusted value for line 1623: 19
ADC validated value for same line: 19
ADC adjusted value for line 1624: 29
ADC validated value for same line: 29
ADC adjusted value for line 1625: 41
ADC validated value for same line: 41
ADC adjusted value for line 1626: 55
ADC validated value for same line: 55
ADC adjusted value for line 1627: 71
ADC validated value for same line: 71
ADC adjusted value for line 1628: 89
ADC validated value for same line: 89
ADC adjusted value for line 1629: 107
ADC validated value for same line: 107
ADC adjusted value for line 1630: 123
ADC validated value for same line: 123
ADC adjusted value for line 1631: 136
ADC validated value for same line: 136
ADC adjusted value for line 1632: 145
ADC validated value for same line: 145
ADC adjusted value for line 1633: 148
ADC validated value for same line: 148
ADC adjusted value for line 1634: 146
ADC validated value for same line: 146
ADC adjusted value for line 1635: 138
ADC validated value for same line: 138
ADC adjusted value for line 1636: 125
ADC validated value for same line: 125
ADC adjusted value for line 1637: 107
ADC validated value for same line: 107
ADC adjusted value for line 1638: 89
ADC validated value for same line: 89
ADC adjusted value for line 1639: 71
ADC validated value for same line: 71
ADC adjusted value for line 1640: 55
ADC validated value for same line: 55
ADC adjusted value for line 1641: 40
ADC validated value for same line: 40
ADC adjusted value for line 1642: 28
ADC validated value for same line: 28
ADC adjusted value for line 1643: 18
ADC validated value for same line: 18
ADC adjusted value for line 1644: 11
ADC validated value for same line: 11
ADC adjusted value for line 1645: 6
ADC validated value for same line: 6
ADC adjusted value for line 1646: 3
ADC validated value for same line: 3
ADC adjusted value for line 1647: 0
ADC validated value for same line: 0
ADC adjusted value for line 1648: -2
ADC validated value for same line: -2
ADC adjusted value for line 1649: -3
ADC validated value for same line: -3
ADC adjusted value for line 1650: -3
ADC validated value for same line: -3
ADC adjusted value for line 1651: -3
ADC validated value for same line: -3
ADC adjusted value for line 1652: -3
ADC validated value for same line: -3
ADC adjusted value for line 1653: -3
ADC validated value for same line: -3
ADC adjusted value for line 1654: -3
ADC validated value for same line: -3
ADC adjusted value for line 1655: -3
ADC validated value for same line: -3
ADC adjusted value for line 1656: -3
ADC validated value for same line: -3
ADC adjusted value for line 1657: -2
ADC validated value for same line: -2
ADC adjusted value for line 1658: -2
ADC validated value for same line: -2
ADC adjusted value for line 1659: -2
ADC validated value for same line: -2
ADC adjusted value for line 1660: -2
ADC validated value for same line: -2
ADC adjusted value for line 1661: -2
ADC validated value for same line: -2
ADC adjusted value for line 1662: -2
ADC validated value for same line: -2
ADC adjusted value for line 1663: -2
ADC validated value for same line: -2
ADC adjusted value for line 1664: 86
ADC validated value for same line: 86
ADC adjusted value for line 1665: 105
ADC validated value for same line: 105
ADC adjusted value for line 1666: 122
ADC validated value for same line: 122
ADC adjusted value for line 1667: 137
ADC validated value for same line: 137
ADC adjusted value for line 1668: 148
ADC validated value for same line: 148
ADC adjusted value for line 1669: 153
ADC validated value for same line: 153
ADC adjusted value for line 1670: 152
ADC validated value for same line: 152
ADC adjusted value for line 1671: 145
ADC validated value for same line: 145
ADC adjusted value for line 1672: 133
ADC validated value for same line: 133
ADC adjusted value for line 1673: 117
ADC validated value for same line: 117
ADC adjusted value for line 1674: 99
ADC validated value for same line: 99
ADC adjusted value for line 1675: 80
ADC validated value for same line: 80
ADC adjusted value for line 1676: 62
ADC validated value for same line: 62
ADC adjusted value for line 1677: 46
ADC validated value for same line: 46
ADC adjusted value for line 1678: 33
ADC validated value for same line: 33
ADC adjusted value for line 1679: 23
ADC validated value for same line: 23
ADC adjusted value for line 1680: 14
ADC validated value for same line: 14
ADC adjusted value for line 1681: 9
ADC validated value for same line: 9
ADC adjusted value for line 1682: 5
ADC validated value for same line: 5
ADC adjusted value for line 1683: 1
ADC validated value for same line: 1
ADC adjusted value for line 1684: 0
ADC validated value for same line: 0
ADC adjusted value for line 1685: -1
ADC validated value for same line: -1
ADC adjusted value for line 1686: -2
ADC validated value for same line: -2
ADC adjusted value for line 1687: -2
ADC validated value for same line: -2
ADC adjusted value for line 1688: -2
ADC validated value for same line: -2
ADC adjusted value for line 1689: -2
ADC validated value for same line: -2
ADC adjusted value for line 1690: -2
ADC validated value for same line: -2
ADC adjusted value for line 1691: -2
ADC validated value for same line: -2
ADC adjusted value for line 1692: -2
ADC validated value for same line: -2
ADC adjusted value for line 1693: -2
ADC validated value for same line: -2
ADC adjusted value for line 1694: -1
ADC validated value for same line: -1
ADC adjusted value for line 1695: -1
ADC validated value for same line: -1
ADC adjusted value for line 1696: -1
ADC validated value for same line: -1
ADC adjusted value for line 1697: -1
ADC validated value for same line: -1
ADC adjusted value for line 1698: -1
ADC validated value for same line: -1
ADC adjusted value for line 1699: -1
ADC validated value for same line: -1
ADC adjusted value for line 1700: -1
ADC validated value for same line: -1
ADC adjusted value for line 1701: -1
ADC validated value for same line: -1
ADC adjusted value for line 1702: -1
ADC validated value for same line: -1
ADC adjusted value for line 1703: -1
ADC validated value for same line: -1
ADC adjusted value for line 1704: 0
ADC validated value for same line: 0
ADC adjusted value for line 1705: 0
ADC validated value for same line: 0
ADC adjusted value for line 1706: 0
ADC validated value for same line: 0
ADC adjusted value for line 1707: 0
ADC validated value for same line: 0
ADC adjusted value for line 1708: 0
ADC validated value for same line: 0
ADC adjusted value for line 1709: 0
ADC validated value for same line: 0
ADC adjusted value for line 1710: 0
ADC validated value for same line: 0
ADC adjusted value for line 1711: 0
ADC validated value for same line: 0
ADC adjusted value for line 1712: 0
ADC validated value for same line: 0
ADC adjusted value for line 1713: 0
ADC validated value for same line: 0
ADC adjusted value for line 1714: 0
ADC validated value for same line: 0
ADC adjusted value for line 1715: 0
ADC validated value for same line: 0
ADC adjusted value for line 1716: 0
ADC validated value for same line: 0
ADC adjusted value for line 1717: 0
ADC validated value for same line: 0
ADC adjusted value for line 1718: 0
ADC validated value for same line: 0
ADC adjusted value for line 1719: 0
ADC validated value for same line: 0
ADC adjusted value for line 1720: 0
ADC validated value for same line: 0
ADC adjusted value for line 1721: 0
ADC validated value for same line: 0
ADC adjusted value for line 1722: 0
ADC validated value for same line: 0
ADC adjusted value for line 1723: 0
ADC validated value for same line: 0
ADC adjusted value for line 1724: 0
ADC validated value for same line: 0
ADC adjusted value for line 1725: 0
ADC validated value for same line: 0
ADC adjusted value for line 1726: 0
ADC validated value for same line: 0
ADC adjusted value for line 1727: 0
ADC validated value for same line: 0
ADC adjusted value for line 1728: 0
ADC validated value for same line: 0
ADC adjusted value for line 1729: 0
ADC validated value for same line: 0
ADC adjusted value for line 1730: 0
ADC validated value for same line: 0
ADC adjusted value for line 1731: 0
ADC validated value for same line: 0
ADC adjusted value for line 1732: 0
ADC validated value for same line: 0
ADC adjusted value for line 1733: 0
ADC validated value for same line: 0
ADC adjusted value for line 1734: 0
ADC validated value for same line: 0
ADC adjusted value for line 1735: 0
ADC validated value for same line: 0
ADC adjusted value for line 1736: 0
ADC validated value for same line: 0
ADC adjusted value for line 1737: 0
ADC validated value for same line: 0
ADC adjusted value for line 1738: 0
ADC validated value for same line: 0
ADC adjusted value for line 1739: 0
ADC validated value for same line: 0
ADC adjusted value for line 1740: 0
ADC validated value for same line: 0
ADC adjusted value for line 1741: 0
ADC validated value for same line: 0
ADC adjusted value for line 1742: 0
ADC validated value for same line: 0
ADC adjusted value for line 1743: 0
ADC validated value for same line: 0
ADC adjusted value for line 1744: 0
ADC validated value for same line: 0
ADC adjusted value for line 1745: 0
ADC validated value for same line: 0
ADC adjusted value for line 1746: 0
ADC validated value for same line: 0
ADC adjusted value for line 1747: 0
ADC validated value for same line: 0
ADC adjusted value for line 1748: 0
ADC validated value for same line: 0
ADC adjusted value for line 1749: 0
ADC validated value for same line: 0
ADC adjusted value for line 1750: 0
ADC validated value for same line: 0
ADC adjusted value for line 1751: 0
ADC validated value for same line: 0
ADC adjusted value for line 1752: 1
ADC validated value for same line: 1
ADC adjusted value for line 1753: 2
ADC validated value for same line: 2
ADC adjusted value for line 1754: 5
ADC validated value for same line: 5
ADC adjusted value for line 1755: 8
ADC validated value for same line: 8
ADC adjusted value for line 1756: 13
ADC validated value for same line: 13
ADC adjusted value for line 1757: 20
ADC validated value for same line: 20
ADC adjusted value for line 1758: 29
ADC validated value for same line: 29
ADC adjusted value for line 1759: 42
ADC validated value for same line: 42
ADC adjusted value for line 1760: 57
ADC validated value for same line: 57
ADC adjusted value for line 1761: 73
ADC validated value for same line: 73
ADC adjusted value for line 1762: 92
ADC validated value for same line: 92
ADC adjusted value for line 1763: 111
ADC validated value for same line: 111
ADC adjusted value for line 1764: 128
ADC validated value for same line: 128
ADC adjusted value for line 1765: 143
ADC validated value for same line: 143
ADC adjusted value for line 1766: 152
ADC validated value for same line: 152
ADC adjusted value for line 1767: 156
ADC validated value for same line: 156
ADC adjusted value for line 1768: 154
ADC validated value for same line: 154
ADC adjusted value for line 1769: 146
ADC validated value for same line: 146
ADC adjusted value for line 1770: 133
ADC validated value for same line: 133
ADC adjusted value for line 1771: 115
ADC validated value for same line: 115
ADC adjusted value for line 1772: 96
ADC validated value for same line: 96
ADC adjusted value for line 1773: 77
ADC validated value for same line: 77
ADC adjusted value for line 1774: 59
ADC validated value for same line: 59
ADC adjusted value for line 1775: 43
ADC validated value for same line: 43
ADC adjusted value for line 1776: 30
ADC validated value for same line: 30
ADC adjusted value for line 1777: 20
ADC validated value for same line: 20
ADC adjusted value for line 1778: 12
ADC validated value for same line: 12
ADC adjusted value for line 1779: 7
ADC validated value for same line: 7
ADC adjusted value for line 1780: 3
ADC validated value for same line: 3
ADC adjusted value for line 1781: 0
ADC validated value for same line: 0
ADC adjusted value for line 1782: -2
ADC validated value for same line: -2
ADC adjusted value for line 1783: -2
ADC validated value for same line: -2
ADC adjusted value for line 1784: -3
ADC validated value for same line: -3
ADC adjusted value for line 1785: -3
ADC validated value for same line: -3
ADC adjusted value for line 1786: -3
ADC validated value for same line: -3
ADC adjusted value for line 1787: -3
ADC validated value for same line: -3
ADC adjusted value for line 1788: -3
ADC validated value for same line: -3
ADC adjusted value for line 1789: -3
ADC validated value for same line: -3
ADC adjusted value for line 1790: -3
ADC validated value for same line: -3
ADC adjusted value for line 1791: -2
ADC validated value for same line: -2
ADC adjusted value for line 1792: 0
ADC validated value for same line: 0
ADC adjusted value for line 1793: 0
ADC validated value for same line: 0
ADC adjusted value for line 1794: 0
ADC validated value for same line: 0
ADC adjusted value for line 1795: 0
ADC validated value for same line: 0
ADC adjusted value for line 1796: 0
ADC validated value for same line: 0
ADC adjusted value for line 1797: 0
ADC validated value for same line: 0
ADC adjusted value for line 1798: 0
ADC validated value for same line: 0
ADC adjusted value for line 1799: 0
ADC validated value for same line: 0
ADC adjusted value for line 1800: 0
ADC validated value for same line: 0
ADC adjusted value for line 1801: 0
ADC validated value for same line: 0
ADC adjusted value for line 1802: 0
ADC validated value for same line: 0
ADC adjusted value for line 1803: 0
ADC validated value for same line: 0
ADC adjusted value for line 1804: 0
ADC validated value for same line: 0
ADC adjusted value for line 1805: 0
ADC validated value for same line: 0
ADC adjusted value for line 1806: 0
ADC validated value for same line: 0
ADC adjusted value for line 1807: 0
ADC validated value for same line: 0
ADC adjusted value for line 1808: 0
ADC validated value for same line: 0
ADC adjusted value for line 1809: 0
ADC validated value for same line: 0
ADC adjusted value for line 1810: 0
ADC validated value for same line: 0
ADC adjusted value for line 1811: 0
ADC validated value for same line: 0
ADC adjusted value for line 1812: 0
ADC validated value for same line: 0
ADC adjusted value for line 1813: 0
ADC validated value for same line: 0
ADC adjusted value for line 1814: 0
ADC validated value for same line: 0
ADC adjusted value for line 1815: 0
ADC validated value for same line: 0
ADC adjusted value for line 1816: 0
ADC validated value for same line: 0
ADC adjusted value for line 1817: 0
ADC validated value for same line: 0
ADC adjusted value for line 1818: 0
ADC validated value for same line: 0
ADC adjusted value for line 1819: 0
ADC validated value for same line: 0
ADC adjusted value for line 1820: 0
ADC validated value for same line: 0
ADC adjusted value for line 1821: 0
ADC validated value for same line: 0
ADC adjusted value for line 1822: 0
ADC validated value for same line: 0
ADC adjusted value for line 1823: 0
ADC validated value for same line: 0
ADC adjusted value for line 1824: 0
ADC validated value for same line: 0
ADC adjusted value for line 1825: 0
ADC validated value for same line: 0
ADC adjusted value for line 1826: 0
ADC validated value for same line: 0
ADC adjusted value for line 1827: 0
ADC validated value for same line: 0
ADC adjusted value for line 1828: 0
ADC validated value for same line: 0
ADC adjusted value for line 1829: 0
ADC validated value for same line: 0
ADC adjusted value for line 1830: 0
ADC validated value for same line: 0
ADC adjusted value for line 1831: 1
ADC validated value for same line: 1
ADC adjusted value for line 1832: 2
ADC validated value for same line: 2
ADC adjusted value for line 1833: 4
ADC validated value for same line: 4
ADC adjusted value for line 1834: 7
ADC validated value for same line: 7
ADC adjusted value for line 1835: 11
ADC validated value for same line: 11
ADC adjusted value for line 1836: 17
ADC validated value for same line: 17
ADC adjusted value for line 1837: 26
ADC validated value for same line: 26
ADC adjusted value for line 1838: 37
ADC validated value for same line: 37
ADC adjusted value for line 1839: 52
ADC validated value for same line: 52
ADC adjusted value for line 1840: 68
ADC validated value for same line: 68
ADC adjusted value for line 1841: 86
ADC validated value for same line: 86
ADC adjusted value for line 1842: 106
ADC validated value for same line: 106
ADC adjusted value for line 1843: 125
ADC validated value for same line: 125
ADC adjusted value for line 1844: 141
ADC validated value for same line: 141
ADC adjusted value for line 1845: 153
ADC validated value for same line: 153
ADC adjusted value for line 1846: 160
ADC validated value for same line: 160
ADC adjusted value for line 1847: 160
ADC validated value for same line: 160
ADC adjusted value for line 1848: 154
ADC validated value for same line: 154
ADC adjusted value for line 1849: 142
ADC validated value for same line: 142
ADC adjusted value for line 1850: 125
ADC validated value for same line: 125
ADC adjusted value for line 1851: 106
ADC validated value for same line: 106
ADC adjusted value for line 1852: 86
ADC validated value for same line: 86
ADC adjusted value for line 1853: 68
ADC validated value for same line: 68
ADC adjusted value for line 1854: 51
ADC validated value for same line: 51
ADC adjusted value for line 1855: 36
ADC validated value for same line: 36
ADC adjusted value for line 1856: 0
ADC validated value for same line: 0
ADC adjusted value for line 1857: 0
ADC validated value for same line: 0
ADC adjusted value for line 1858: 0
ADC validated value for same line: 0
ADC adjusted value for line 1859: 0
ADC validated value for same line: 0
ADC adjusted value for line 1860: 0
ADC validated value for same line: 0
ADC adjusted value for line 1861: 0
ADC validated value for same line: 0
ADC adjusted value for line 1862: 0
ADC validated value for same line: 0
ADC adjusted value for line 1863: 0
ADC validated value for same line: 0
ADC adjusted value for line 1864: 0
ADC validated value for same line: 0
ADC adjusted value for line 1865: 0
ADC validated value for same line: 0
ADC adjusted value for line 1866: 0
ADC validated value for same line: 0
ADC adjusted value for line 1867: 0
ADC validated value for same line: 0
ADC adjusted value for line 1868: 0
ADC validated value for same line: 0
ADC adjusted value for line 1869: 1
ADC validated value for same line: 1
ADC adjusted value for line 1870: 1
ADC validated value for same line: 1
ADC adjusted value for line 1871: 3
ADC validated value for same line: 3
ADC adjusted value for line 1872: 5
ADC validated value for same line: 5
ADC adjusted value for line 1873: 9
ADC validated value for same line: 9
ADC adjusted value for line 1874: 15
ADC validated value for same line: 15
ADC adjusted value for line 1875: 23
ADC validated value for same line: 23
ADC adjusted value for line 1876: 34
ADC validated value for same line: 34
ADC adjusted value for line 1877: 47
ADC validated value for same line: 47
ADC adjusted value for line 1878: 63
ADC validated value for same line: 63
ADC adjusted value for line 1879: 81
ADC validated value for same line: 81
ADC adjusted value for line 1880: 101
ADC validated value for same line: 101
ADC adjusted value for line 1881: 121
ADC validated value for same line: 121
ADC adjusted value for line 1882: 139
ADC validated value for same line: 139
ADC adjusted value for line 1883: 153
ADC validated value for same line: 153
ADC adjusted value for line 1884: 162
ADC validated value for same line: 162
ADC adjusted value for line 1885: 164
ADC validated value for same line: 164
ADC adjusted value for line 1886: 160
ADC validated value for same line: 160
ADC adjusted value for line 1887: 150
ADC validated value for same line: 150
ADC adjusted value for line 1888: 134
ADC validated value for same line: 134
ADC adjusted value for line 1889: 116
ADC validated value for same line: 116
ADC adjusted value for line 1890: 96
ADC validated value for same line: 96
ADC adjusted value for line 1891: 76
ADC validated value for same line: 76
ADC adjusted value for line 1892: 58
ADC validated value for same line: 58
ADC adjusted value for line 1893: 42
ADC validated value for same line: 42
ADC adjusted value for line 1894: 29
ADC validated value for same line: 29
ADC adjusted value for line 1895: 19
ADC validated value for same line: 19
ADC adjusted value for line 1896: 12
ADC validated value for same line: 12
ADC adjusted value for line 1897: 6
ADC validated value for same line: 6
ADC adjusted value for line 1898: 2
ADC validated value for same line: 2
ADC adjusted value for line 1899: 0
ADC validated value for same line: 0
ADC adjusted value for line 1900: -2
ADC validated value for same line: -2
ADC adjusted value for line 1901: -3
ADC validated value for same line: -3
ADC adjusted value for line 1902: -3
ADC validated value for same line: -3
ADC adjusted value for line 1903: -3
ADC validated value for same line: -3
ADC adjusted value for line 1904: -3
ADC validated value for same line: -3
ADC adjusted value for line 1905: -3
ADC validated value for same line: -3
ADC adjusted value for line 1906: -3
ADC validated value for same line: -3
ADC adjusted value for line 1907: -3
ADC validated value for same line: -3
ADC adjusted value for line 1908: -3
ADC validated value for same line: -3
ADC adjusted value for line 1909: -2
ADC validated value for same line: -2
ADC adjusted value for line 1910: -2
ADC validated value for same line: -2
ADC adjusted value for line 1911: -2
ADC validated value for same line: -2
ADC adjusted value for line 1912: -2
ADC validated value for same line: -2
ADC adjusted value for line 1913: -2
ADC validated value for same line: -2
ADC adjusted value for line 1914: -2
ADC validated value for same line: -2
ADC adjusted value for line 1915: -2
ADC validated value for same line: -2
ADC adjusted value for line 1916: -2
ADC validated value for same line: -2
ADC adjusted value for line 1917: -2
ADC validated value for same line: -2
ADC adjusted value for line 1918: -2
ADC validated value for same line: -2
ADC adjusted value for line 1919: -1
ADC validated value for same line: -1
ADC adjusted value for line 1920: 61
ADC validated value for same line: 61
ADC adjusted value for line 1921: 80
ADC validated value for same line: 80
ADC adjusted value for line 1922: 100
ADC validated value for same line: 100
ADC adjusted value for line 1923: 120
ADC validated value for same line: 120
ADC adjusted value for line 1924: 139
ADC validated value for same line: 139
ADC adjusted value for line 1925: 155
ADC validated value for same line: 155
ADC adjusted value for line 1926: 165
ADC validated value for same line: 165
ADC adjusted value for line 1927: 169
ADC validated value for same line: 169
ADC adjusted value for line 1928: 167
ADC validated value for same line: 167
ADC adjusted value for line 1929: 157
ADC validated value for same line: 157
ADC adjusted value for line 1930: 143
ADC validated value for same line: 143
ADC adjusted value for line 1931: 124
ADC validated value for same line: 124
ADC adjusted value for line 1932: 104
ADC validated value for same line: 104
ADC adjusted value for line 1933: 84
ADC validated value for same line: 84
ADC adjusted value for line 1934: 65
ADC validated value for same line: 65
ADC adjusted value for line 1935: 48
ADC validated value for same line: 48
ADC adjusted value for line 1936: 34
ADC validated value for same line: 34
ADC adjusted value for line 1937: 23
ADC validated value for same line: 23
ADC adjusted value for line 1938: 14
ADC validated value for same line: 14
ADC adjusted value for line 1939: 8
ADC validated value for same line: 8
ADC adjusted value for line 1940: 4
ADC validated value for same line: 4
ADC adjusted value for line 1941: 1
ADC validated value for same line: 1
ADC adjusted value for line 1942: 0
ADC validated value for same line: 0
ADC adjusted value for line 1943: -1
ADC validated value for same line: -1
ADC adjusted value for line 1944: -2
ADC validated value for same line: -2
ADC adjusted value for line 1945: -2
ADC validated value for same line: -2
ADC adjusted value for line 1946: -2
ADC validated value for same line: -2
ADC adjusted value for line 1947: -2
ADC validated value for same line: -2
ADC adjusted value for line 1948: -2
ADC validated value for same line: -2
ADC adjusted value for line 1949: -2
ADC validated value for same line: -2
ADC adjusted value for line 1950: -2
ADC validated value for same line: -2
ADC adjusted value for line 1951: -2
ADC validated value for same line: -2
ADC adjusted value for line 1952: -2
ADC validated value for same line: -2
ADC adjusted value for line 1953: -2
ADC validated value for same line: -2
ADC adjusted value for line 1954: -1
ADC validated value for same line: -1
ADC adjusted value for line 1955: -1
ADC validated value for same line: -1
ADC adjusted value for line 1956: -1
ADC validated value for same line: -1
ADC adjusted value for line 1957: -1
ADC validated value for same line: -1
ADC adjusted value for line 1958: -1
ADC validated value for same line: -1
ADC adjusted value for line 1959: -1
ADC validated value for same line: -1
ADC adjusted value for line 1960: -1
ADC validated value for same line: -1
ADC adjusted value for line 1961: -1
ADC validated value for same line: -1
ADC adjusted value for line 1962: -1
ADC validated value for same line: -1
ADC adjusted value for line 1963: -1
ADC validated value for same line: -1
ADC adjusted value for line 1964: 0
ADC validated value for same line: 0
ADC adjusted value for line 1965: 0
ADC validated value for same line: 0
ADC adjusted value for line 1966: 0
ADC validated value for same line: 0
ADC adjusted value for line 1967: 0
ADC validated value for same line: 0
ADC adjusted value for line 1968: 0
ADC validated value for same line: 0
ADC adjusted value for line 1969: 0
ADC validated value for same line: 0
ADC adjusted value for line 1970: 0
ADC validated value for same line: 0
ADC adjusted value for line 1971: 0
ADC validated value for same line: 0
ADC adjusted value for line 1972: 0
ADC validated value for same line: 0
ADC adjusted value for line 1973: 0
ADC validated value for same line: 0
ADC adjusted value for line 1974: 0
ADC validated value for same line: 0
ADC adjusted value for line 1975: 0
ADC validated value for same line: 0
ADC adjusted value for line 1976: 0
ADC validated value for same line: 0
ADC adjusted value for line 1977: 0
ADC validated value for same line: 0
ADC adjusted value for line 1978: 0
ADC validated value for same line: 0
ADC adjusted value for line 1979: 0
ADC validated value for same line: 0
ADC adjusted value for line 1980: 0
ADC validated value for same line: 0
ADC adjusted value for line 1981: 0
ADC validated value for same line: 0
ADC adjusted value for line 1982: 0
ADC validated value for same line: 0
ADC adjusted value for line 1983: 0
ADC validated value for same line: 0
ADC adjusted value for line 1984: 0
ADC validated value for same line: 0
ADC adjusted value for line 1985: 0
ADC validated value for same line: 0
ADC adjusted value for line 1986: 0
ADC validated value for same line: 0
ADC adjusted value for line 1987: 0
ADC validated value for same line: 0
ADC adjusted value for line 1988: 0
ADC validated value for same line: 0
ADC adjusted value for line 1989: 0
ADC validated value for same line: 0
ADC adjusted value for line 1990: 0
ADC validated value for same line: 0
ADC adjusted value for line 1991: 0
ADC validated value for same line: 0
ADC adjusted value for line 1992: 0
ADC validated value for same line: 0
ADC adjusted value for line 1993: 0
ADC validated value for same line: 0
ADC adjusted value for line 1994: 0
ADC validated value for same line: 0
ADC adjusted value for line 1995: 0
ADC validated value for same line: 0
ADC adjusted value for line 1996: 0
ADC validated value for same line: 0
ADC adjusted value for line 1997: 0
ADC validated value for same line: 0
ADC adjusted value for line 1998: 0
ADC validated value for same line: 0
ADC adjusted value for line 1999: 0
ADC validated value for same line: 0
ADC adjusted value for line 2000: 0
ADC validated value for same line: 0
ADC adjusted value for line 2001: 1
ADC validated value for same line: 1
ADC adjusted value for line 2002: 2
ADC validated value for same line: 2
ADC adjusted value for line 2003: 4
ADC validated value for same line: 4
ADC adjusted value for line 2004: 7
ADC validated value for same line: 7
ADC adjusted value for line 2005: 12
ADC validated value for same line: 12
ADC adjusted value for line 2006: 19
ADC validated value for same line: 19
ADC adjusted value for line 2007: 29
ADC validated value for same line: 29
ADC adjusted value for line 2008: 41
ADC validated value for same line: 41
ADC adjusted value for line 2009: 57
ADC validated value for same line: 57
ADC adjusted value for line 2010: 75
ADC validated value for same line: 75
ADC adjusted value for line 2011: 95
ADC validated value for same line: 95
ADC adjusted value for line 2012: 116
ADC validated value for same line: 116
ADC adjusted value for line 2013: 136
ADC validated value for same line: 136
ADC adjusted value for line 2014: 153
ADC validated value for same line: 153
ADC adjusted value for line 2015: 166
ADC validated value for same line: 166
ADC adjusted value for line 2016: 172
ADC validated value for same line: 172
ADC adjusted value for line 2017: 171
ADC validated value for same line: 171
ADC adjusted value for line 2018: 164
ADC validated value for same line: 164
ADC adjusted value for line 2019: 151
ADC validated value for same line: 151
ADC adjusted value for line 2020: 132
ADC validated value for same line: 132
ADC adjusted value for line 2021: 112
ADC validated value for same line: 112
ADC adjusted value for line 2022: 91
ADC validated value for same line: 91
ADC adjusted value for line 2023: 71
ADC validated value for same line: 71
ADC adjusted value for line 2024: 53
ADC validated value for same line: 53
ADC adjusted value for line 2025: 38
ADC validated value for same line: 38
ADC adjusted value for line 2026: 25
ADC validated value for same line: 25
ADC adjusted value for line 2027: 16
ADC validated value for same line: 16
ADC adjusted value for line 2028: 9
ADC validated value for same line: 9
ADC adjusted value for line 2029: 5
ADC validated value for same line: 5
ADC adjusted value for line 2030: 1
ADC validated value for same line: 1
ADC adjusted value for line 2031: -1
ADC validated value for same line: -1
ADC adjusted value for line 2032: -2
ADC validated value for same line: -2
ADC adjusted value for line 2033: -3
ADC validated value for same line: -3
ADC adjusted value for line 2034: -3
ADC validated value for same line: -3
ADC adjusted value for line 2035: -3
ADC validated value for same line: -3
ADC adjusted value for line 2036: -3
ADC validated value for same line: -3
ADC adjusted value for line 2037: -3
ADC validated value for same line: -3
ADC adjusted value for line 2038: -3
ADC validated value for same line: -3
ADC adjusted value for line 2039: -3
ADC validated value for same line: -3
ADC adjusted value for line 2040: -2
ADC validated value for same line: -2
ADC adjusted value for line 2041: -2
ADC validated value for same line: -2
ADC adjusted value for line 2042: -2
ADC validated value for same line: -2
ADC adjusted value for line 2043: -2
ADC validated value for same line: -2
ADC adjusted value for line 2044: -2
ADC validated value for same line: -2
ADC adjusted value for line 2045: -2
ADC validated value for same line: -2
ADC adjusted value for line 2046: -2
ADC validated value for same line: -2
ADC adjusted value for line 2047: -2
ADC validated value for same line: -2
ADC adjusted value for line 2048: 0
ADC validated value for same line: 0
ADC adjusted value for line 2049: 0
ADC validated value for same line: 0
ADC adjusted value for line 2050: 0
ADC validated value for same line: 0
ADC adjusted value for line 2051: 0
ADC validated value for same line: 0
ADC adjusted value for line 2052: 0
ADC validated value for same line: 0
ADC adjusted value for line 2053: 0
ADC validated value for same line: 0
ADC adjusted value for line 2054: 0
ADC validated value for same line: 0
ADC adjusted value for line 2055: 0
ADC validated value for same line: 0
ADC adjusted value for line 2056: 0
ADC validated value for same line: 0
ADC adjusted value for line 2057: 0
ADC validated value for same line: 0
ADC adjusted value for line 2058: 0
ADC validated value for same line: 0
ADC adjusted value for line 2059: 0
ADC validated value for same line: 0
ADC adjusted value for line 2060: 0
ADC validated value for same line: 0
ADC adjusted value for line 2061: 0
ADC validated value for same line: 0
ADC adjusted value for line 2062: 0
ADC validated value for same line: 0
ADC adjusted value for line 2063: 0
ADC validated value for same line: 0
ADC adjusted value for line 2064: 0
ADC validated value for same line: 0
ADC adjusted value for line 2065: 0
ADC validated value for same line: 0
ADC adjusted value for line 2066: 0
ADC validated value for same line: 0
ADC adjusted value for line 2067: 0
ADC validated value for same line: 0
ADC adjusted value for line 2068: 0
ADC validated value for same line: 0
ADC adjusted value for line 2069: 1
ADC validated value for same line: 1
ADC adjusted value for line 2070: 2
ADC validated value for same line: 2
ADC adjusted value for line 2071: 4
ADC validated value for same line: 4
ADC adjusted value for line 2072: 7
ADC validated value for same line: 7
ADC adjusted value for line 2073: 12
ADC validated value for same line: 12
ADC adjusted value for line 2074: 19
ADC validated value for same line: 19
ADC adjusted value for line 2075: 29
ADC validated value for same line: 29
ADC adjusted value for line 2076: 41
ADC validated value for same line: 41
ADC adjusted value for line 2077: 57
ADC validated value for same line: 57
ADC adjusted value for line 2078: 75
ADC validated value for same line: 75
ADC adjusted value for line 2079: 95
ADC validated value for same line: 95
ADC adjusted value for line 2080: 117
ADC validated value for same line: 117
ADC adjusted value for line 2081: 138
ADC validated value for same line: 138
ADC adjusted value for line 2082: 155
ADC validated value for same line: 155
ADC adjusted value for line 2083: 169
ADC validated value for same line: 169
ADC adjusted value for line 2084: 176
ADC validated value for same line: 176
ADC adjusted value for line 2085: 176
ADC validated value for same line: 176
ADC adjusted value for line 2086: 169
ADC validated value for same line: 169
ADC adjusted value for line 2087: 156
ADC validated value for same line: 156
ADC adjusted value for line 2088: 137
ADC validated value for same line: 137
ADC adjusted value for line 2089: 117
ADC validated value for same line: 117
ADC adjusted value for line 2090: 95
ADC validated value for same line: 95
ADC adjusted value for line 2091: 74
ADC validated value for same line: 74
ADC adjusted value for line 2092: 56
ADC validated value for same line: 56
ADC adjusted value for line 2093: 40
ADC validated value for same line: 40
ADC adjusted value for line 2094: 27
ADC validated value for same line: 27
ADC adjusted value for line 2095: 17
ADC validated value for same line: 17
ADC adjusted value for line 2096: 10
ADC validated value for same line: 10
ADC adjusted value for line 2097: 5
ADC validated value for same line: 5
ADC adjusted value for line 2098: 1
ADC validated value for same line: 1
ADC adjusted value for line 2099: -1
ADC validated value for same line: -1
ADC adjusted value for line 2100: -2
ADC validated value for same line: -2
ADC adjusted value for line 2101: -3
ADC validated value for same line: -3
ADC adjusted value for line 2102: -3
ADC validated value for same line: -3
ADC adjusted value for line 2103: -3
ADC validated value for same line: -3
ADC adjusted value for line 2104: -3
ADC validated value for same line: -3
ADC adjusted value for line 2105: -3
ADC validated value for same line: -3
ADC adjusted value for line 2106: -3
ADC validated value for same line: -3
ADC adjusted value for line 2107: -3
ADC validated value for same line: -3
ADC adjusted value for line 2108: -2
ADC validated value for same line: -2
ADC adjusted value for line 2109: -2
ADC validated value for same line: -2
ADC adjusted value for line 2110: -2
ADC validated value for same line: -2
ADC adjusted value for line 2111: -2
ADC validated value for same line: -2
ADC adjusted value for line 2112: 0
ADC validated value for same line: 0
ADC adjusted value for line 2113: 0
ADC validated value for same line: 0
ADC adjusted value for line 2114: 0
ADC validated value for same line: 0
ADC adjusted value for line 2115: 0
ADC validated value for same line: 0
ADC adjusted value for line 2116: 0
ADC validated value for same line: 0
ADC adjusted value for line 2117: 0
ADC validated value for same line: 0
ADC adjusted value for line 2118: 0
ADC validated value for same line: 0
ADC adjusted value for line 2119: 0
ADC validated value for same line: 0
ADC adjusted value for line 2120: 0
ADC validated value for same line: 0
ADC adjusted value for line 2121: 0
ADC validated value for same line: 0
ADC adjusted value for line 2122: 0
ADC validated value for same line: 0
ADC adjusted value for line 2123: 1
ADC validated value for same line: 1
ADC adjusted value for line 2124: 2
ADC validated value for same line: 2
ADC adjusted value for line 2125: 3
ADC validated value for same line: 3
ADC adjusted value for line 2126: 6
ADC validated value for same line: 6
ADC adjusted value for line 2127: 10
ADC validated value for same line: 10
ADC adjusted value for line 2128: 17
ADC validated value for same line: 17
ADC adjusted value for line 2129: 26
ADC validated value for same line: 26
ADC adjusted value for line 2130: 38
ADC validated value for same line: 38
ADC adjusted value for line 2131: 53
ADC validated value for same line: 53
ADC adjusted value for line 2132: 70
ADC validated value for same line: 70
ADC adjusted value for line 2133: 90
ADC validated value for same line: 90
ADC adjusted value for line 2134: 112
ADC validated value for same line: 112
ADC adjusted value for line 2135: 134
ADC validated value for same line: 134
ADC adjusted value for line 2136: 153
ADC validated value for same line: 153
ADC adjusted value for line 2137: 168
ADC validated value for same line: 168
ADC adjusted value for line 2138: 178
ADC validated value for same line: 178
ADC adjusted value for line 2139: 180
ADC validated value for same line: 180
ADC adjusted value for line 2140: 176
ADC validated value for same line: 176
ADC adjusted value for line 2141: 164
ADC validated value for same line: 164
ADC adjusted value for line 2142: 147
ADC validated value for same line: 147
ADC adjusted value for line 2143: 126
ADC validated value for same line: 126
ADC adjusted value for line 2144: 105
ADC validated value for same line: 105
ADC adjusted value for line 2145: 83
ADC validated value for same line: 83
ADC adjusted value for line 2146: 63
ADC validated value for same line: 63
ADC adjusted value for line 2147: 46
ADC validated value for same line: 46
ADC adjusted value for line 2148: 32
ADC validated value for same line: 32
ADC adjusted value for line 2149: 21
ADC validated value for same line: 21
ADC adjusted value for line 2150: 13
ADC validated value for same line: 13
ADC adjusted value for line 2151: 7
ADC validated value for same line: 7
ADC adjusted value for line 2152: 2
ADC validated value for same line: 2
ADC adjusted value for line 2153: 0
ADC validated value for same line: 0
ADC adjusted value for line 2154: -2
ADC validated value for same line: -2
ADC adjusted value for line 2155: -3
ADC validated value for same line: -3
ADC adjusted value for line 2156: -3
ADC validated value for same line: -3
ADC adjusted value for line 2157: -3
ADC validated value for same line: -3
ADC adjusted value for line 2158: -3
ADC validated value for same line: -3
ADC adjusted value for line 2159: -3
ADC validated value for same line: -3
ADC adjusted value for line 2160: -3
ADC validated value for same line: -3
ADC adjusted value for line 2161: -3
ADC validated value for same line: -3
ADC adjusted value for line 2162: -3
ADC validated value for same line: -3
ADC adjusted value for line 2163: -2
ADC validated value for same line: -2
ADC adjusted value for line 2164: -2
ADC validated value for same line: -2
ADC adjusted value for line 2165: -2
ADC validated value for same line: -2
ADC adjusted value for line 2166: -2
ADC validated value for same line: -2
ADC adjusted value for line 2167: -2
ADC validated value for same line: -2
ADC adjusted value for line 2168: -2
ADC validated value for same line: -2
ADC adjusted value for line 2169: -2
ADC validated value for same line: -2
ADC adjusted value for line 2170: -2
ADC validated value for same line: -2
ADC adjusted value for line 2171: -2
ADC validated value for same line: -2
ADC adjusted value for line 2172: -2
ADC validated value for same line: -2
ADC adjusted value for line 2173: -1
ADC validated value for same line: -1
ADC adjusted value for line 2174: -1
ADC validated value for same line: -1
ADC adjusted value for line 2175: -1
ADC validated value for same line: -1
ADC adjusted value for line 2176: 0
ADC validated value for same line: 0
ADC adjusted value for line 2177: 0
ADC validated value for same line: 0
ADC adjusted value for line 2178: 0
ADC validated value for same line: 0
ADC adjusted value for line 2179: 0
ADC validated value for same line: 0
ADC adjusted value for line 2180: 0
ADC validated value for same line: 0
ADC adjusted value for line 2181: 0
ADC validated value for same line: 0
ADC adjusted value for line 2182: 0
ADC validated value for same line: 0
ADC adjusted value for line 2183: 0
ADC validated value for same line: 0
ADC adjusted value for line 2184: 0
ADC validated value for same line: 0
ADC adjusted value for line 2185: 0
ADC validated value for same line: 0
ADC adjusted value for line 2186: 0
ADC validated value for same line: 0
ADC adjusted value for line 2187: 0
ADC validated value for same line: 0
ADC adjusted value for line 2188: 0
ADC validated value for same line: 0
ADC adjusted value for line 2189: 0
ADC validated value for same line: 0
ADC adjusted value for line 2190: 0
ADC validated value for same line: 0
ADC adjusted value for line 2191: 0
ADC validated value for same line: 0
ADC adjusted value for line 2192: 0
ADC validated value for same line: 0
ADC adjusted value for line 2193: 0
ADC validated value for same line: 0
ADC adjusted value for line 2194: 0
ADC validated value for same line: 0
ADC adjusted value for line 2195: 0
ADC validated value for same line: 0
ADC adjusted value for line 2196: 0
ADC validated value for same line: 0
ADC adjusted value for line 2197: 0
ADC validated value for same line: 0
ADC adjusted value for line 2198: 0
ADC validated value for same line: 0
ADC adjusted value for line 2199: 0
ADC validated value for same line: 0
ADC adjusted value for line 2200: 0
ADC validated value for same line: 0
ADC adjusted value for line 2201: 0
ADC validated value for same line: 0
ADC adjusted value for line 2202: 0
ADC validated value for same line: 0
ADC adjusted value for line 2203: 0
ADC validated value for same line: 0
ADC adjusted value for line 2204: 0
ADC validated value for same line: 0
ADC adjusted value for line 2205: 0
ADC validated value for same line: 0
ADC adjusted value for line 2206: 0
ADC validated value for same line: 0
ADC adjusted value for line 2207: 0
ADC validated value for same line: 0
ADC adjusted value for line 2208: 0
ADC validated value for same line: 0
ADC adjusted value for line 2209: 0
ADC validated value for same line: 0
ADC adjusted value for line 2210: 0
ADC validated value for same line: 0
ADC adjusted value for line 2211: 0
ADC validated value for same line: 0
ADC adjusted value for line 2212: 0
ADC validated value for same line: 0
ADC adjusted value for line 2213: 0
ADC validated value for same line: 0
ADC adjusted value for line 2214: 0
ADC validated value for same line: 0
ADC adjusted value for line 2215: 0
ADC validated value for same line: 0
ADC adjusted value for line 2216: 0
ADC validated value for same line: 0
ADC adjusted value for line 2217: 0
ADC validated value for same line: 0
ADC adjusted value for line 2218: 0
ADC validated value for same line: 0
ADC adjusted value for line 2219: 0
ADC validated value for same line: 0
ADC adjusted value for line 2220: 0
ADC validated value for same line: 0
ADC adjusted value for line 2221: 1
ADC validated value for same line: 1
ADC adjusted value for line 2222: 2
ADC validated value for same line: 2
ADC adjusted value for line 2223: 5
ADC validated value for same line: 5
ADC adjusted value for line 2224: 8
ADC validated value for same line: 8
ADC adjusted value for line 2225: 13
ADC validated value for same line: 13
ADC adjusted value for line 2226: 21
ADC validated value for same line: 21
ADC adjusted value for line 2227: 31
ADC validated value for same line: 31
ADC adjusted value for line 2228: 45
ADC validated value for same line: 45
ADC adjusted value for line 2229: 62
ADC validated value for same line: 62
ADC adjusted value for line 2230: 80
ADC validated value for same line: 80
ADC adjusted value for line 2231: 102
ADC validated value for same line: 102
ADC adjusted value for line 2232: 125
ADC validated value for same line: 125
ADC adjusted value for line 2233: 146
ADC validated value for same line: 146
ADC adjusted value for line 2234: 164
ADC validated value for same line: 164
ADC adjusted value for line 2235: 177
ADC validated value for same line: 177
ADC adjusted value for line 2236: 184
ADC validated value for same line: 184
ADC adjusted value for line 2237: 183
ADC validated value for same line: 183
ADC adjusted value for line 2238: 175
ADC validated value for same line: 175
ADC adjusted value for line 2239: 161
ADC validated value for same line: 161
ADC adjusted value for line 2240: 0
ADC validated value for same line: 0
ADC adjusted value for line 2241: 0
ADC validated value for same line: 0
ADC adjusted value for line 2242: 0
ADC validated value for same line: 0
ADC adjusted value for line 2243: 0
ADC validated value for same line: 0
ADC adjusted value for line 2244: 0
ADC validated value for same line: 0
ADC adjusted value for line 2245: 0
ADC validated value for same line: 0
ADC adjusted value for line 2246: 0
ADC validated value for same line: 0
ADC adjusted value for line 2247: 0
ADC validated value for same line: 0
ADC adjusted value for line 2248: 0
ADC validated value for same line: 0
ADC adjusted value for line 2249: 0
ADC validated value for same line: 0
ADC adjusted value for line 2250: 0
ADC validated value for same line: 0
ADC adjusted value for line 2251: 0
ADC validated value for same line: 0
ADC adjusted value for line 2252: 0
ADC validated value for same line: 0
ADC adjusted value for line 2253: 0
ADC validated value for same line: 0
ADC adjusted value for line 2254: 0
ADC validated value for same line: 0
ADC adjusted value for line 2255: 0
ADC validated value for same line: 0
ADC adjusted value for line 2256: 0
ADC validated value for same line: 0
ADC adjusted value for line 2257: 0
ADC validated value for same line: 0
ADC adjusted value for line 2258: 0
ADC validated value for same line: 0
ADC adjusted value for line 2259: 0
ADC validated value for same line: 0
ADC adjusted value for line 2260: 0
ADC validated value for same line: 0
ADC adjusted value for line 2261: 0
ADC validated value for same line: 0
ADC adjusted value for line 2262: 0
ADC validated value for same line: 0
ADC adjusted value for line 2263: 0
ADC validated value for same line: 0
ADC adjusted value for line 2264: 0
ADC validated value for same line: 0
ADC adjusted value for line 2265: 0
ADC validated value for same line: 0
ADC adjusted value for line 2266: 0
ADC validated value for same line: 0
ADC adjusted value for line 2267: 0
ADC validated value for same line: 0
ADC adjusted value for line 2268: 0
ADC validated value for same line: 0
ADC adjusted value for line 2269: 0
ADC validated value for same line: 0
ADC adjusted value for line 2270: 0
ADC validated value for same line: 0
ADC adjusted value for line 2271: 0
ADC validated value for same line: 0
ADC adjusted value for line 2272: 0
ADC validated value for same line: 0
ADC adjusted value for line 2273: 0
ADC validated value for same line: 0
ADC adjusted value for line 2274: 0
ADC validated value for same line: 0
ADC adjusted value for line 2275: 0
ADC validated value for same line: 0
ADC adjusted value for line 2276: 0
ADC validated value for same line: 0
ADC adjusted value for line 2277: 0
ADC validated value for same line: 0
ADC adjusted value for line 2278: 0
ADC validated value for same line: 0
ADC adjusted value for line 2279: 0
ADC validated value for same line: 0
ADC adjusted value for line 2280: 0
ADC validated value for same line: 0
ADC adjusted value for line 2281: 0
ADC validated value for same line: 0
ADC adjusted value for line 2282: 0
ADC validated value for same line: 0
ADC adjusted value for line 2283: 1
ADC validated value for same line: 1
ADC adjusted value for line 2284: 2
ADC validated value for same line: 2
ADC adjusted value for line 2285: 4
ADC validated value for same line: 4
ADC adjusted value for line 2286: 7
ADC validated value for same line: 7
ADC adjusted value for line 2287: 12
ADC validated value for same line: 12
ADC adjusted value for line 2288: 19
ADC validated value for same line: 19
ADC adjusted value for line 2289: 28
ADC validated value for same line: 28
ADC adjusted value for line 2290: 41
ADC validated value for same line: 41
ADC adjusted value for line 2291: 57
ADC validated value for same line: 57
ADC adjusted value for line 2292: 76
ADC validated value for same line: 76
ADC adjusted value for line 2293: 97
ADC validated value for same line: 97
ADC adjusted value for line 2294: 120
ADC validated value for same line: 120
ADC adjusted value for line 2295: 143
ADC validated value for same line: 143
ADC adjusted value for line 2296: 162
ADC validated value for same line: 162
ADC adjusted value for line 2297: 178
ADC validated value for same line: 178
ADC adjusted value for line 2298: 187
ADC validated value for same line: 187
ADC adjusted value for line 2299: 188
ADC validated value for same line: 188
ADC adjusted value for line 2300: 182
ADC validated value for same line: 182
ADC adjusted value for line 2301: 170
ADC validated value for same line: 170
ADC adjusted value for line 2302: 151
ADC validated value for same line: 151
ADC adjusted value for line 2303: 129
ADC validated value for same line: 129
ADC adjusted value for line 2304: 0
ADC validated value for same line: 0
ADC adjusted value for line 2305: 0
ADC validated value for same line: 0
ADC adjusted value for line 2306: 1
ADC validated value for same line: 1
ADC adjusted value for line 2307: 2
ADC validated value for same line: 2
ADC adjusted value for line 2308: 3
ADC validated value for same line: 3
ADC adjusted value for line 2309: 6
ADC validated value for same line: 6
ADC adjusted value for line 2310: 10
ADC validated value for same line: 10
ADC adjusted value for line 2311: 16
ADC validated value for same line: 16
ADC adjusted value for line 2312: 25
ADC validated value for same line: 25
ADC adjusted value for line 2313: 36
ADC validated value for same line: 36
ADC adjusted value for line 2314: 51
ADC validated value for same line: 51
ADC adjusted value for line 2315: 69
ADC validated value for same line: 69
ADC adjusted value for line 2316: 90
ADC validated value for same line: 90
ADC adjusted value for line 2317: 113
ADC validated value for same line: 113
ADC adjusted value for line 2318: 137
ADC validated value for same line: 137
ADC adjusted value for line 2319: 158
ADC validated value for same line: 158
ADC adjusted value for line 2320: 176
ADC validated value for same line: 176
ADC adjusted value for line 2321: 188
ADC validated value for same line: 188
ADC adjusted value for line 2322: 192
ADC validated value for same line: 192
ADC adjusted value for line 2323: 189
ADC validated value for same line: 189
ADC adjusted value for line 2324: 179
ADC validated value for same line: 179
ADC adjusted value for line 2325: 162
ADC validated value for same line: 162
ADC adjusted value for line 2326: 141
ADC validated value for same line: 141
ADC adjusted value for line 2327: 118
ADC validated value for same line: 118
ADC adjusted value for line 2328: 95
ADC validated value for same line: 95
ADC adjusted value for line 2329: 73
ADC validated value for same line: 73
ADC adjusted value for line 2330: 53
ADC validated value for same line: 53
ADC adjusted value for line 2331: 38
ADC validated value for same line: 38
ADC adjusted value for line 2332: 25
ADC validated value for same line: 25
ADC adjusted value for line 2333: 16
ADC validated value for same line: 16
ADC adjusted value for line 2334: 9
ADC validated value for same line: 9
ADC adjusted value for line 2335: 4
ADC validated value for same line: 4
ADC adjusted value for line 2336: 1
ADC validated value for same line: 1
ADC adjusted value for line 2337: -1
ADC validated value for same line: -1
ADC adjusted value for line 2338: -2
ADC validated value for same line: -2
ADC adjusted value for line 2339: -3
ADC validated value for same line: -3
ADC adjusted value for line 2340: -3
ADC validated value for same line: -3
ADC adjusted value for line 2341: -3
ADC validated value for same line: -3
ADC adjusted value for line 2342: -3
ADC validated value for same line: -3
ADC adjusted value for line 2343: -3
ADC validated value for same line: -3
ADC adjusted value for line 2344: -3
ADC validated value for same line: -3
ADC adjusted value for line 2345: -3
ADC validated value for same line: -3
ADC adjusted value for line 2346: -3
ADC validated value for same line: -3
ADC adjusted value for line 2347: -2
ADC validated value for same line: -2
ADC adjusted value for line 2348: -2
ADC validated value for same line: -2
ADC adjusted value for line 2349: -2
ADC validated value for same line: -2
ADC adjusted value for line 2350: -2
ADC validated value for same line: -2
ADC adjusted value for line 2351: -2
ADC validated value for same line: -2
ADC adjusted value for line 2352: -2
ADC validated value for same line: -2
ADC adjusted value for line 2353: -2
ADC validated value for same line: -2
ADC adjusted value for line 2354: -2
ADC validated value for same line: -2
ADC adjusted value for line 2355: -2
ADC validated value for same line: -2
ADC adjusted value for line 2356: -2
ADC validated value for same line: -2
ADC adjusted value for line 2357: -1
ADC validated value for same line: -1
ADC adjusted value for line 2358: -1
ADC validated value for same line: -1
ADC adjusted value for line 2359: -1
ADC validated value for same line: -1
ADC adjusted value for line 2360: -1
ADC validated value for same line: -1
ADC adjusted value for line 2361: -1
ADC validated value for same line: -1
ADC adjusted value for line 2362: -1
ADC validated value for same line: -1
ADC adjusted value for line 2363: -1
ADC validated value for same line: -1
ADC adjusted value for line 2364: -1
ADC validated value for same line: -1
ADC adjusted value for line 2365: -1
ADC validated value for same line: -1
ADC adjusted value for line 2366: -1
ADC validated value for same line: -1
ADC adjusted value for line 2367: 0
ADC validated value for same line: 0
ADC adjusted value for line 2368: 0
ADC validated value for same line: 0
ADC adjusted value for line 2369: 0
ADC validated value for same line: 0
ADC adjusted value for line 2370: 0
ADC validated value for same line: 0
ADC adjusted value for line 2371: 0
ADC validated value for same line: 0
ADC adjusted value for line 2372: 0
ADC validated value for same line: 0
ADC adjusted value for line 2373: 0
ADC validated value for same line: 0
ADC adjusted value for line 2374: 0
ADC validated value for same line: 0
ADC adjusted value for line 2375: 0
ADC validated value for same line: 0
ADC adjusted value for line 2376: 0
ADC validated value for same line: 0
ADC adjusted value for line 2377: 0
ADC validated value for same line: 0
ADC adjusted value for line 2378: 0
ADC validated value for same line: 0
ADC adjusted value for line 2379: 0
ADC validated value for same line: 0
ADC adjusted value for line 2380: 0
ADC validated value for same line: 0
ADC adjusted value for line 2381: 0
ADC validated value for same line: 0
ADC adjusted value for line 2382: 0
ADC validated value for same line: 0
ADC adjusted value for line 2383: 0
ADC validated value for same line: 0
ADC adjusted value for line 2384: 0
ADC validated value for same line: 0
ADC adjusted value for line 2385: 0
ADC validated value for same line: 0
ADC adjusted value for line 2386: 0
ADC validated value for same line: 0
ADC adjusted value for line 2387: 0
ADC validated value for same line: 0
ADC adjusted value for line 2388: 0
ADC validated value for same line: 0
ADC adjusted value for line 2389: 0
ADC validated value for same line: 0
ADC adjusted value for line 2390: 0
ADC validated value for same line: 0
ADC adjusted value for line 2391: 0
ADC validated value for same line: 0
ADC adjusted value for line 2392: 0
ADC validated value for same line: 0
ADC adjusted value for line 2393: 0
ADC validated value for same line: 0
ADC adjusted value for line 2394: 0
ADC validated value for same line: 0
ADC adjusted value for line 2395: 0
ADC validated value for same line: 0
ADC adjusted value for line 2396: 0
ADC validated value for same line: 0
ADC adjusted value for line 2397: 0
ADC validated value for same line: 0
ADC adjusted value for line 2398: 0
ADC validated value for same line: 0
ADC adjusted value for line 2399: 0
ADC validated value for same line: 0
ADC adjusted value for line 2400: 0
ADC validated value for same line: 0
ADC adjusted value for line 2401: 0
ADC validated value for same line: 0
ADC adjusted value for line 2402: 0
ADC validated value for same line: 0
ADC adjusted value for line 2403: 0
ADC validated value for same line: 0
ADC adjusted value for line 2404: 0
ADC validated value for same line: 0
ADC adjusted value for line 2405: 0
ADC validated value for same line: 0
ADC adjusted value for line 2406: 0
ADC validated value for same line: 0
ADC adjusted value for line 2407: 0
ADC validated value for same line: 0
ADC adjusted value for line 2408: 0
ADC validated value for same line: 0
ADC adjusted value for line 2409: 1
ADC validated value for same line: 1
ADC adjusted value for line 2410: 3
ADC validated value for same line: 3
ADC adjusted value for line 2411: 5
ADC validated value for same line: 5
ADC adjusted value for line 2412: 9
ADC validated value for same line: 9
ADC adjusted value for line 2413: 14
ADC validated value for same line: 14
ADC adjusted value for line 2414: 22
ADC validated value for same line: 22
ADC adjusted value for line 2415: 33
ADC validated value for same line: 33
ADC adjusted value for line 2416: 48
ADC validated value for same line: 48
ADC adjusted value for line 2417: 66
ADC validated value for same line: 66
ADC adjusted value for line 2418: 86
ADC validated value for same line: 86
ADC adjusted value for line 2419: 109
ADC validated value for same line: 109
ADC adjusted value for line 2420: 133
ADC validated value for same line: 133
ADC adjusted value for line 2421: 156
ADC validated value for same line: 156
ADC adjusted value for line 2422: 175
ADC validated value for same line: 175
ADC adjusted value for line 2423: 189
ADC validated value for same line: 189
ADC adjusted value for line 2424: 196
ADC validated value for same line: 196
ADC adjusted value for line 2425: 195
ADC validated value for same line: 195
ADC adjusted value for line 2426: 187
ADC validated value for same line: 187
ADC adjusted value for line 2427: 172
ADC validated value for same line: 172
ADC adjusted value for line 2428: 150
ADC validated value for same line: 150
ADC adjusted value for line 2429: 127
ADC validated value for same line: 127
ADC adjusted value for line 2430: 103
ADC validated value for same line: 103
ADC adjusted value for line 2431: 80
ADC validated value for same line: 80
ADC adjusted value for line 2432: 33
ADC validated value for same line: 33
ADC adjusted value for line 2433: 48
ADC validated value for same line: 48
ADC adjusted value for line 2434: 66
ADC validated value for same line: 66
ADC adjusted value for line 2435: 87
ADC validated value for same line: 87
ADC adjusted value for line 2436: 111
ADC validated value for same line: 111
ADC adjusted value for line 2437: 135
ADC validated value for same line: 135
ADC adjusted value for line 2438: 159
ADC validated value for same line: 159
ADC adjusted value for line 2439: 179
ADC validated value for same line: 179
ADC adjusted value for line 2440: 193
ADC validated value for same line: 193
ADC adjusted value for line 2441: 200
ADC validated value for same line: 200
ADC adjusted value for line 2442: 199
ADC validated value for same line: 199
ADC adjusted value for line 2443: 191
ADC validated value for same line: 191
ADC adjusted value for line 2444: 176
ADC validated value for same line: 176
ADC adjusted value for line 2445: 156
ADC validated value for same line: 156
ADC adjusted value for line 2446: 132
ADC validated value for same line: 132
ADC adjusted value for line 2447: 108
ADC validated value for same line: 108
ADC adjusted value for line 2448: 84
ADC validated value for same line: 84
ADC adjusted value for line 2449: 63
ADC validated value for same line: 63
ADC adjusted value for line 2450: 45
ADC validated value for same line: 45
ADC adjusted value for line 2451: 30
ADC validated value for same line: 30
ADC adjusted value for line 2452: 19
ADC validated value for same line: 19
ADC adjusted value for line 2453: 12
ADC validated value for same line: 12
ADC adjusted value for line 2454: 6
ADC validated value for same line: 6
ADC adjusted value for line 2455: 3
ADC validated value for same line: 3
ADC adjusted value for line 2456: 0
ADC validated value for same line: 0
ADC adjusted value for line 2457: -1
ADC validated value for same line: -1
ADC adjusted value for line 2458: -2
ADC validated value for same line: -2
ADC adjusted value for line 2459: -2
ADC validated value for same line: -2
ADC adjusted value for line 2460: -2
ADC validated value for same line: -2
ADC adjusted value for line 2461: -2
ADC validated value for same line: -2
ADC adjusted value for line 2462: -2
ADC validated value for same line: -2
ADC adjusted value for line 2463: -2
ADC validated value for same line: -2
ADC adjusted value for line 2464: -2
ADC validated value for same line: -2
ADC adjusted value for line 2465: -2
ADC validated value for same line: -2
ADC adjusted value for line 2466: -2
ADC validated value for same line: -2
ADC adjusted value for line 2467: -2
ADC validated value for same line: -2
ADC adjusted value for line 2468: -2
ADC validated value for same line: -2
ADC adjusted value for line 2469: -2
ADC validated value for same line: -2
ADC adjusted value for line 2470: -1
ADC validated value for same line: -1
ADC adjusted value for line 2471: -1
ADC validated value for same line: -1
ADC adjusted value for line 2472: -1
ADC validated value for same line: -1
ADC adjusted value for line 2473: -1
ADC validated value for same line: -1
ADC adjusted value for line 2474: -1
ADC validated value for same line: -1
ADC adjusted value for line 2475: -1
ADC validated value for same line: -1
ADC adjusted value for line 2476: -1
ADC validated value for same line: -1
ADC adjusted value for line 2477: -1
ADC validated value for same line: -1
ADC adjusted value for line 2478: -1
ADC validated value for same line: -1
ADC adjusted value for line 2479: -1
ADC validated value for same line: -1
ADC adjusted value for line 2480: 0
ADC validated value for same line: 0
ADC adjusted value for line 2481: 0
ADC validated value for same line: 0
ADC adjusted value for line 2482: 0
ADC validated value for same line: 0
ADC adjusted value for line 2483: 0
ADC validated value for same line: 0
ADC adjusted value for line 2484: 0
ADC validated value for same line: 0
ADC adjusted value for line 2485: 0
ADC validated value for same line: 0
ADC adjusted value for line 2486: 0
ADC validated value for same line: 0
ADC adjusted value for line 2487: 0
ADC validated value for same line: 0
ADC adjusted value for line 2488: 0
ADC validated value for same line: 0
ADC adjusted value for line 2489: 0
ADC validated value for same line: 0
ADC adjusted value for line 2490: 0
ADC validated value for same line: 0
ADC adjusted value for line 2491: 0
ADC validated value for same line: 0
ADC adjusted value for line 2492: 0
ADC validated value for same line: 0
ADC adjusted value for line 2493: 0
ADC validated value for same line: 0
ADC adjusted value for line 2494: 0
ADC validated value for same line: 0
ADC adjusted value for line 2495: 0
ADC validated value for same line: 0
ADC adjusted value for line 2496: 0
ADC validated value for same line: 0
ADC adjusted value for line 2497: 0
ADC validated value for same line: 0
ADC adjusted value for line 2498: 0
ADC validated value for same line: 0
ADC adjusted value for line 2499: 0
ADC validated value for same line: 0
ADC adjusted value for line 2500: 0
ADC validated value for same line: 0
ADC adjusted value for line 2501: 0
ADC validated value for same line: 0
ADC adjusted value for line 2502: 0
ADC validated value for same line: 0
ADC adjusted value for line 2503: 0
ADC validated value for same line: 0
ADC adjusted value for line 2504: 0
ADC validated value for same line: 0
ADC adjusted value for line 2505: 0
ADC validated value for same line: 0
ADC adjusted value for line 2506: 0
ADC validated value for same line: 0
ADC adjusted value for line 2507: 0
ADC validated value for same line: 0
ADC adjusted value for line 2508: 0
ADC validated value for same line: 0
ADC adjusted value for line 2509: 0
ADC validated value for same line: 0
ADC adjusted value for line 2510: 0
ADC validated value for same line: 0
ADC adjusted value for line 2511: 0
ADC validated value for same line: 0
ADC adjusted value for line 2512: 0
ADC validated value for same line: 0
ADC adjusted value for line 2513: 0
ADC validated value for same line: 0
ADC adjusted value for line 2514: 0
ADC validated value for same line: 0
ADC adjusted value for line 2515: 0
ADC validated value for same line: 0
ADC adjusted value for line 2516: 0
ADC validated value for same line: 0
ADC adjusted value for line 2517: 0
ADC validated value for same line: 0
ADC adjusted value for line 2518: 0
ADC validated value for same line: 0
ADC adjusted value for line 2519: 0
ADC validated value for same line: 0
ADC adjusted value for line 2520: 0
ADC validated value for same line: 0
ADC adjusted value for line 2521: 0
ADC validated value for same line: 0
ADC adjusted value for line 2522: 0
ADC validated value for same line: 0
ADC adjusted value for line 2523: 0
ADC validated value for same line: 0
ADC adjusted value for line 2524: 0
ADC validated value for same line: 0
ADC adjusted value for line 2525: 0
ADC validated value for same line: 0
ADC adjusted value for line 2526: 0
ADC validated value for same line: 0
ADC adjusted value for line 2527: 0
ADC validated value for same line: 0
ADC adjusted value for line 2528: 0
ADC validated value for same line: 0
ADC adjusted value for line 2529: 0
ADC validated value for same line: 0
ADC adjusted value for line 2530: 0
ADC validated value for same line: 0
ADC adjusted value for line 2531: 1
ADC validated value for same line: 1
ADC adjusted value for line 2532: 2
ADC validated value for same line: 2
ADC adjusted value for line 2533: 4
ADC validated value for same line: 4
ADC adjusted value for line 2534: 6
ADC validated value for same line: 6
ADC adjusted value for line 2535: 11
ADC validated value for same line: 11
ADC adjusted value for line 2536: 18
ADC validated value for same line: 18
ADC adjusted value for line 2537: 27
ADC validated value for same line: 27
ADC adjusted value for line 2538: 40
ADC validated value for same line: 40
ADC adjusted value for line 2539: 56
ADC validated value for same line: 56
ADC adjusted value for line 2540: 75
ADC validated value for same line: 75
ADC adjusted value for line 2541: 98
ADC validated value for same line: 98
ADC adjusted value for line 2542: 123
ADC validated value for same line: 123
ADC adjusted value for line 2543: 147
ADC validated value for same line: 147
ADC adjusted value for line 2544: 170
ADC validated value for same line: 170
ADC adjusted value for line 2545: 188
ADC validated value for same line: 188
ADC adjusted value for line 2546: 200
ADC validated value for same line: 200
ADC adjusted value for line 2547: 204
ADC validated value for same line: 204
ADC adjusted value for line 2548: 201
ADC validated value for same line: 201
ADC adjusted value for line 2549: 189
ADC validated value for same line: 189
ADC adjusted value for line 2550: 170
ADC validated value for same line: 170
ADC adjusted value for line 2551: 148
ADC validated value for same line: 148
ADC adjusted value for line 2552: 123
ADC validated value for same line: 123
ADC adjusted value for line 2553: 99
ADC validated value for same line: 99
ADC adjusted value for line 2554: 76
ADC validated value for same line: 76
ADC adjusted value for line 2555: 55
ADC validated value for same line: 55
ADC adjusted value for line 2556: 39
ADC validated value for same line: 39
ADC adjusted value for line 2557: 26
ADC validated value for same line: 26
ADC adjusted value for line 2558: 16
ADC validated value for same line: 16
ADC adjusted value for line 2559: 9
ADC validated value for same line: 9
ADC adjusted value for line 2560: 0
ADC validated value for same line: 0
ADC adjusted value for line 2561: 0
ADC validated value for same line: 0
ADC adjusted value for line 2562: 0
ADC validated value for same line: 0
ADC adjusted value for line 2563: 0
ADC validated value for same line: 0
ADC adjusted value for line 2564: 0
ADC validated value for same line: 0
ADC adjusted value for line 2565: 0
ADC validated value for same line: 0
ADC adjusted value for line 2566: 0
ADC validated value for same line: 0
ADC adjusted value for line 2567: 0
ADC validated value for same line: 0
ADC adjusted value for line 2568: 0
ADC validated value for same line: 0
ADC adjusted value for line 2569: 0
ADC validated value for same line: 0
ADC adjusted value for line 2570: 0
ADC validated value for same line: 0
ADC adjusted value for line 2571: 0
ADC validated value for same line: 0
ADC adjusted value for line 2572: 0
ADC validated value for same line: 0
ADC adjusted value for line 2573: 0
ADC validated value for same line: 0
ADC adjusted value for line 2574: 0
ADC validated value for same line: 0
ADC adjusted value for line 2575: 0
ADC validated value for same line: 0
ADC adjusted value for line 2576: 0
ADC validated value for same line: 0
ADC adjusted value for line 2577: 0
ADC validated value for same line: 0
ADC adjusted value for line 2578: 0
ADC validated value for same line: 0
ADC adjusted value for line 2579: 0
ADC validated value for same line: 0
ADC adjusted value for line 2580: 0
ADC validated value for same line: 0
ADC adjusted value for line 2581: 0
ADC validated value for same line: 0
ADC adjusted value for line 2582: 0
ADC validated value for same line: 0
ADC adjusted value for line 2583: 0
ADC validated value for same line: 0
ADC adjusted value for line 2584: 0
ADC validated value for same line: 0
ADC adjusted value for line 2585: 0
ADC validated value for same line: 0
ADC adjusted value for line 2586: 0
ADC validated value for same line: 0
ADC adjusted value for line 2587: 0
ADC validated value for same line: 0
ADC adjusted value for line 2588: 0
ADC validated value for same line: 0
ADC adjusted value for line 2589: 0
ADC validated value for same line: 0
ADC adjusted value for line 2590: 0
ADC validated value for same line: 0
ADC adjusted value for line 2591: 0
ADC validated value for same line: 0
ADC adjusted value for line 2592: 0
ADC validated value for same line: 0
ADC adjusted value for line 2593: 0
ADC validated value for same line: 0
ADC adjusted value for line 2594: 0
ADC validated value for same line: 0
ADC adjusted value for line 2595: 0
ADC validated value for same line: 0
ADC adjusted value for line 2596: 0
ADC validated value for same line: 0
ADC adjusted value for line 2597: 0
ADC validated value for same line: 0
ADC adjusted value for line 2598: 0
ADC validated value for same line: 0
ADC adjusted value for line 2599: 0
ADC validated value for same line: 0
ADC adjusted value for line 2600: 0
ADC validated value for same line: 0
ADC adjusted value for line 2601: 0
ADC validated value for same line: 0
ADC adjusted value for line 2602: 0
ADC validated value for same line: 0
ADC adjusted value for line 2603: 0
ADC validated value for same line: 0
ADC adjusted value for line 2604: 1
ADC validated value for same line: 1
ADC adjusted value for line 2605: 2
ADC validated value for same line: 2
ADC adjusted value for line 2606: 3
ADC validated value for same line: 3
ADC adjusted value for line 2607: 6
ADC validated value for same line: 6
ADC adjusted value for line 2608: 10
ADC validated value for same line: 10
ADC adjusted value for line 2609: 17
ADC validated value for same line: 17
ADC adjusted value for line 2610: 26
ADC validated value for same line: 26
ADC adjusted value for line 2611: 38
ADC validated value for same line: 38
ADC adjusted value for line 2612: 54
ADC validated value for same line: 54
ADC adjusted value for line 2613: 73
ADC validated value for same line: 73
ADC adjusted value for line 2614: 96
ADC validated value for same line: 96
ADC adjusted value for line 2615: 121
ADC validated value for same line: 121
ADC adjusted value for line 2616: 146
ADC validated value for same line: 146
ADC adjusted value for line 2617: 170
ADC validated value for same line: 170
ADC adjusted value for line 2618: 189
ADC validated value for same line: 189
ADC adjusted value for line 2619: 203
ADC validated value for same line: 203
ADC adjusted value for line 2620: 208
ADC validated value for same line: 208
ADC adjusted value for line 2621: 206
ADC validated value for same line: 206
ADC adjusted value for line 2622: 195
ADC validated value for same line: 195
ADC adjusted value for line 2623: 177
ADC validated value for same line: 177
ADC adjusted value for line 2624: 0
ADC validated value for same line: 0
ADC adjusted value for line 2625: 0
ADC validated value for same line: 0
ADC adjusted value for line 2626: 0
ADC validated value for same line: 0
ADC adjusted value for line 2627: 0
ADC validated value for same line: 0
ADC adjusted value for line 2628: 0
ADC validated value for same line: 0
ADC adjusted value for line 2629: 0
ADC validated value for same line: 0
ADC adjusted value for line 2630: 0
ADC validated value for same line: 0
ADC adjusted value for line 2631: 0
ADC validated value for same line: 0
ADC adjusted value for line 2632: 0
ADC validated value for same line: 0
ADC adjusted value for line 2633: 0
ADC validated value for same line: 0
ADC adjusted value for line 2634: 0
ADC validated value for same line: 0
ADC adjusted value for line 2635: 0
ADC validated value for same line: 0
ADC adjusted value for line 2636: 0
ADC validated value for same line: 0
ADC adjusted value for line 2637: 0
ADC validated value for same line: 0
ADC adjusted value for line 2638: 0
ADC validated value for same line: 0
ADC adjusted value for line 2639: 0
ADC validated value for same line: 0
ADC adjusted value for line 2640: 0
ADC validated value for same line: 0
ADC adjusted value for line 2641: 0
ADC validated value for same line: 0
ADC adjusted value for line 2642: 0
ADC validated value for same line: 0
ADC adjusted value for line 2643: 0
ADC validated value for same line: 0
ADC adjusted value for line 2644: 0
ADC validated value for same line: 0
ADC adjusted value for line 2645: 0
ADC validated value for same line: 0
ADC adjusted value for line 2646: 0
ADC validated value for same line: 0
ADC adjusted value for line 2647: 0
ADC validated value for same line: 0
ADC adjusted value for line 2648: 0
ADC validated value for same line: 0
ADC adjusted value for line 2649: 0
ADC validated value for same line: 0
ADC adjusted value for line 2650: 0
ADC validated value for same line: 0
ADC adjusted value for line 2651: 0
ADC validated value for same line: 0
ADC adjusted value for line 2652: 0
ADC validated value for same line: 0
ADC adjusted value for line 2653: 0
ADC validated value for same line: 0
ADC adjusted value for line 2654: 0
ADC validated value for same line: 0
ADC adjusted value for line 2655: 0
ADC validated value for same line: 0
ADC adjusted value for line 2656: 0
ADC validated value for same line: 0
ADC adjusted value for line 2657: 0
ADC validated value for same line: 0
ADC adjusted value for line 2658: 0
ADC validated value for same line: 0
ADC adjusted value for line 2659: 0
ADC validated value for same line: 0
ADC adjusted value for line 2660: 0
ADC validated value for same line: 0
ADC adjusted value for line 2661: 1
ADC validated value for same line: 1
ADC adjusted value for line 2662: 2
ADC validated value for same line: 2
ADC adjusted value for line 2663: 4
ADC validated value for same line: 4
ADC adjusted value for line 2664: 7
ADC validated value for same line: 7
ADC adjusted value for line 2665: 12
ADC validated value for same line: 12
ADC adjusted value for line 2666: 20
ADC validated value for same line: 20
ADC adjusted value for line 2667: 30
ADC validated value for same line: 30
ADC adjusted value for line 2668: 44
ADC validated value for same line: 44
ADC adjusted value for line 2669: 61
ADC validated value for same line: 61
ADC adjusted value for line 2670: 82
ADC validated value for same line: 82
ADC adjusted value for line 2671: 106
ADC validated value for same line: 106
ADC adjusted value for line 2672: 131
ADC validated value for same line: 131
ADC adjusted value for line 2673: 157
ADC validated value for same line: 157
ADC adjusted value for line 2674: 180
ADC validated value for same line: 180
ADC adjusted value for line 2675: 198
ADC validated value for same line: 198
ADC adjusted value for line 2676: 209
ADC validated value for same line: 209
ADC adjusted value for line 2677: 212
ADC validated value for same line: 212
ADC adjusted value for line 2678: 207
ADC validated value for same line: 207
ADC adjusted value for line 2679: 194
ADC validated value for same line: 194
ADC adjusted value for line 2680: 174
ADC validated value for same line: 174
ADC adjusted value for line 2681: 150
ADC validated value for same line: 150
ADC adjusted value for line 2682: 124
ADC validated value for same line: 124
ADC adjusted value for line 2683: 99
ADC validated value for same line: 99
ADC adjusted value for line 2684: 75
ADC validated value for same line: 75
ADC adjusted value for line 2685: 55
ADC validated value for same line: 55
ADC adjusted value for line 2686: 38
ADC validated value for same line: 38
ADC adjusted value for line 2687: 25
ADC validated value for same line: 25
ADC adjusted value for line 2688: 0
ADC validated value for same line: 0
ADC adjusted value for line 2689: 0
ADC validated value for same line: 0
ADC adjusted value for line 2690: 0
ADC validated value for same line: 0
ADC adjusted value for line 2691: 0
ADC validated value for same line: 0
ADC adjusted value for line 2692: 0
ADC validated value for same line: 0
ADC adjusted value for line 2693: 0
ADC validated value for same line: 0
ADC adjusted value for line 2694: 0
ADC validated value for same line: 0
ADC adjusted value for line 2695: 0
ADC validated value for same line: 0
ADC adjusted value for line 2696: 0
ADC validated value for same line: 0
ADC adjusted value for line 2697: 0
ADC validated value for same line: 0
ADC adjusted value for line 2698: 0
ADC validated value for same line: 0
ADC adjusted value for line 2699: 0
ADC validated value for same line: 0
ADC adjusted value for line 2700: 0
ADC validated value for same line: 0
ADC adjusted value for line 2701: 0
ADC validated value for same line: 0
ADC adjusted value for line 2702: 0
ADC validated value for same line: 0
ADC adjusted value for line 2703: 0
ADC validated value for same line: 0
ADC adjusted value for line 2704: 0
ADC validated value for same line: 0
ADC adjusted value for line 2705: 0
ADC validated value for same line: 0
ADC adjusted value for line 2706: 0
ADC validated value for same line: 0
ADC adjusted value for line 2707: 0
ADC validated value for same line: 0
ADC adjusted value for line 2708: 0
ADC validated value for same line: 0
ADC adjusted value for line 2709: 0
ADC validated value for same line: 0
ADC adjusted value for line 2710: 0
ADC validated value for same line: 0
ADC adjusted value for line 2711: 0
ADC validated value for same line: 0
ADC adjusted value for line 2712: 0
ADC validated value for same line: 0
ADC adjusted value for line 2713: 0
ADC validated value for same line: 0
ADC adjusted value for line 2714: 0
ADC validated value for same line: 0
ADC adjusted value for line 2715: 1
ADC validated value for same line: 1
ADC adjusted value for line 2716: 2
ADC validated value for same line: 2
ADC adjusted value for line 2717: 4
ADC validated value for same line: 4
ADC adjusted value for line 2718: 8
ADC validated value for same line: 8
ADC adjusted value for line 2719: 13
ADC validated value for same line: 13
ADC adjusted value for line 2720: 20
ADC validated value for same line: 20
ADC adjusted value for line 2721: 31
ADC validated value for same line: 31
ADC adjusted value for line 2722: 45
ADC validated value for same line: 45
ADC adjusted value for line 2723: 63
ADC validated value for same line: 63
ADC adjusted value for line 2724: 84
ADC validated value for same line: 84
ADC adjusted value for line 2725: 108
ADC validated value for same line: 108
ADC adjusted value for line 2726: 135
ADC validated value for same line: 135
ADC adjusted value for line 2727: 160
ADC validated value for same line: 160
ADC adjusted value for line 2728: 184
ADC validated value for same line: 184
ADC adjusted value for line 2729: 202
ADC validated value for same line: 202
ADC adjusted value for line 2730: 213
ADC validated value for same line: 213
ADC adjusted value for line 2731: 216
ADC validated value for same line: 216
ADC adjusted value for line 2732: 211
ADC validated value for same line: 211
ADC adjusted value for line 2733: 197
ADC validated value for same line: 197
ADC adjusted value for line 2734: 176
ADC validated value for same line: 176
ADC adjusted value for line 2735: 152
ADC validated value for same line: 152
ADC adjusted value for line 2736: 126
ADC validated value for same line: 126
ADC adjusted value for line 2737: 100
ADC validated value for same line: 100
ADC adjusted value for line 2738: 76
ADC validated value for same line: 76
ADC adjusted value for line 2739: 55
ADC validated value for same line: 55
ADC adjusted value for line 2740: 38
ADC validated value for same line: 38
ADC adjusted value for line 2741: 25
ADC validated value for same line: 25
ADC adjusted value for line 2742: 16
ADC validated value for same line: 16
ADC adjusted value for line 2743: 9
ADC validated value for same line: 9
ADC adjusted value for line 2744: 3
ADC validated value for same line: 3
ADC adjusted value for line 2745: 0
ADC validated value for same line: 0
ADC adjusted value for line 2746: -1
ADC validated value for same line: -1
ADC adjusted value for line 2747: -2
ADC validated value for same line: -2
ADC adjusted value for line 2748: -3
ADC validated value for same line: -3
ADC adjusted value for line 2749: -3
ADC validated value for same line: -3
ADC adjusted value for line 2750: -3
ADC validated value for same line: -3
ADC adjusted value for line 2751: -3
ADC validated value for same line: -3
ADC adjusted value for line 2752: 108
ADC validated value for same line: 108
ADC adjusted value for line 2753: 135
ADC validated value for same line: 135
ADC adjusted value for line 2754: 162
ADC validated value for same line: 162
ADC adjusted value for line 2755: 186
ADC validated value for same line: 186
ADC adjusted value for line 2756: 205
ADC validated value for same line: 205
ADC adjusted value for line 2757: 217
ADC validated value for same line: 217
ADC adjusted value for line 2758: 221
ADC validated value for same line: 221
ADC adjusted value for line 2759: 217
ADC validated value for same line: 217
ADC adjusted value for line 2760: 204
ADC validated value for same line: 204
ADC adjusted value for line 2761: 183
ADC validated value for same line: 183
ADC adjusted value for line 2762: 159
ADC validated value for same line: 159
ADC adjusted value for line 2763: 132
ADC validated value for same line: 132
ADC adjusted value for line 2764: 106
ADC validated value for same line: 106
ADC adjusted value for line 2765: 81
ADC validated value for same line: 81
ADC adjusted value for line 2766: 60
ADC validated value for same line: 60
ADC adjusted value for line 2767: 42
ADC validated value for same line: 42
ADC adjusted value for line 2768: 28
ADC validated value for same line: 28
ADC adjusted value for line 2769: 18
ADC validated value for same line: 18
ADC adjusted value for line 2770: 11
ADC validated value for same line: 11
ADC adjusted value for line 2771: 5
ADC validated value for same line: 5
ADC adjusted value for line 2772: 2
ADC validated value for same line: 2
ADC adjusted value for line 2773: 0
ADC validated value for same line: 0
ADC adjusted value for line 2774: -1
ADC validated value for same line: -1
ADC adjusted value for line 2775: -2
ADC validated value for same line: -2
ADC adjusted value for line 2776: -2
ADC validated value for same line: -2
ADC adjusted value for line 2777: -2
ADC validated value for same line: -2
ADC adjusted value for line 2778: -2
ADC validated value for same line: -2
ADC adjusted value for line 2779: -2
ADC validated value for same line: -2
ADC adjusted value for line 2780: -2
ADC validated value for same line: -2
ADC adjusted value for line 2781: -2
ADC validated value for same line: -2
ADC adjusted value for line 2782: -2
ADC validated value for same line: -2
ADC adjusted value for line 2783: -2
ADC validated value for same line: -2
ADC adjusted value for line 2784: -1
ADC validated value for same line: -1
ADC adjusted value for line 2785: -1
ADC validated value for same line: -1
ADC adjusted value for line 2786: -1
ADC validated value for same line: -1
ADC adjusted value for line 2787: -1
ADC validated value for same line: -1
ADC adjusted value for line 2788: -1
ADC validated value for same line: -1
ADC adjusted value for line 2789: -1
ADC validated value for same line: -1
ADC adjusted value for line 2790: -1
ADC validated value for same line: -1
ADC adjusted value for line 2791: -1
ADC validated value for same line: -1
ADC adjusted value for line 2792: -1
ADC validated value for same line: -1
ADC adjusted value for line 2793: -1
ADC validated value for same line: -1
ADC adjusted value for line 2794: 0
ADC validated value for same line: 0
ADC adjusted value for line 2795: 0
ADC validated value for same line: 0
ADC adjusted value for line 2796: 0
ADC validated value for same line: 0
ADC adjusted value for line 2797: 0
ADC validated value for same line: 0
ADC adjusted value for line 2798: 0
ADC validated value for same line: 0
ADC adjusted value for line 2799: 0
ADC validated value for same line: 0
ADC adjusted value for line 2800: 0
ADC validated value for same line: 0
ADC adjusted value for line 2801: 0
ADC validated value for same line: 0
ADC adjusted value for line 2802: 0
ADC validated value for same line: 0
ADC adjusted value for line 2803: 0
ADC validated value for same line: 0
ADC adjusted value for line 2804: 0
ADC validated value for same line: 0
ADC adjusted value for line 2805: 0
ADC validated value for same line: 0
ADC adjusted value for line 2806: 0
ADC validated value for same line: 0
ADC adjusted value for line 2807: 0
ADC validated value for same line: 0
ADC adjusted value for line 2808: 0
ADC validated value for same line: 0
ADC adjusted value for line 2809: 0
ADC validated value for same line: 0
ADC adjusted value for line 2810: 0
ADC validated value for same line: 0
ADC adjusted value for line 2811: 0
ADC validated value for same line: 0
ADC adjusted value for line 2812: 0
ADC validated value for same line: 0
ADC adjusted value for line 2813: 0
ADC validated value for same line: 0
ADC adjusted value for line 2814: 0
ADC validated value for same line: 0
ADC adjusted value for line 2815: 0
ADC validated value for same line: 0
ADC adjusted value for line 2816: 0
ADC validated value for same line: 0
ADC adjusted value for line 2817: 0
ADC validated value for same line: 0
ADC adjusted value for line 2818: 0
ADC validated value for same line: 0
ADC adjusted value for line 2819: 0
ADC validated value for same line: 0
ADC adjusted value for line 2820: 0
ADC validated value for same line: 0
ADC adjusted value for line 2821: 0
ADC validated value for same line: 0
ADC adjusted value for line 2822: 0
ADC validated value for same line: 0
ADC adjusted value for line 2823: 0
ADC validated value for same line: 0
ADC adjusted value for line 2824: 0
ADC validated value for same line: 0
ADC adjusted value for line 2825: 0
ADC validated value for same line: 0
ADC adjusted value for line 2826: 0
ADC validated value for same line: 0
ADC adjusted value for line 2827: 0
ADC validated value for same line: 0
ADC adjusted value for line 2828: 0
ADC validated value for same line: 0
ADC adjusted value for line 2829: 0
ADC validated value for same line: 0
ADC adjusted value for line 2830: 0
ADC validated value for same line: 0
ADC adjusted value for line 2831: 0
ADC validated value for same line: 0
ADC adjusted value for line 2832: 1
ADC validated value for same line: 1
ADC adjusted value for line 2833: 2
ADC validated value for same line: 2
ADC adjusted value for line 2834: 4
ADC validated value for same line: 4
ADC adjusted value for line 2835: 6
ADC validated value for same line: 6
ADC adjusted value for line 2836: 11
ADC validated value for same line: 11
ADC adjusted value for line 2837: 18
ADC validated value for same line: 18
ADC adjusted value for line 2838: 28
ADC validated value for same line: 28
ADC adjusted value for line 2839: 41
ADC validated value for same line: 41
ADC adjusted value for line 2840: 59
ADC validated value for same line: 59
ADC adjusted value for line 2841: 79
ADC validated value for same line: 79
ADC adjusted value for line 2842: 104
ADC validated value for same line: 104
ADC adjusted value for line 2843: 131
ADC validated value for same line: 131
ADC adjusted value for line 2844: 158
ADC validated value for same line: 158
ADC adjusted value for line 2845: 183
ADC validated value for same line: 183
ADC adjusted value for line 2846: 204
ADC validated value for same line: 204
ADC adjusted value for line 2847: 218
ADC validated value for same line: 218
ADC adjusted value for line 2848: 224
ADC validated value for same line: 224
ADC adjusted value for line 2849: 221
ADC validated value for same line: 221
ADC adjusted value for line 2850: 210
ADC validated value for same line: 210
ADC adjusted value for line 2851: 190
ADC validated value for same line: 190
ADC adjusted value for line 2852: 166
ADC validated value for same line: 166
ADC adjusted value for line 2853: 140
ADC validated value for same line: 140
ADC adjusted value for line 2854: 112
ADC validated value for same line: 112
ADC adjusted value for line 2855: 87
ADC validated value for same line: 87
ADC adjusted value for line 2856: 64
ADC validated value for same line: 64
ADC adjusted value for line 2857: 45
ADC validated value for same line: 45
ADC adjusted value for line 2858: 30
ADC validated value for same line: 30
ADC adjusted value for line 2859: 19
ADC validated value for same line: 19
ADC adjusted value for line 2860: 11
ADC validated value for same line: 11
ADC adjusted value for line 2861: 5
ADC validated value for same line: 5
ADC adjusted value for line 2862: 1
ADC validated value for same line: 1
ADC adjusted value for line 2863: -1
ADC validated value for same line: -1
ADC adjusted value for line 2864: -2
ADC validated value for same line: -2
ADC adjusted value for line 2865: -3
ADC validated value for same line: -3
ADC adjusted value for line 2866: -3
ADC validated value for same line: -3
ADC adjusted value for line 2867: -3
ADC validated value for same line: -3
ADC adjusted value for line 2868: -3
ADC validated value for same line: -3
ADC adjusted value for line 2869: -3
ADC validated value for same line: -3
ADC adjusted value for line 2870: -3
ADC validated value for same line: -3
ADC adjusted value for line 2871: -3
ADC validated value for same line: -3
ADC adjusted value for line 2872: -3
ADC validated value for same line: -3
ADC adjusted value for line 2873: -2
ADC validated value for same line: -2
ADC adjusted value for line 2874: -2
ADC validated value for same line: -2
ADC adjusted value for line 2875: -2
ADC validated value for same line: -2
ADC adjusted value for line 2876: -2
ADC validated value for same line: -2
ADC adjusted value for line 2877: -2
ADC validated value for same line: -2
ADC adjusted value for line 2878: -2
ADC validated value for same line: -2
ADC adjusted value for line 2879: -2
ADC validated value for same line: -2
ADC adjusted value for line 2880: 0
ADC validated value for same line: 0
ADC adjusted value for line 2881: 0
ADC validated value for same line: 0
ADC adjusted value for line 2882: 0
ADC validated value for same line: 0
ADC adjusted value for line 2883: 0
ADC validated value for same line: 0
ADC adjusted value for line 2884: 0
ADC validated value for same line: 0
ADC adjusted value for line 2885: 0
ADC validated value for same line: 0
ADC adjusted value for line 2886: 0
ADC validated value for same line: 0
ADC adjusted value for line 2887: 0
ADC validated value for same line: 0
ADC adjusted value for line 2888: 0
ADC validated value for same line: 0
ADC adjusted value for line 2889: 0
ADC validated value for same line: 0
ADC adjusted value for line 2890: 0
ADC validated value for same line: 0
ADC adjusted value for line 2891: 0
ADC validated value for same line: 0
ADC adjusted value for line 2892: 0
ADC validated value for same line: 0
ADC adjusted value for line 2893: 0
ADC validated value for same line: 0
ADC adjusted value for line 2894: 0
ADC validated value for same line: 0
ADC adjusted value for line 2895: 0
ADC validated value for same line: 0
ADC adjusted value for line 2896: 0
ADC validated value for same line: 0
ADC adjusted value for line 2897: 0
ADC validated value for same line: 0
ADC adjusted value for line 2898: 1
ADC validated value for same line: 1
ADC adjusted value for line 2899: 3
ADC validated value for same line: 3
ADC adjusted value for line 2900: 5
ADC validated value for same line: 5
ADC adjusted value for line 2901: 9
ADC validated value for same line: 9
ADC adjusted value for line 2902: 16
ADC validated value for same line: 16
ADC adjusted value for line 2903: 24
ADC validated value for same line: 24
ADC adjusted value for line 2904: 37
ADC validated value for same line: 37
ADC adjusted value for line 2905: 53
ADC validated value for same line: 53
ADC adjusted value for line 2906: 73
ADC validated value for same line: 73
ADC adjusted value for line 2907: 96
ADC validated value for same line: 96
ADC adjusted value for line 2908: 123
ADC validated value for same line: 123
ADC adjusted value for line 2909: 151
ADC validated value for same line: 151
ADC adjusted value for line 2910: 178
ADC validated value for same line: 178
ADC adjusted value for line 2911: 201
ADC validated value for same line: 201
ADC adjusted value for line 2912: 218
ADC validated value for same line: 218
ADC adjusted value for line 2913: 227
ADC validated value for same line: 227
ADC adjusted value for line 2914: 228
ADC validated value for same line: 228
ADC adjusted value for line 2915: 219
ADC validated value for same line: 219
ADC adjusted value for line 2916: 202
ADC validated value for same line: 202
ADC adjusted value for line 2917: 178
ADC validated value for same line: 178
ADC adjusted value for line 2918: 152
ADC validated value for same line: 152
ADC adjusted value for line 2919: 124
ADC validated value for same line: 124
ADC adjusted value for line 2920: 97
ADC validated value for same line: 97
ADC adjusted value for line 2921: 73
ADC validated value for same line: 73
ADC adjusted value for line 2922: 52
ADC validated value for same line: 52
ADC adjusted value for line 2923: 36
ADC validated value for same line: 36
ADC adjusted value for line 2924: 23
ADC validated value for same line: 23
ADC adjusted value for line 2925: 14
ADC validated value for same line: 14
ADC adjusted value for line 2926: 8
ADC validated value for same line: 8
ADC adjusted value for line 2927: 3
ADC validated value for same line: 3
ADC adjusted value for line 2928: 0
ADC validated value for same line: 0
ADC adjusted value for line 2929: -2
ADC validated value for same line: -2
ADC adjusted value for line 2930: -2
ADC validated value for same line: -2
ADC adjusted value for line 2931: -3
ADC validated value for same line: -3
ADC adjusted value for line 2932: -3
ADC validated value for same line: -3
ADC adjusted value for line 2933: -3
ADC validated value for same line: -3
ADC adjusted value for line 2934: -3
ADC validated value for same line: -3
ADC adjusted value for line 2935: -3
ADC validated value for same line: -3
ADC adjusted value for line 2936: -3
ADC validated value for same line: -3
ADC adjusted value for line 2937: -3
ADC validated value for same line: -3
ADC adjusted value for line 2938: -2
ADC validated value for same line: -2
ADC adjusted value for line 2939: -2
ADC validated value for same line: -2
ADC adjusted value for line 2940: -2
ADC validated value for same line: -2
ADC adjusted value for line 2941: -2
ADC validated value for same line: -2
ADC adjusted value for line 2942: -2
ADC validated value for same line: -2
ADC adjusted value for line 2943: -2
ADC validated value for same line: -2
ADC adjusted value for line 2944: 57
ADC validated value for same line: 57
ADC adjusted value for line 2945: 79
ADC validated value for same line: 79
ADC adjusted value for line 2946: 104
ADC validated value for same line: 104
ADC adjusted value for line 2947: 131
ADC validated value for same line: 131
ADC adjusted value for line 2948: 160
ADC validated value for same line: 160
ADC adjusted value for line 2949: 186
ADC validated value for same line: 186
ADC adjusted value for line 2950: 209
ADC validated value for same line: 209
ADC adjusted value for line 2951: 225
ADC validated value for same line: 225
ADC adjusted value for line 2952: 233
ADC validated value for same line: 233
ADC adjusted value for line 2953: 231
ADC validated value for same line: 231
ADC adjusted value for line 2954: 220
ADC validated value for same line: 220
ADC adjusted value for line 2955: 202
ADC validated value for same line: 202
ADC adjusted value for line 2956: 178
ADC validated value for same line: 178
ADC adjusted value for line 2957: 150
ADC validated value for same line: 150
ADC adjusted value for line 2958: 122
ADC validated value for same line: 122
ADC adjusted value for line 2959: 95
ADC validated value for same line: 95
ADC adjusted value for line 2960: 71
ADC validated value for same line: 71
ADC adjusted value for line 2961: 51
ADC validated value for same line: 51
ADC adjusted value for line 2962: 35
ADC validated value for same line: 35
ADC adjusted value for line 2963: 22
ADC validated value for same line: 22
ADC adjusted value for line 2964: 13
ADC validated value for same line: 13
ADC adjusted value for line 2965: 7
ADC validated value for same line: 7
ADC adjusted value for line 2966: 3
ADC validated value for same line: 3
ADC adjusted value for line 2967: 1
ADC validated value for same line: 1
ADC adjusted value for line 2968: -1
ADC validated value for same line: -1
ADC adjusted value for line 2969: -2
ADC validated value for same line: -2
ADC adjusted value for line 2970: -2
ADC validated value for same line: -2
ADC adjusted value for line 2971: -2
ADC validated value for same line: -2
ADC adjusted value for line 2972: -2
ADC validated value for same line: -2
ADC adjusted value for line 2973: -2
ADC validated value for same line: -2
ADC adjusted value for line 2974: -2
ADC validated value for same line: -2
ADC adjusted value for line 2975: -2
ADC validated value for same line: -2
ADC adjusted value for line 2976: -2
ADC validated value for same line: -2
ADC adjusted value for line 2977: -2
ADC validated value for same line: -2
ADC adjusted value for line 2978: -2
ADC validated value for same line: -2
ADC adjusted value for line 2979: -2
ADC validated value for same line: -2
ADC adjusted value for line 2980: -2
ADC validated value for same line: -2
ADC adjusted value for line 2981: -1
ADC validated value for same line: -1
ADC adjusted value for line 2982: -1
ADC validated value for same line: -1
ADC adjusted value for line 2983: -1
ADC validated value for same line: -1
ADC adjusted value for line 2984: -1
ADC validated value for same line: -1
ADC adjusted value for line 2985: -1
ADC validated value for same line: -1
ADC adjusted value for line 2986: -1
ADC validated value for same line: -1
ADC adjusted value for line 2987: -1
ADC validated value for same line: -1
ADC adjusted value for line 2988: -1
ADC validated value for same line: -1
ADC adjusted value for line 2989: -1
ADC validated value for same line: -1
ADC adjusted value for line 2990: -1
ADC validated value for same line: -1
ADC adjusted value for line 2991: 0
ADC validated value for same line: 0
ADC adjusted value for line 2992: 0
ADC validated value for same line: 0
ADC adjusted value for line 2993: 0
ADC validated value for same line: 0
ADC adjusted value for line 2994: 0
ADC validated value for same line: 0
ADC adjusted value for line 2995: 0
ADC validated value for same line: 0
ADC adjusted value for line 2996: 0
ADC validated value for same line: 0
ADC adjusted value for line 2997: 0
ADC validated value for same line: 0
ADC adjusted value for line 2998: 0
ADC validated value for same line: 0
ADC adjusted value for line 2999: 0
ADC validated value for same line: 0
ADC adjusted value for line 3000: 0
ADC validated value for same line: 0
ADC adjusted value for line 3001: 0
ADC validated value for same line: 0
ADC adjusted value for line 3002: 0
ADC validated value for same line: 0
ADC adjusted value for line 3003: 0
ADC validated value for same line: 0
ADC adjusted value for line 3004: 0
ADC validated value for same line: 0
ADC adjusted value for line 3005: 0
ADC validated value for same line: 0
ADC adjusted value for line 3006: 0
ADC validated value for same line: 0
ADC adjusted value for line 3007: 0
ADC validated value for same line: 0
ADC adjusted value for line 3008: 0
ADC validated value for same line: 0
ADC adjusted value for line 3009: 0
ADC validated value for same line: 0
ADC adjusted value for line 3010: 0
ADC validated value for same line: 0
ADC adjusted value for line 3011: 0
ADC validated value for same line: 0
ADC adjusted value for line 3012: 0
ADC validated value for same line: 0
ADC adjusted value for line 3013: 0
ADC validated value for same line: 0
ADC adjusted value for line 3014: 0
ADC validated value for same line: 0
ADC adjusted value for line 3015: 0
ADC validated value for same line: 0
ADC adjusted value for line 3016: 0
ADC validated value for same line: 0
ADC adjusted value for line 3017: 0
ADC validated value for same line: 0
ADC adjusted value for line 3018: 0
ADC validated value for same line: 0
ADC adjusted value for line 3019: 1
ADC validated value for same line: 1
ADC adjusted value for line 3020: 2
ADC validated value for same line: 2
ADC adjusted value for line 3021: 4
ADC validated value for same line: 4
ADC adjusted value for line 3022: 7
ADC validated value for same line: 7
ADC adjusted value for line 3023: 13
ADC validated value for same line: 13
ADC adjusted value for line 3024: 20
ADC validated value for same line: 20
ADC adjusted value for line 3025: 31
ADC validated value for same line: 31
ADC adjusted value for line 3026: 46
ADC validated value for same line: 46
ADC adjusted value for line 3027: 65
ADC validated value for same line: 65
ADC adjusted value for line 3028: 86
ADC validated value for same line: 86
ADC adjusted value for line 3029: 113
ADC validated value for same line: 113
ADC adjusted value for line 3030: 141
ADC validated value for same line: 141
ADC adjusted value for line 3031: 170
ADC validated value for same line: 170
ADC adjusted value for line 3032: 196
ADC validated value for same line: 196
ADC adjusted value for line 3033: 217
ADC validated value for same line: 217
ADC adjusted value for line 3034: 231
ADC validated value for same line: 231
ADC adjusted value for line 3035: 236
ADC validated value for same line: 236
ADC adjusted value for line 3036: 232
ADC validated value for same line: 232
ADC adjusted value for line 3037: 219
ADC validated value for same line: 219
ADC adjusted value for line 3038: 198
ADC validated value for same line: 198
ADC adjusted value for line 3039: 172
ADC validated value for same line: 172
ADC adjusted value for line 3040: 143
ADC validated value for same line: 143
ADC adjusted value for line 3041: 115
ADC validated value for same line: 115
ADC adjusted value for line 3042: 88
ADC validated value for same line: 88
ADC adjusted value for line 3043: 65
ADC validated value for same line: 65
ADC adjusted value for line 3044: 46
ADC validated value for same line: 46
ADC adjusted value for line 3045: 30
ADC validated value for same line: 30
ADC adjusted value for line 3046: 19
ADC validated value for same line: 19
ADC adjusted value for line 3047: 11
ADC validated value for same line: 11
ADC adjusted value for line 3048: 5
ADC validated value for same line: 5
ADC adjusted value for line 3049: 1
ADC validated value for same line: 1
ADC adjusted value for line 3050: -1
ADC validated value for same line: -1
ADC adjusted value for line 3051: -2
ADC validated value for same line: -2
ADC adjusted value for line 3052: -3
ADC validated value for same line: -3
ADC adjusted value for line 3053: -3
ADC validated value for same line: -3
ADC adjusted value for line 3054: -3
ADC validated value for same line: -3
ADC adjusted value for line 3055: -3
ADC validated value for same line: -3
ADC adjusted value for line 3056: -3
ADC validated value for same line: -3
ADC adjusted value for line 3057: -3
ADC validated value for same line: -3
ADC adjusted value for line 3058: -3
ADC validated value for same line: -3
ADC adjusted value for line 3059: -3
ADC validated value for same line: -3
ADC adjusted value for line 3060: -2
ADC validated value for same line: -2
ADC adjusted value for line 3061: -2
ADC validated value for same line: -2
ADC adjusted value for line 3062: -2
ADC validated value for same line: -2
ADC adjusted value for line 3063: -2
ADC validated value for same line: -2
ADC adjusted value for line 3064: -2
ADC validated value for same line: -2
ADC adjusted value for line 3065: -2
ADC validated value for same line: -2
ADC adjusted value for line 3066: -2
ADC validated value for same line: -2
ADC adjusted value for line 3067: -2
ADC validated value for same line: -2
ADC adjusted value for line 3068: -2
ADC validated value for same line: -2
ADC adjusted value for line 3069: -2
ADC validated value for same line: -2
ADC adjusted value for line 3070: -1
ADC validated value for same line: -1
ADC adjusted value for line 3071: -1
ADC validated value for same line: -1
ADC adjusted value for line 3072: 0
ADC validated value for same line: 0
ADC adjusted value for line 3073: 0
ADC validated value for same line: 0
ADC adjusted value for line 3074: 0
ADC validated value for same line: 0
ADC adjusted value for line 3075: 0
ADC validated value for same line: 0
ADC adjusted value for line 3076: 0
ADC validated value for same line: 0
ADC adjusted value for line 3077: 0
ADC validated value for same line: 0
ADC adjusted value for line 3078: 0
ADC validated value for same line: 0
ADC adjusted value for line 3079: 0
ADC validated value for same line: 0
ADC adjusted value for line 3080: 0
ADC validated value for same line: 0
ADC adjusted value for line 3081: 0
ADC validated value for same line: 0
ADC adjusted value for line 3082: 1
ADC validated value for same line: 1
ADC adjusted value for line 3083: 3
ADC validated value for same line: 3
ADC adjusted value for line 3084: 5
ADC validated value for same line: 5
ADC adjusted value for line 3085: 9
ADC validated value for same line: 9
ADC adjusted value for line 3086: 15
ADC validated value for same line: 15
ADC adjusted value for line 3087: 24
ADC validated value for same line: 24
ADC adjusted value for line 3088: 36
ADC validated value for same line: 36
ADC adjusted value for line 3089: 52
ADC validated value for same line: 52
ADC adjusted value for line 3090: 73
ADC validated value for same line: 73
ADC adjusted value for line 3091: 96
ADC validated value for same line: 96
ADC adjusted value for line 3092: 124
ADC validated value for same line: 124
ADC adjusted value for line 3093: 153
ADC validated value for same line: 153
ADC adjusted value for line 3094: 182
ADC validated value for same line: 182
ADC adjusted value for line 3095: 207
ADC validated value for same line: 207
ADC adjusted value for line 3096: 226
ADC validated value for same line: 226
ADC adjusted value for line 3097: 238
ADC validated value for same line: 238
ADC adjusted value for line 3098: 240
ADC validated value for same line: 240
ADC adjusted value for line 3099: 233
ADC validated value for same line: 233
ADC adjusted value for line 3100: 217
ADC validated value for same line: 217
ADC adjusted value for line 3101: 193
ADC validated value for same line: 193
ADC adjusted value for line 3102: 165
ADC validated value for same line: 165
ADC adjusted value for line 3103: 136
ADC validated value for same line: 136
ADC adjusted value for line 3104: 108
ADC validated value for same line: 108
ADC adjusted value for line 3105: 82
ADC validated value for same line: 82
ADC adjusted value for line 3106: 59
ADC validated value for same line: 59
ADC adjusted value for line 3107: 41
ADC validated value for same line: 41
ADC adjusted value for line 3108: 27
ADC validated value for same line: 27
ADC adjusted value for line 3109: 17
ADC validated value for same line: 17
ADC adjusted value for line 3110: 9
ADC validated value for same line: 9
ADC adjusted value for line 3111: 4
ADC validated value for same line: 4
ADC adjusted value for line 3112: 1
ADC validated value for same line: 1
ADC adjusted value for line 3113: -1
ADC validated value for same line: -1
ADC adjusted value for line 3114: -2
ADC validated value for same line: -2
ADC adjusted value for line 3115: -3
ADC validated value for same line: -3
ADC adjusted value for line 3116: -3
ADC validated value for same line: -3
ADC adjusted value for line 3117: -3
ADC validated value for same line: -3
ADC adjusted value for line 3118: -3
ADC validated value for same line: -3
ADC adjusted value for line 3119: -3
ADC validated value for same line: -3
ADC adjusted value for line 3120: -3
ADC validated value for same line: -3
ADC adjusted value for line 3121: -3
ADC validated value for same line: -3
ADC adjusted value for line 3122: -3
ADC validated value for same line: -3
ADC adjusted value for line 3123: -2
ADC validated value for same line: -2
ADC adjusted value for line 3124: -2
ADC validated value for same line: -2
ADC adjusted value for line 3125: -2
ADC validated value for same line: -2
ADC adjusted value for line 3126: -2
ADC validated value for same line: -2
ADC adjusted value for line 3127: -2
ADC validated value for same line: -2
ADC adjusted value for line 3128: -2
ADC validated value for same line: -2
ADC adjusted value for line 3129: -2
ADC validated value for same line: -2
ADC adjusted value for line 3130: -2
ADC validated value for same line: -2
ADC adjusted value for line 3131: -2
ADC validated value for same line: -2
ADC adjusted value for line 3132: -2
ADC validated value for same line: -2
ADC adjusted value for line 3133: -1
ADC validated value for same line: -1
ADC adjusted value for line 3134: -1
ADC validated value for same line: -1
ADC adjusted value for line 3135: -1
ADC validated value for same line: -1
ADC adjusted value for line 3136: 0
ADC validated value for same line: 0
ADC adjusted value for line 3137: 0
ADC validated value for same line: 0
ADC adjusted value for line 3138: 0
ADC validated value for same line: 0
ADC adjusted value for line 3139: 0
ADC validated value for same line: 0
ADC adjusted value for line 3140: 0
ADC validated value for same line: 0
ADC adjusted value for line 3141: 0
ADC validated value for same line: 0
ADC adjusted value for line 3142: 0
ADC validated value for same line: 0
ADC adjusted value for line 3143: 0
ADC validated value for same line: 0
ADC adjusted value for line 3144: 0
ADC validated value for same line: 0
ADC adjusted value for line 3145: 0
ADC validated value for same line: 0
ADC adjusted value for line 3146: 0
ADC validated value for same line: 0
ADC adjusted value for line 3147: 0
ADC validated value for same line: 0
ADC adjusted value for line 3148: 0
ADC validated value for same line: 0
ADC adjusted value for line 3149: 0
ADC validated value for same line: 0
ADC adjusted value for line 3150: 0
ADC validated value for same line: 0
ADC adjusted value for line 3151: 0
ADC validated value for same line: 0
ADC adjusted value for line 3152: 0
ADC validated value for same line: 0
ADC adjusted value for line 3153: 0
ADC validated value for same line: 0
ADC adjusted value for line 3154: 0
ADC validated value for same line: 0
ADC adjusted value for line 3155: 0
ADC validated value for same line: 0
ADC adjusted value for line 3156: 0
ADC validated value for same line: 0
ADC adjusted value for line 3157: 0
ADC validated value for same line: 0
ADC adjusted value for line 3158: 0
ADC validated value for same line: 0
ADC adjusted value for line 3159: 0
ADC validated value for same line: 0
ADC adjusted value for line 3160: 0
ADC validated value for same line: 0
ADC adjusted value for line 3161: 0
ADC validated value for same line: 0
ADC adjusted value for line 3162: 0
ADC validated value for same line: 0
ADC adjusted value for line 3163: 0
ADC validated value for same line: 0
ADC adjusted value for line 3164: 0
ADC validated value for same line: 0
ADC adjusted value for line 3165: 0
ADC validated value for same line: 0
ADC adjusted value for line 3166: 0
ADC validated value for same line: 0
ADC adjusted value for line 3167: 0
ADC validated value for same line: 0
ADC adjusted value for line 3168: 0
ADC validated value for same line: 0
ADC adjusted value for line 3169: 0
ADC validated value for same line: 0
ADC adjusted value for line 3170: 0
ADC validated value for same line: 0
ADC adjusted value for line 3171: 0
ADC validated value for same line: 0
ADC adjusted value for line 3172: 0
ADC validated value for same line: 0
ADC adjusted value for line 3173: 0
ADC validated value for same line: 0
ADC adjusted value for line 3174: 0
ADC validated value for same line: 0
ADC adjusted value for line 3175: 1
ADC validated value for same line: 1
ADC adjusted value for line 3176: 1
ADC validated value for same line: 1
ADC adjusted value for line 3177: 3
ADC validated value for same line: 3
ADC adjusted value for line 3178: 6
ADC validated value for same line: 6
ADC adjusted value for line 3179: 10
ADC validated value for same line: 10
ADC adjusted value for line 3180: 17
ADC validated value for same line: 17
ADC adjusted value for line 3181: 26
ADC validated value for same line: 26
ADC adjusted value for line 3182: 39
ADC validated value for same line: 39
ADC adjusted value for line 3183: 57
ADC validated value for same line: 57
ADC adjusted value for line 3184: 77
ADC validated value for same line: 77
ADC adjusted value for line 3185: 103
ADC validated value for same line: 103
ADC adjusted value for line 3186: 131
ADC validated value for same line: 131
ADC adjusted value for line 3187: 161
ADC validated value for same line: 161
ADC adjusted value for line 3188: 190
ADC validated value for same line: 190
ADC adjusted value for line 3189: 215
ADC validated value for same line: 215
ADC adjusted value for line 3190: 233
ADC validated value for same line: 233
ADC adjusted value for line 3191: 243
ADC validated value for same line: 243
ADC adjusted value for line 3192: 243
ADC validated value for same line: 243
ADC adjusted value for line 3193: 234
ADC validated value for same line: 234
ADC adjusted value for line 3194: 216
ADC validated value for same line: 216
ADC adjusted value for line 3195: 191
ADC validated value for same line: 191
ADC adjusted value for line 3196: 163
ADC validated value for same line: 163
ADC adjusted value for line 3197: 133
ADC validated value for same line: 133
ADC adjusted value for line 3198: 104
ADC validated value for same line: 104
ADC adjusted value for line 3199: 78
ADC validated value for same line: 78
ADC adjusted value for line 3200: 86
ADC validated value for same line: 86
ADC adjusted value for line 3201: 113
ADC validated value for same line: 113
ADC adjusted value for line 3202: 142
ADC validated value for same line: 142
ADC adjusted value for line 3203: 173
ADC validated value for same line: 173
ADC adjusted value for line 3204: 201
ADC validated value for same line: 201
ADC adjusted value for line 3205: 225
ADC validated value for same line: 225
ADC adjusted value for line 3206: 241
ADC validated value for same line: 241
ADC adjusted value for line 3207: 249
ADC validated value for same line: 249
ADC adjusted value for line 3208: 247
ADC validated value for same line: 247
ADC adjusted value for line 3209: 234
ADC validated value for same line: 234
ADC adjusted value for line 3210: 214
ADC validated value for same line: 214
ADC adjusted value for line 3211: 188
ADC validated value for same line: 188
ADC adjusted value for line 3212: 159
ADC validated value for same line: 159
ADC adjusted value for line 3213: 129
ADC validated value for same line: 129
ADC adjusted value for line 3214: 100
ADC validated value for same line: 100
ADC adjusted value for line 3215: 75
ADC validated value for same line: 75
ADC adjusted value for line 3216: 53
ADC validated value for same line: 53
ADC adjusted value for line 3217: 36
ADC validated value for same line: 36
ADC adjusted value for line 3218: 24
ADC validated value for same line: 24
ADC adjusted value for line 3219: 14
ADC validated value for same line: 14
ADC adjusted value for line 3220: 7
ADC validated value for same line: 7
ADC adjusted value for line 3221: 3
ADC validated value for same line: 3
ADC adjusted value for line 3222: 1
ADC validated value for same line: 1
ADC adjusted value for line 3223: -1
ADC validated value for same line: -1
ADC adjusted value for line 3224: -2
ADC validated value for same line: -2
ADC adjusted value for line 3225: -2
ADC validated value for same line: -2
ADC adjusted value for line 3226: -2
ADC validated value for same line: -2
ADC adjusted value for line 3227: -2
ADC validated value for same line: -2
ADC adjusted value for line 3228: -2
ADC validated value for same line: -2
ADC adjusted value for line 3229: -2
ADC validated value for same line: -2
ADC adjusted value for line 3230: -2
ADC validated value for same line: -2
ADC adjusted value for line 3231: -2
ADC validated value for same line: -2
ADC adjusted value for line 3232: -2
ADC validated value for same line: -2
ADC adjusted value for line 3233: -2
ADC validated value for same line: -2
ADC adjusted value for line 3234: -2
ADC validated value for same line: -2
ADC adjusted value for line 3235: -1
ADC validated value for same line: -1
ADC adjusted value for line 3236: -1
ADC validated value for same line: -1
ADC adjusted value for line 3237: -1
ADC validated value for same line: -1
ADC adjusted value for line 3238: -1
ADC validated value for same line: -1
ADC adjusted value for line 3239: -1
ADC validated value for same line: -1
ADC adjusted value for line 3240: -1
ADC validated value for same line: -1
ADC adjusted value for line 3241: -1
ADC validated value for same line: -1
ADC adjusted value for line 3242: -1
ADC validated value for same line: -1
ADC adjusted value for line 3243: -1
ADC validated value for same line: -1
ADC adjusted value for line 3244: -1
ADC validated value for same line: -1
ADC adjusted value for line 3245: 0
ADC validated value for same line: 0
ADC adjusted value for line 3246: 0
ADC validated value for same line: 0
ADC adjusted value for line 3247: 0
ADC validated value for same line: 0
ADC adjusted value for line 3248: 0
ADC validated value for same line: 0
ADC adjusted value for line 3249: 0
ADC validated value for same line: 0
ADC adjusted value for line 3250: 0
ADC validated value for same line: 0
ADC adjusted value for line 3251: 0
ADC validated value for same line: 0
ADC adjusted value for line 3252: 0
ADC validated value for same line: 0
ADC adjusted value for line 3253: 0
ADC validated value for same line: 0
ADC adjusted value for line 3254: 0
ADC validated value for same line: 0
ADC adjusted value for line 3255: 0
ADC validated value for same line: 0
ADC adjusted value for line 3256: 0
ADC validated value for same line: 0
ADC adjusted value for line 3257: 0
ADC validated value for same line: 0
ADC adjusted value for line 3258: 0
ADC validated value for same line: 0
ADC adjusted value for line 3259: 0
ADC validated value for same line: 0
ADC adjusted value for line 3260: 0
ADC validated value for same line: 0
ADC adjusted value for line 3261: 0
ADC validated value for same line: 0
ADC adjusted value for line 3262: 0
ADC validated value for same line: 0
ADC adjusted value for line 3263: 0
ADC validated value for same line: 0
ADC adjusted value for line 3264: 0
ADC validated value for same line: 0
ADC adjusted value for line 3265: 0
ADC validated value for same line: 0
ADC adjusted value for line 3266: 0
ADC validated value for same line: 0
ADC adjusted value for line 3267: 0
ADC validated value for same line: 0
ADC adjusted value for line 3268: 0
ADC validated value for same line: 0
ADC adjusted value for line 3269: 0
ADC validated value for same line: 0
ADC adjusted value for line 3270: 0
ADC validated value for same line: 0
ADC adjusted value for line 3271: 0
ADC validated value for same line: 0
ADC adjusted value for line 3272: 0
ADC validated value for same line: 0
ADC adjusted value for line 3273: 0
ADC validated value for same line: 0
ADC adjusted value for line 3274: 0
ADC validated value for same line: 0
ADC adjusted value for line 3275: 0
ADC validated value for same line: 0
ADC adjusted value for line 3276: 0
ADC validated value for same line: 0
ADC adjusted value for line 3277: 0
ADC validated value for same line: 0
ADC adjusted value for line 3278: 0
ADC validated value for same line: 0
ADC adjusted value for line 3279: 0
ADC validated value for same line: 0
ADC adjusted value for line 3280: 0
ADC validated value for same line: 0
ADC adjusted value for line 3281: 0
ADC validated value for same line: 0
ADC adjusted value for line 3282: 0
ADC validated value for same line: 0
ADC adjusted value for line 3283: 0
ADC validated value for same line: 0
ADC adjusted value for line 3284: 0
ADC validated value for same line: 0
ADC adjusted value for line 3285: 0
ADC validated value for same line: 0
ADC adjusted value for line 3286: 0
ADC validated value for same line: 0
ADC adjusted value for line 3287: 0
ADC validated value for same line: 0
ADC adjusted value for line 3288: 0
ADC validated value for same line: 0
ADC adjusted value for line 3289: 0
ADC validated value for same line: 0
ADC adjusted value for line 3290: 0
ADC validated value for same line: 0
ADC adjusted value for line 3291: 0
ADC validated value for same line: 0
ADC adjusted value for line 3292: 0
ADC validated value for same line: 0
ADC adjusted value for line 3293: 0
ADC validated value for same line: 0
ADC adjusted value for line 3294: 0
ADC validated value for same line: 0
ADC adjusted value for line 3295: 0
ADC validated value for same line: 0
ADC adjusted value for line 3296: 0
ADC validated value for same line: 0
ADC adjusted value for line 3297: 0
ADC validated value for same line: 0
ADC adjusted value for line 3298: 0
ADC validated value for same line: 0
ADC adjusted value for line 3299: 0
ADC validated value for same line: 0
ADC adjusted value for line 3300: 0
ADC validated value for same line: 0
ADC adjusted value for line 3301: 0
ADC validated value for same line: 0
ADC adjusted value for line 3302: 0
ADC validated value for same line: 0
ADC adjusted value for line 3303: 0
ADC validated value for same line: 0
ADC adjusted value for line 3304: 0
ADC validated value for same line: 0
ADC adjusted value for line 3305: 0
ADC validated value for same line: 0
ADC adjusted value for line 3306: 0
ADC validated value for same line: 0
ADC adjusted value for line 3307: 0
ADC validated value for same line: 0
ADC adjusted value for line 3308: 0
ADC validated value for same line: 0
ADC adjusted value for line 3309: 1
ADC validated value for same line: 1
ADC adjusted value for line 3310: 2
ADC validated value for same line: 2
ADC adjusted value for line 3311: 3
ADC validated value for same line: 3
ADC adjusted value for line 3312: 6
ADC validated value for same line: 6
ADC adjusted value for line 3313: 11
ADC validated value for same line: 11
ADC adjusted value for line 3314: 18
ADC validated value for same line: 18
ADC adjusted value for line 3315: 28
ADC validated value for same line: 28
ADC adjusted value for line 3316: 42
ADC validated value for same line: 42
ADC adjusted value for line 3317: 60
ADC validated value for same line: 60
ADC adjusted value for line 3318: 82
ADC validated value for same line: 82
ADC adjusted value for line 3319: 109
ADC validated value for same line: 109
ADC adjusted value for line 3320: 139
ADC validated value for same line: 139
ADC adjusted value for line 3321: 169
ADC validated value for same line: 169
ADC adjusted value for line 3322: 199
ADC validated value for same line: 199
ADC adjusted value for line 3323: 224
ADC validated value for same line: 224
ADC adjusted value for line 3324: 242
ADC validated value for same line: 242
ADC adjusted value for line 3325: 251
ADC validated value for same line: 251
ADC adjusted value for line 3326: 251
ADC validated value for same line: 251
ADC adjusted value for line 3327: 241
ADC validated value for same line: 241
ADC adjusted value for line 3328: 0
ADC validated value for same line: 0
ADC adjusted value for line 3329: 0
ADC validated value for same line: 0
ADC adjusted value for line 3330: 0
ADC validated value for same line: 0
ADC adjusted value for line 3331: 0
ADC validated value for same line: 0
ADC adjusted value for line 3332: 0
ADC validated value for same line: 0
ADC adjusted value for line 3333: 0
ADC validated value for same line: 0
ADC adjusted value for line 3334: 0
ADC validated value for same line: 0
ADC adjusted value for line 3335: 0
ADC validated value for same line: 0
ADC adjusted value for line 3336: 0
ADC validated value for same line: 0
ADC adjusted value for line 3337: 0
ADC validated value for same line: 0
ADC adjusted value for line 3338: 0
ADC validated value for same line: 0
ADC adjusted value for line 3339: 0
ADC validated value for same line: 0
ADC adjusted value for line 3340: 0
ADC validated value for same line: 0
ADC adjusted value for line 3341: 0
ADC validated value for same line: 0
ADC adjusted value for line 3342: 0
ADC validated value for same line: 0
ADC adjusted value for line 3343: 0
ADC validated value for same line: 0
ADC adjusted value for line 3344: 0
ADC validated value for same line: 0
ADC adjusted value for line 3345: 0
ADC validated value for same line: 0
ADC adjusted value for line 3346: 0
ADC validated value for same line: 0
ADC adjusted value for line 3347: 0
ADC validated value for same line: 0
ADC adjusted value for line 3348: 0
ADC validated value for same line: 0
ADC adjusted value for line 3349: 0
ADC validated value for same line: 0
ADC adjusted value for line 3350: 0
ADC validated value for same line: 0
ADC adjusted value for line 3351: 0
ADC validated value for same line: 0
ADC adjusted value for line 3352: 0
ADC validated value for same line: 0
ADC adjusted value for line 3353: 0
ADC validated value for same line: 0
ADC adjusted value for line 3354: 0
ADC validated value for same line: 0
ADC adjusted value for line 3355: 0
ADC validated value for same line: 0
ADC adjusted value for line 3356: 0
ADC validated value for same line: 0
ADC adjusted value for line 3357: 0
ADC validated value for same line: 0
ADC adjusted value for line 3358: 0
ADC validated value for same line: 0
ADC adjusted value for line 3359: 0
ADC validated value for same line: 0
ADC adjusted value for line 3360: 0
ADC validated value for same line: 0
ADC adjusted value for line 3361: 0
ADC validated value for same line: 0
ADC adjusted value for line 3362: 0
ADC validated value for same line: 0
ADC adjusted value for line 3363: 0
ADC validated value for same line: 0
ADC adjusted value for line 3364: 0
ADC validated value for same line: 0
ADC adjusted value for line 3365: 0
ADC validated value for same line: 0
ADC adjusted value for line 3366: 1
ADC validated value for same line: 1
ADC adjusted value for line 3367: 2
ADC validated value for same line: 2
ADC adjusted value for line 3368: 5
ADC validated value for same line: 5
ADC adjusted value for line 3369: 8
ADC validated value for same line: 8
ADC adjusted value for line 3370: 14
ADC validated value for same line: 14
ADC adjusted value for line 3371: 23
ADC validated value for same line: 23
ADC adjusted value for line 3372: 35
ADC validated value for same line: 35
ADC adjusted value for line 3373: 51
ADC validated value for same line: 51
ADC adjusted value for line 3374: 72
ADC validated value for same line: 72
ADC adjusted value for line 3375: 96
ADC validated value for same line: 96
ADC adjusted value for line 3376: 125
ADC validated value for same line: 125
ADC adjusted value for line 3377: 156
ADC validated value for same line: 156
ADC adjusted value for line 3378: 187
ADC validated value for same line: 187
ADC adjusted value for line 3379: 215
ADC validated value for same line: 215
ADC adjusted value for line 3380: 237
ADC validated value for same line: 237
ADC adjusted value for line 3381: 252
ADC validated value for same line: 252
ADC adjusted value for line 3382: 256
ADC validated value for same line: 256
ADC adjusted value for line 3383: 251
ADC validated value for same line: 251
ADC adjusted value for line 3384: 236
ADC validated value for same line: 236
ADC adjusted value for line 3385: 212
ADC validated value for same line: 212
ADC adjusted value for line 3386: 184
ADC validated value for same line: 184
ADC adjusted value for line 3387: 153
ADC validated value for same line: 153
ADC adjusted value for line 3388: 122
ADC validated value for same line: 122
ADC adjusted value for line 3389: 94
ADC validated value for same line: 94
ADC adjusted value for line 3390: 69
ADC validated value for same line: 69
ADC adjusted value for line 3391: 48
ADC validated value for same line: 48
ADC adjusted value for line 3392: 5
ADC validated value for same line: 5
ADC adjusted value for line 3393: 9
ADC validated value for same line: 9
ADC adjusted value for line 3394: 14
ADC validated value for same line: 14
ADC adjusted value for line 3395: 23
ADC validated value for same line: 23
ADC adjusted value for line 3396: 35
ADC validated value for same line: 35
ADC adjusted value for line 3397: 52
ADC validated value for same line: 52
ADC adjusted value for line 3398: 73
ADC validated value for same line: 73
ADC adjusted value for line 3399: 98
ADC validated value for same line: 98
ADC adjusted value for line 3400: 128
ADC validated value for same line: 128
ADC adjusted value for line 3401: 158
ADC validated value for same line: 158
ADC adjusted value for line 3402: 189
ADC validated value for same line: 189
ADC adjusted value for line 3403: 218
ADC validated value for same line: 218
ADC adjusted value for line 3404: 241
ADC validated value for same line: 241
ADC adjusted value for line 3405: 256
ADC validated value for same line: 256
ADC adjusted value for line 3406: 260
ADC validated value for same line: 260
ADC adjusted value for line 3407: 255
ADC validated value for same line: 255
ADC adjusted value for line 3408: 240
ADC validated value for same line: 240
ADC adjusted value for line 3409: 217
ADC validated value for same line: 217
ADC adjusted value for line 3410: 188
ADC validated value for same line: 188
ADC adjusted value for line 3411: 156
ADC validated value for same line: 156
ADC adjusted value for line 3412: 124
ADC validated value for same line: 124
ADC adjusted value for line 3413: 95
ADC validated value for same line: 95
ADC adjusted value for line 3414: 70
ADC validated value for same line: 70
ADC adjusted value for line 3415: 49
ADC validated value for same line: 49
ADC adjusted value for line 3416: 33
ADC validated value for same line: 33
ADC adjusted value for line 3417: 21
ADC validated value for same line: 21
ADC adjusted value for line 3418: 12
ADC validated value for same line: 12
ADC adjusted value for line 3419: 6
ADC validated value for same line: 6
ADC adjusted value for line 3420: 3
ADC validated value for same line: 3
ADC adjusted value for line 3421: 0
ADC validated value for same line: 0
ADC adjusted value for line 3422: -1
ADC validated value for same line: -1
ADC adjusted value for line 3423: -2
ADC validated value for same line: -2
ADC adjusted value for line 3424: -2
ADC validated value for same line: -2
ADC adjusted value for line 3425: -2
ADC validated value for same line: -2
ADC adjusted value for line 3426: -2
ADC validated value for same line: -2
ADC adjusted value for line 3427: -2
ADC validated value for same line: -2
ADC adjusted value for line 3428: -2
ADC validated value for same line: -2
ADC adjusted value for line 3429: -2
ADC validated value for same line: -2
ADC adjusted value for line 3430: -2
ADC validated value for same line: -2
ADC adjusted value for line 3431: -2
ADC validated value for same line: -2
ADC adjusted value for line 3432: -2
ADC validated value for same line: -2
ADC adjusted value for line 3433: -2
ADC validated value for same line: -2
ADC adjusted value for line 3434: -2
ADC validated value for same line: -2
ADC adjusted value for line 3435: -2
ADC validated value for same line: -2
ADC adjusted value for line 3436: -2
ADC validated value for same line: -2
ADC adjusted value for line 3437: -2
ADC validated value for same line: -2
ADC adjusted value for line 3438: -2
ADC validated value for same line: -2
ADC adjusted value for line 3439: -2
ADC validated value for same line: -2
ADC adjusted value for line 3440: -1
ADC validated value for same line: -1
ADC adjusted value for line 3441: -1
ADC validated value for same line: -1
ADC adjusted value for line 3442: -1
ADC validated value for same line: -1
ADC adjusted value for line 3443: -1
ADC validated value for same line: -1
ADC adjusted value for line 3444: -1
ADC validated value for same line: -1
ADC adjusted value for line 3445: -1
ADC validated value for same line: -1
ADC adjusted value for line 3446: -1
ADC validated value for same line: -1
ADC adjusted value for line 3447: -1
ADC validated value for same line: -1
ADC adjusted value for line 3448: -1
ADC validated value for same line: -1
ADC adjusted value for line 3449: -1
ADC validated value for same line: -1
ADC adjusted value for line 3450: 0
ADC validated value for same line: 0
ADC adjusted value for line 3451: 0
ADC validated value for same line: 0
ADC adjusted value for line 3452: 0
ADC validated value for same line: 0
ADC adjusted value for line 3453: 0
ADC validated value for same line: 0
ADC adjusted value for line 3454: 0
ADC validated value for same line: 0
ADC adjusted value for line 3455: 0
ADC validated value for same line: 0
ADC adjusted value for line 3456: 110
ADC validated value for same line: 110
ADC adjusted value for line 3457: 140
ADC validated value for same line: 140
ADC adjusted value for line 3458: 173
ADC validated value for same line: 173
ADC adjusted value for line 3459: 204
ADC validated value for same line: 204
ADC adjusted value for line 3460: 231
ADC validated value for same line: 231
ADC adjusted value for line 3461: 252
ADC validated value for same line: 252
ADC adjusted value for line 3462: 263
ADC validated value for same line: 263
ADC adjusted value for line 3463: 265
ADC validated value for same line: 265
ADC adjusted value for line 3464: 256
ADC validated value for same line: 256
ADC adjusted value for line 3465: 236
ADC validated value for same line: 236
ADC adjusted value for line 3466: 211
ADC validated value for same line: 211
ADC adjusted value for line 3467: 180
ADC validated value for same line: 180
ADC adjusted value for line 3468: 148
ADC validated value for same line: 148
ADC adjusted value for line 3469: 117
ADC validated value for same line: 117
ADC adjusted value for line 3470: 88
ADC validated value for same line: 88
ADC adjusted value for line 3471: 64
ADC validated value for same line: 64
ADC adjusted value for line 3472: 45
ADC validated value for same line: 45
ADC adjusted value for line 3473: 30
ADC validated value for same line: 30
ADC adjusted value for line 3474: 19
ADC validated value for same line: 19
ADC adjusted value for line 3475: 10
ADC validated value for same line: 10
ADC adjusted value for line 3476: 5
ADC validated value for same line: 5
ADC adjusted value for line 3477: 2
ADC validated value for same line: 2
ADC adjusted value for line 3478: 0
ADC validated value for same line: 0
ADC adjusted value for line 3479: -1
ADC validated value for same line: -1
ADC adjusted value for line 3480: -2
ADC validated value for same line: -2
ADC adjusted value for line 3481: -2
ADC validated value for same line: -2
ADC adjusted value for line 3482: -2
ADC validated value for same line: -2
ADC adjusted value for line 3483: -2
ADC validated value for same line: -2
ADC adjusted value for line 3484: -2
ADC validated value for same line: -2
ADC adjusted value for line 3485: -2
ADC validated value for same line: -2
ADC adjusted value for line 3486: -2
ADC validated value for same line: -2
ADC adjusted value for line 3487: -2
ADC validated value for same line: -2
ADC adjusted value for line 3488: -2
ADC validated value for same line: -2
ADC adjusted value for line 3489: -2
ADC validated value for same line: -2
ADC adjusted value for line 3490: -1
ADC validated value for same line: -1
ADC adjusted value for line 3491: -1
ADC validated value for same line: -1
ADC adjusted value for line 3492: -1
ADC validated value for same line: -1
ADC adjusted value for line 3493: -1
ADC validated value for same line: -1
ADC adjusted value for line 3494: -1
ADC validated value for same line: -1
ADC adjusted value for line 3495: -1
ADC validated value for same line: -1
ADC adjusted value for line 3496: -1
ADC validated value for same line: -1
ADC adjusted value for line 3497: -1
ADC validated value for same line: -1
ADC adjusted value for line 3498: -1
ADC validated value for same line: -1
ADC adjusted value for line 3499: -1
ADC validated value for same line: -1
ADC adjusted value for line 3500: 0
ADC validated value for same line: 0
ADC adjusted value for line 3501: 0
ADC validated value for same line: 0
ADC adjusted value for line 3502: 0
ADC validated value for same line: 0
ADC adjusted value for line 3503: 0
ADC validated value for same line: 0
ADC adjusted value for line 3504: 0
ADC validated value for same line: 0
ADC adjusted value for line 3505: 0
ADC validated value for same line: 0
ADC adjusted value for line 3506: 0
ADC validated value for same line: 0
ADC adjusted value for line 3507: 0
ADC validated value for same line: 0
ADC adjusted value for line 3508: 0
ADC validated value for same line: 0
ADC adjusted value for line 3509: 0
ADC validated value for same line: 0
ADC adjusted value for line 3510: 0
ADC validated value for same line: 0
ADC adjusted value for line 3511: 0
ADC validated value for same line: 0
ADC adjusted value for line 3512: 0
ADC validated value for same line: 0
ADC adjusted value for line 3513: 0
ADC validated value for same line: 0
ADC adjusted value for line 3514: 0
ADC validated value for same line: 0
ADC adjusted value for line 3515: 0
ADC validated value for same line: 0
ADC adjusted value for line 3516: 0
ADC validated value for same line: 0
ADC adjusted value for line 3517: 0
ADC validated value for same line: 0
ADC adjusted value for line 3518: 0
ADC validated value for same line: 0
ADC adjusted value for line 3519: 0
ADC validated value for same line: 0
ADC adjusted value for line 3520: 0
ADC validated value for same line: 0
ADC adjusted value for line 3521: 0
ADC validated value for same line: 0
ADC adjusted value for line 3522: 0
ADC validated value for same line: 0
ADC adjusted value for line 3523: 0
ADC validated value for same line: 0
ADC adjusted value for line 3524: 0
ADC validated value for same line: 0
ADC adjusted value for line 3525: 0
ADC validated value for same line: 0
ADC adjusted value for line 3526: 0
ADC validated value for same line: 0
ADC adjusted value for line 3527: 0
ADC validated value for same line: 0
ADC adjusted value for line 3528: 0
ADC validated value for same line: 0
ADC adjusted value for line 3529: 0
ADC validated value for same line: 0
ADC adjusted value for line 3530: 0
ADC validated value for same line: 0
ADC adjusted value for line 3531: 0
ADC validated value for same line: 0
ADC adjusted value for line 3532: 0
ADC validated value for same line: 0
ADC adjusted value for line 3533: 0
ADC validated value for same line: 0
ADC adjusted value for line 3534: 0
ADC validated value for same line: 0
ADC adjusted value for line 3535: 0
ADC validated value for same line: 0
ADC adjusted value for line 3536: 0
ADC validated value for same line: 0
ADC adjusted value for line 3537: 0
ADC validated value for same line: 0
ADC adjusted value for line 3538: 0
ADC validated value for same line: 0
ADC adjusted value for line 3539: 1
ADC validated value for same line: 1
ADC adjusted value for line 3540: 3
ADC validated value for same line: 3
ADC adjusted value for line 3541: 5
ADC validated value for same line: 5
ADC adjusted value for line 3542: 9
ADC validated value for same line: 9
ADC adjusted value for line 3543: 15
ADC validated value for same line: 15
ADC adjusted value for line 3544: 24
ADC validated value for same line: 24
ADC adjusted value for line 3545: 36
ADC validated value for same line: 36
ADC adjusted value for line 3546: 53
ADC validated value for same line: 53
ADC adjusted value for line 3547: 75
ADC validated value for same line: 75
ADC adjusted value for line 3548: 100
ADC validated value for same line: 100
ADC adjusted value for line 3549: 131
ADC validated value for same line: 131
ADC adjusted value for line 3550: 163
ADC validated value for same line: 163
ADC adjusted value for line 3551: 195
ADC validated value for same line: 195
ADC adjusted value for line 3552: 225
ADC validated value for same line: 225
ADC adjusted value for line 3553: 248
ADC validated value for same line: 248
ADC adjusted value for line 3554: 263
ADC validated value for same line: 263
ADC adjusted value for line 3555: 268
ADC validated value for same line: 268
ADC adjusted value for line 3556: 263
ADC validated value for same line: 263
ADC adjusted value for line 3557: 247
ADC validated value for same line: 247
ADC adjusted value for line 3558: 222
ADC validated value for same line: 222
ADC adjusted value for line 3559: 193
ADC validated value for same line: 193
ADC adjusted value for line 3560: 161
ADC validated value for same line: 161
ADC adjusted value for line 3561: 128
ADC validated value for same line: 128
ADC adjusted value for line 3562: 98
ADC validated value for same line: 98
ADC adjusted value for line 3563: 72
ADC validated value for same line: 72
ADC adjusted value for line 3564: 51
ADC validated value for same line: 51
ADC adjusted value for line 3565: 34
ADC validated value for same line: 34
ADC adjusted value for line 3566: 21
ADC validated value for same line: 21
ADC adjusted value for line 3567: 13
ADC validated value for same line: 13
ADC adjusted value for line 3568: 6
ADC validated value for same line: 6
ADC adjusted value for line 3569: 2
ADC validated value for same line: 2
ADC adjusted value for line 3570: -1
ADC validated value for same line: -1
ADC adjusted value for line 3571: -2
ADC validated value for same line: -2
ADC adjusted value for line 3572: -3
ADC validated value for same line: -3
ADC adjusted value for line 3573: -3
ADC validated value for same line: -3
ADC adjusted value for line 3574: -3
ADC validated value for same line: -3
ADC adjusted value for line 3575: -3
ADC validated value for same line: -3
ADC adjusted value for line 3576: -3
ADC validated value for same line: -3
ADC adjusted value for line 3577: -3
ADC validated value for same line: -3
ADC adjusted value for line 3578: -3
ADC validated value for same line: -3
ADC adjusted value for line 3579: -3
ADC validated value for same line: -3
ADC adjusted value for line 3580: -2
ADC validated value for same line: -2
ADC adjusted value for line 3581: -2
ADC validated value for same line: -2
ADC adjusted value for line 3582: -2
ADC validated value for same line: -2
ADC adjusted value for line 3583: -2
ADC validated value for same line: -2
ADC adjusted value for line 3584: 0
ADC validated value for same line: 0
ADC adjusted value for line 3585: 0
ADC validated value for same line: 0
ADC adjusted value for line 3586: 1
ADC validated value for same line: 1
ADC adjusted value for line 3587: 1
ADC validated value for same line: 1
ADC adjusted value for line 3588: 3
ADC validated value for same line: 3
ADC adjusted value for line 3589: 6
ADC validated value for same line: 6
ADC adjusted value for line 3590: 10
ADC validated value for same line: 10
ADC adjusted value for line 3591: 17
ADC validated value for same line: 17
ADC adjusted value for line 3592: 27
ADC validated value for same line: 27
ADC adjusted value for line 3593: 41
ADC validated value for same line: 41
ADC adjusted value for line 3594: 60
ADC validated value for same line: 60
ADC adjusted value for line 3595: 82
ADC validated value for same line: 82
ADC adjusted value for line 3596: 110
ADC validated value for same line: 110
ADC adjusted value for line 3597: 142
ADC validated value for same line: 142
ADC adjusted value for line 3598: 175
ADC validated value for same line: 175
ADC adjusted value for line 3599: 207
ADC validated value for same line: 207
ADC adjusted value for line 3600: 235
ADC validated value for same line: 235
ADC adjusted value for line 3601: 257
ADC validated value for same line: 257
ADC adjusted value for line 3602: 270
ADC validated value for same line: 270
ADC adjusted value for line 3603: 272
ADC validated value for same line: 272
ADC adjusted value for line 3604: 263
ADC validated value for same line: 263
ADC adjusted value for line 3605: 244
ADC validated value for same line: 244
ADC adjusted value for line 3606: 218
ADC validated value for same line: 218
ADC adjusted value for line 3607: 187
ADC validated value for same line: 187
ADC adjusted value for line 3608: 154
ADC validated value for same line: 154
ADC adjusted value for line 3609: 121
ADC validated value for same line: 121
ADC adjusted value for line 3610: 92
ADC validated value for same line: 92
ADC adjusted value for line 3611: 67
ADC validated value for same line: 67
ADC adjusted value for line 3612: 46
ADC validated value for same line: 46
ADC adjusted value for line 3613: 30
ADC validated value for same line: 30
ADC adjusted value for line 3614: 19
ADC validated value for same line: 19
ADC adjusted value for line 3615: 10
ADC validated value for same line: 10
ADC adjusted value for line 3616: 4
ADC validated value for same line: 4
ADC adjusted value for line 3617: 1
ADC validated value for same line: 1
ADC adjusted value for line 3618: -1
ADC validated value for same line: -1
ADC adjusted value for line 3619: -2
ADC validated value for same line: -2
ADC adjusted value for line 3620: -3
ADC validated value for same line: -3
ADC adjusted value for line 3621: -3
ADC validated value for same line: -3
ADC adjusted value for line 3622: -3
ADC validated value for same line: -3
ADC adjusted value for line 3623: -3
ADC validated value for same line: -3
ADC adjusted value for line 3624: -3
ADC validated value for same line: -3
ADC adjusted value for line 3625: -3
ADC validated value for same line: -3
ADC adjusted value for line 3626: -3
ADC validated value for same line: -3
ADC adjusted value for line 3627: -3
ADC validated value for same line: -3
ADC adjusted value for line 3628: -3
ADC validated value for same line: -3
ADC adjusted value for line 3629: -2
ADC validated value for same line: -2
ADC adjusted value for line 3630: -2
ADC validated value for same line: -2
ADC adjusted value for line 3631: -2
ADC validated value for same line: -2
ADC adjusted value for line 3632: -2
ADC validated value for same line: -2
ADC adjusted value for line 3633: -2
ADC validated value for same line: -2
ADC adjusted value for line 3634: -2
ADC validated value for same line: -2
ADC adjusted value for line 3635: -2
ADC validated value for same line: -2
ADC adjusted value for line 3636: -2
ADC validated value for same line: -2
ADC adjusted value for line 3637: -2
ADC validated value for same line: -2
ADC adjusted value for line 3638: -2
ADC validated value for same line: -2
ADC adjusted value for line 3639: -1
ADC validated value for same line: -1
ADC adjusted value for line 3640: -1
ADC validated value for same line: -1
ADC adjusted value for line 3641: -1
ADC validated value for same line: -1
ADC adjusted value for line 3642: -1
ADC validated value for same line: -1
ADC adjusted value for line 3643: -1
ADC validated value for same line: -1
ADC adjusted value for line 3644: -1
ADC validated value for same line: -1
ADC adjusted value for line 3645: -1
ADC validated value for same line: -1
ADC adjusted value for line 3646: -1
ADC validated value for same line: -1
ADC adjusted value for line 3647: -1
ADC validated value for same line: -1
ADC adjusted value for line 3648: 128
ADC validated value for same line: 128
ADC adjusted value for line 3649: 161
ADC validated value for same line: 161
ADC adjusted value for line 3650: 195
ADC validated value for same line: 195
ADC adjusted value for line 3651: 226
ADC validated value for same line: 226
ADC adjusted value for line 3652: 252
ADC validated value for same line: 252
ADC adjusted value for line 3653: 269
ADC validated value for same line: 269
ADC adjusted value for line 3654: 277
ADC validated value for same line: 277
ADC adjusted value for line 3655: 274
ADC validated value for same line: 274
ADC adjusted value for line 3656: 260
ADC validated value for same line: 260
ADC adjusted value for line 3657: 236
ADC validated value for same line: 236
ADC adjusted value for line 3658: 207
ADC validated value for same line: 207
ADC adjusted value for line 3659: 174
ADC validated value for same line: 174
ADC adjusted value for line 3660: 141
ADC validated value for same line: 141
ADC adjusted value for line 3661: 109
ADC validated value for same line: 109
ADC adjusted value for line 3662: 81
ADC validated value for same line: 81
ADC adjusted value for line 3663: 58
ADC validated value for same line: 58
ADC adjusted value for line 3664: 39
ADC validated value for same line: 39
ADC adjusted value for line 3665: 26
ADC validated value for same line: 26
ADC adjusted value for line 3666: 16
ADC validated value for same line: 16
ADC adjusted value for line 3667: 8
ADC validated value for same line: 8
ADC adjusted value for line 3668: 4
ADC validated value for same line: 4
ADC adjusted value for line 3669: 1
ADC validated value for same line: 1
ADC adjusted value for line 3670: -1
ADC validated value for same line: -1
ADC adjusted value for line 3671: -2
ADC validated value for same line: -2
ADC adjusted value for line 3672: -2
ADC validated value for same line: -2
ADC adjusted value for line 3673: -2
ADC validated value for same line: -2
ADC adjusted value for line 3674: -2
ADC validated value for same line: -2
ADC adjusted value for line 3675: -2
ADC validated value for same line: -2
ADC adjusted value for line 3676: -2
ADC validated value for same line: -2
ADC adjusted value for line 3677: -2
ADC validated value for same line: -2
ADC adjusted value for line 3678: -2
ADC validated value for same line: -2
ADC adjusted value for line 3679: -2
ADC validated value for same line: -2
ADC adjusted value for line 3680: -2
ADC validated value for same line: -2
ADC adjusted value for line 3681: -1
ADC validated value for same line: -1
ADC adjusted value for line 3682: -1
ADC validated value for same line: -1
ADC adjusted value for line 3683: -1
ADC validated value for same line: -1
ADC adjusted value for line 3684: -1
ADC validated value for same line: -1
ADC adjusted value for line 3685: -1
ADC validated value for same line: -1
ADC adjusted value for line 3686: -1
ADC validated value for same line: -1
ADC adjusted value for line 3687: -1
ADC validated value for same line: -1
ADC adjusted value for line 3688: -1
ADC validated value for same line: -1
ADC adjusted value for line 3689: -1
ADC validated value for same line: -1
ADC adjusted value for line 3690: -1
ADC validated value for same line: -1
ADC adjusted value for line 3691: 0
ADC validated value for same line: 0
ADC adjusted value for line 3692: 0
ADC validated value for same line: 0
ADC adjusted value for line 3693: 0
ADC validated value for same line: 0
ADC adjusted value for line 3694: 0
ADC validated value for same line: 0
ADC adjusted value for line 3695: 0
ADC validated value for same line: 0
ADC adjusted value for line 3696: 0
ADC validated value for same line: 0
ADC adjusted value for line 3697: 0
ADC validated value for same line: 0
ADC adjusted value for line 3698: 0
ADC validated value for same line: 0
ADC adjusted value for line 3699: 0
ADC validated value for same line: 0
ADC adjusted value for line 3700: 0
ADC validated value for same line: 0
ADC adjusted value for line 3701: 0
ADC validated value for same line: 0
ADC adjusted value for line 3702: 0
ADC validated value for same line: 0
ADC adjusted value for line 3703: 0
ADC validated value for same line: 0
ADC adjusted value for line 3704: 0
ADC validated value for same line: 0
ADC adjusted value for line 3705: 0
ADC validated value for same line: 0
ADC adjusted value for line 3706: 0
ADC validated value for same line: 0
ADC adjusted value for line 3707: 0
ADC validated value for same line: 0
ADC adjusted value for line 3708: 0
ADC validated value for same line: 0
ADC adjusted value for line 3709: 0
ADC validated value for same line: 0
ADC adjusted value for line 3710: 0
ADC validated value for same line: 0
ADC adjusted value for line 3711: 0
ADC validated value for same line: 0
ADC adjusted value for line 3712: 45
ADC validated value for same line: 45
ADC adjusted value for line 3713: 64
ADC validated value for same line: 64
ADC adjusted value for line 3714: 89
ADC validated value for same line: 89
ADC adjusted value for line 3715: 119
ADC validated value for same line: 119
ADC adjusted value for line 3716: 151
ADC validated value for same line: 151
ADC adjusted value for line 3717: 185
ADC validated value for same line: 185
ADC adjusted value for line 3718: 218
ADC validated value for same line: 218
ADC adjusted value for line 3719: 247
ADC validated value for same line: 247
ADC adjusted value for line 3720: 268
ADC validated value for same line: 268
ADC adjusted value for line 3721: 279
ADC validated value for same line: 279
ADC adjusted value for line 3722: 279
ADC validated value for same line: 279
ADC adjusted value for line 3723: 269
ADC validated value for same line: 269
ADC adjusted value for line 3724: 249
ADC validated value for same line: 249
ADC adjusted value for line 3725: 221
ADC validated value for same line: 221
ADC adjusted value for line 3726: 189
ADC validated value for same line: 189
ADC adjusted value for line 3727: 155
ADC validated value for same line: 155
ADC adjusted value for line 3728: 122
ADC validated value for same line: 122
ADC adjusted value for line 3729: 92
ADC validated value for same line: 92
ADC adjusted value for line 3730: 66
ADC validated value for same line: 66
ADC adjusted value for line 3731: 45
ADC validated value for same line: 45
ADC adjusted value for line 3732: 29
ADC validated value for same line: 29
ADC adjusted value for line 3733: 18
ADC validated value for same line: 18
ADC adjusted value for line 3734: 10
ADC validated value for same line: 10
ADC adjusted value for line 3735: 5
ADC validated value for same line: 5
ADC adjusted value for line 3736: 2
ADC validated value for same line: 2
ADC adjusted value for line 3737: 0
ADC validated value for same line: 0
ADC adjusted value for line 3738: -1
ADC validated value for same line: -1
ADC adjusted value for line 3739: -2
ADC validated value for same line: -2
ADC adjusted value for line 3740: -2
ADC validated value for same line: -2
ADC adjusted value for line 3741: -2
ADC validated value for same line: -2
ADC adjusted value for line 3742: -2
ADC validated value for same line: -2
ADC adjusted value for line 3743: -2
ADC validated value for same line: -2
ADC adjusted value for line 3744: -2
ADC validated value for same line: -2
ADC adjusted value for line 3745: -2
ADC validated value for same line: -2
ADC adjusted value for line 3746: -2
ADC validated value for same line: -2
ADC adjusted value for line 3747: -2
ADC validated value for same line: -2
ADC adjusted value for line 3748: -2
ADC validated value for same line: -2
ADC adjusted value for line 3749: -2
ADC validated value for same line: -2
ADC adjusted value for line 3750: -2
ADC validated value for same line: -2
ADC adjusted value for line 3751: -2
ADC validated value for same line: -2
ADC adjusted value for line 3752: -1
ADC validated value for same line: -1
ADC adjusted value for line 3753: -1
ADC validated value for same line: -1
ADC adjusted value for line 3754: -1
ADC validated value for same line: -1
ADC adjusted value for line 3755: -1
ADC validated value for same line: -1
ADC adjusted value for line 3756: -1
ADC validated value for same line: -1
ADC adjusted value for line 3757: -1
ADC validated value for same line: -1
ADC adjusted value for line 3758: -1
ADC validated value for same line: -1
ADC adjusted value for line 3759: -1
ADC validated value for same line: -1
ADC adjusted value for line 3760: -1
ADC validated value for same line: -1
ADC adjusted value for line 3761: -1
ADC validated value for same line: -1
ADC adjusted value for line 3762: 0
ADC validated value for same line: 0
ADC adjusted value for line 3763: 0
ADC validated value for same line: 0
ADC adjusted value for line 3764: 0
ADC validated value for same line: 0
ADC adjusted value for line 3765: 0
ADC validated value for same line: 0
ADC adjusted value for line 3766: 0
ADC validated value for same line: 0
ADC adjusted value for line 3767: 0
ADC validated value for same line: 0
ADC adjusted value for line 3768: 0
ADC validated value for same line: 0
ADC adjusted value for line 3769: 0
ADC validated value for same line: 0
ADC adjusted value for line 3770: 0
ADC validated value for same line: 0
ADC adjusted value for line 3771: 0
ADC validated value for same line: 0
ADC adjusted value for line 3772: 0
ADC validated value for same line: 0
ADC adjusted value for line 3773: 0
ADC validated value for same line: 0
ADC adjusted value for line 3774: 0
ADC validated value for same line: 0
ADC adjusted value for line 3775: 0
ADC validated value for same line: 0
ADC adjusted value for line 3776: 0
ADC validated value for same line: 0
ADC adjusted value for line 3777: 0
ADC validated value for same line: 0
ADC adjusted value for line 3778: 0
ADC validated value for same line: 0
ADC adjusted value for line 3779: 0
ADC validated value for same line: 0
ADC adjusted value for line 3780: 0
ADC validated value for same line: 0
ADC adjusted value for line 3781: 0
ADC validated value for same line: 0
ADC adjusted value for line 3782: 0
ADC validated value for same line: 0
ADC adjusted value for line 3783: 0
ADC validated value for same line: 0
ADC adjusted value for line 3784: 0
ADC validated value for same line: 0
ADC adjusted value for line 3785: 0
ADC validated value for same line: 0
ADC adjusted value for line 3786: 0
ADC validated value for same line: 0
ADC adjusted value for line 3787: 0
ADC validated value for same line: 0
ADC adjusted value for line 3788: 0
ADC validated value for same line: 0
ADC adjusted value for line 3789: 0
ADC validated value for same line: 0
ADC adjusted value for line 3790: 0
ADC validated value for same line: 0
ADC adjusted value for line 3791: 0
ADC validated value for same line: 0
ADC adjusted value for line 3792: 0
ADC validated value for same line: 0
ADC adjusted value for line 3793: 0
ADC validated value for same line: 0
ADC adjusted value for line 3794: 0
ADC validated value for same line: 0
ADC adjusted value for line 3795: 0
ADC validated value for same line: 0
ADC adjusted value for line 3796: 0
ADC validated value for same line: 0
ADC adjusted value for line 3797: 0
ADC validated value for same line: 0
ADC adjusted value for line 3798: 0
ADC validated value for same line: 0
ADC adjusted value for line 3799: 0
ADC validated value for same line: 0
ADC adjusted value for line 3800: 0
ADC validated value for same line: 0
ADC adjusted value for line 3801: 0
ADC validated value for same line: 0
ADC adjusted value for line 3802: 0
ADC validated value for same line: 0
ADC adjusted value for line 3803: 0
ADC validated value for same line: 0
ADC adjusted value for line 3804: 0
ADC validated value for same line: 0
ADC adjusted value for line 3805: 0
ADC validated value for same line: 0
ADC adjusted value for line 3806: 0
ADC validated value for same line: 0
ADC adjusted value for line 3807: 0
ADC validated value for same line: 0
ADC adjusted value for line 3808: 0
ADC validated value for same line: 0
ADC adjusted value for line 3809: 0
ADC validated value for same line: 0
ADC adjusted value for line 3810: 0
ADC validated value for same line: 0
ADC adjusted value for line 3811: 0
ADC validated value for same line: 0
ADC adjusted value for line 3812: 0
ADC validated value for same line: 0
ADC adjusted value for line 3813: 0
ADC validated value for same line: 0
ADC adjusted value for line 3814: 0
ADC validated value for same line: 0
ADC adjusted value for line 3815: 0
ADC validated value for same line: 0
ADC adjusted value for line 3816: 0
ADC validated value for same line: 0
ADC adjusted value for line 3817: 0
ADC validated value for same line: 0
ADC adjusted value for line 3818: 0
ADC validated value for same line: 0
ADC adjusted value for line 3819: 0
ADC validated value for same line: 0
ADC adjusted value for line 3820: 0
ADC validated value for same line: 0
ADC adjusted value for line 3821: 0
ADC validated value for same line: 0
ADC adjusted value for line 3822: 0
ADC validated value for same line: 0
ADC adjusted value for line 3823: 1
ADC validated value for same line: 1
ADC adjusted value for line 3824: 2
ADC validated value for same line: 2
ADC adjusted value for line 3825: 5
ADC validated value for same line: 5
ADC adjusted value for line 3826: 8
ADC validated value for same line: 8
ADC adjusted value for line 3827: 14
ADC validated value for same line: 14
ADC adjusted value for line 3828: 23
ADC validated value for same line: 23
ADC adjusted value for line 3829: 35
ADC validated value for same line: 35
ADC adjusted value for line 3830: 52
ADC validated value for same line: 52
ADC adjusted value for line 3831: 74
ADC validated value for same line: 74
ADC adjusted value for line 3832: 99
ADC validated value for same line: 99
ADC adjusted value for line 3833: 130
ADC validated value for same line: 130
ADC adjusted value for line 3834: 164
ADC validated value for same line: 164
ADC adjusted value for line 3835: 199
ADC validated value for same line: 199
ADC adjusted value for line 3836: 231
ADC validated value for same line: 231
ADC adjusted value for line 3837: 258
ADC validated value for same line: 258
ADC adjusted value for line 3838: 276
ADC validated value for same line: 276
ADC adjusted value for line 3839: 284
ADC validated value for same line: 284
ADC adjusted value for line 3840: 0
ADC validated value for same line: 0
ADC adjusted value for line 3841: 0
ADC validated value for same line: 0
ADC adjusted value for line 3842: 0
ADC validated value for same line: 0
ADC adjusted value for line 3843: 0
ADC validated value for same line: 0
ADC adjusted value for line 3844: 0
ADC validated value for same line: 0
ADC adjusted value for line 3845: 0
ADC validated value for same line: 0
ADC adjusted value for line 3846: 0
ADC validated value for same line: 0
ADC adjusted value for line 3847: 0
ADC validated value for same line: 0
ADC adjusted value for line 3848: 0
ADC validated value for same line: 0
ADC adjusted value for line 3849: 0
ADC validated value for same line: 0
ADC adjusted value for line 3850: 0
ADC validated value for same line: 0
ADC adjusted value for line 3851: 0
ADC validated value for same line: 0
ADC adjusted value for line 3852: 0
ADC validated value for same line: 0
ADC adjusted value for line 3853: 0
ADC validated value for same line: 0
ADC adjusted value for line 3854: 0
ADC validated value for same line: 0
ADC adjusted value for line 3855: 0
ADC validated value for same line: 0
ADC adjusted value for line 3856: 0
ADC validated value for same line: 0
ADC adjusted value for line 3857: 0
ADC validated value for same line: 0
ADC adjusted value for line 3858: 0
ADC validated value for same line: 0
ADC adjusted value for line 3859: 0
ADC validated value for same line: 0
ADC adjusted value for line 3860: 0
ADC validated value for same line: 0
ADC adjusted value for line 3861: 0
ADC validated value for same line: 0
ADC adjusted value for line 3862: 0
ADC validated value for same line: 0
ADC adjusted value for line 3863: 1
ADC validated value for same line: 1
ADC adjusted value for line 3864: 2
ADC validated value for same line: 2
ADC adjusted value for line 3865: 4
ADC validated value for same line: 4
ADC adjusted value for line 3866: 8
ADC validated value for same line: 8
ADC adjusted value for line 3867: 13
ADC validated value for same line: 13
ADC adjusted value for line 3868: 21
ADC validated value for same line: 21
ADC adjusted value for line 3869: 33
ADC validated value for same line: 33
ADC adjusted value for line 3870: 50
ADC validated value for same line: 50
ADC adjusted value for line 3871: 71
ADC validated value for same line: 71
ADC adjusted value for line 3872: 97
ADC validated value for same line: 97
ADC adjusted value for line 3873: 128
ADC validated value for same line: 128
ADC adjusted value for line 3874: 162
ADC validated value for same line: 162
ADC adjusted value for line 3875: 197
ADC validated value for same line: 197
ADC adjusted value for line 3876: 230
ADC validated value for same line: 230
ADC adjusted value for line 3877: 258
ADC validated value for same line: 258
ADC adjusted value for line 3878: 278
ADC validated value for same line: 278
ADC adjusted value for line 3879: 288
ADC validated value for same line: 288
ADC adjusted value for line 3880: 286
ADC validated value for same line: 286
ADC adjusted value for line 3881: 273
ADC validated value for same line: 273
ADC adjusted value for line 3882: 250
ADC validated value for same line: 250
ADC adjusted value for line 3883: 220
ADC validated value for same line: 220
ADC adjusted value for line 3884: 186
ADC validated value for same line: 186
ADC adjusted value for line 3885: 151
ADC validated value for same line: 151
ADC adjusted value for line 3886: 117
ADC validated value for same line: 117
ADC adjusted value for line 3887: 88
ADC validated value for same line: 88
ADC adjusted value for line 3888: 63
ADC validated value for same line: 63
ADC adjusted value for line 3889: 43
ADC validated value for same line: 43
ADC adjusted value for line 3890: 28
ADC validated value for same line: 28
ADC adjusted value for line 3891: 17
ADC validated value for same line: 17
ADC adjusted value for line 3892: 8
ADC validated value for same line: 8
ADC adjusted value for line 3893: 4
ADC validated value for same line: 4
ADC adjusted value for line 3894: 0
ADC validated value for same line: 0
ADC adjusted value for line 3895: -1
ADC validated value for same line: -1
ADC adjusted value for line 3896: -2
ADC validated value for same line: -2
ADC adjusted value for line 3897: -3
ADC validated value for same line: -3
ADC adjusted value for line 3898: -3
ADC validated value for same line: -3
ADC adjusted value for line 3899: -3
ADC validated value for same line: -3
ADC adjusted value for line 3900: -3
ADC validated value for same line: -3
ADC adjusted value for line 3901: -3
ADC validated value for same line: -3
ADC adjusted value for line 3902: -3
ADC validated value for same line: -3
ADC adjusted value for line 3903: -3
ADC validated value for same line: -3
ADC adjusted value for line 3904: 0
ADC validated value for same line: 0
ADC adjusted value for line 3905: 0
ADC validated value for same line: 0
ADC adjusted value for line 3906: 0
ADC validated value for same line: 0
ADC adjusted value for line 3907: 0
ADC validated value for same line: 0
ADC adjusted value for line 3908: 0
ADC validated value for same line: 0
ADC adjusted value for line 3909: 0
ADC validated value for same line: 0
ADC adjusted value for line 3910: 0
ADC validated value for same line: 0
ADC adjusted value for line 3911: 0
ADC validated value for same line: 0
ADC adjusted value for line 3912: 0
ADC validated value for same line: 0
ADC adjusted value for line 3913: 0
ADC validated value for same line: 0
ADC adjusted value for line 3914: 0
ADC validated value for same line: 0
ADC adjusted value for line 3915: 0
ADC validated value for same line: 0
ADC adjusted value for line 3916: 0
ADC validated value for same line: 0
ADC adjusted value for line 3917: 0
ADC validated value for same line: 0
ADC adjusted value for line 3918: 0
ADC validated value for same line: 0
ADC adjusted value for line 3919: 0
ADC validated value for same line: 0
ADC adjusted value for line 3920: 0
ADC validated value for same line: 0
ADC adjusted value for line 3921: 0
ADC validated value for same line: 0
ADC adjusted value for line 3922: 0
ADC validated value for same line: 0
ADC adjusted value for line 3923: 0
ADC validated value for same line: 0
ADC adjusted value for line 3924: 0
ADC validated value for same line: 0
ADC adjusted value for line 3925: 0
ADC validated value for same line: 0
ADC adjusted value for line 3926: 0
ADC validated value for same line: 0
ADC adjusted value for line 3927: 0
ADC validated value for same line: 0
ADC adjusted value for line 3928: 0
ADC validated value for same line: 0
ADC adjusted value for line 3929: 0
ADC validated value for same line: 0
ADC adjusted value for line 3930: 0
ADC validated value for same line: 0
ADC adjusted value for line 3931: 0
ADC validated value for same line: 0
ADC adjusted value for line 3932: 0
ADC validated value for same line: 0
ADC adjusted value for line 3933: 0
ADC validated value for same line: 0
ADC adjusted value for line 3934: 0
ADC validated value for same line: 0
ADC adjusted value for line 3935: 0
ADC validated value for same line: 0
ADC adjusted value for line 3936: 0
ADC validated value for same line: 0
ADC adjusted value for line 3937: 0
ADC validated value for same line: 0
ADC adjusted value for line 3938: 0
ADC validated value for same line: 0
ADC adjusted value for line 3939: 0
ADC validated value for same line: 0
ADC adjusted value for line 3940: 0
ADC validated value for same line: 0
ADC adjusted value for line 3941: 0
ADC validated value for same line: 0
ADC adjusted value for line 3942: 0
ADC validated value for same line: 0
ADC adjusted value for line 3943: 0
ADC validated value for same line: 0
ADC adjusted value for line 3944: 0
ADC validated value for same line: 0
ADC adjusted value for line 3945: 0
ADC validated value for same line: 0
ADC adjusted value for line 3946: 1
ADC validated value for same line: 1
ADC adjusted value for line 3947: 3
ADC validated value for same line: 3
ADC adjusted value for line 3948: 5
ADC validated value for same line: 5
ADC adjusted value for line 3949: 9
ADC validated value for same line: 9
ADC adjusted value for line 3950: 16
ADC validated value for same line: 16
ADC adjusted value for line 3951: 25
ADC validated value for same line: 25
ADC adjusted value for line 3952: 39
ADC validated value for same line: 39
ADC adjusted value for line 3953: 57
ADC validated value for same line: 57
ADC adjusted value for line 3954: 80
ADC validated value for same line: 80
ADC adjusted value for line 3955: 108
ADC validated value for same line: 108
ADC adjusted value for line 3956: 140
ADC validated value for same line: 140
ADC adjusted value for line 3957: 175
ADC validated value for same line: 175
ADC adjusted value for line 3958: 211
ADC validated value for same line: 211
ADC adjusted value for line 3959: 243
ADC validated value for same line: 243
ADC adjusted value for line 3960: 269
ADC validated value for same line: 269
ADC adjusted value for line 3961: 286
ADC validated value for same line: 286
ADC adjusted value for line 3962: 292
ADC validated value for same line: 292
ADC adjusted value for line 3963: 287
ADC validated value for same line: 287
ADC adjusted value for line 3964: 271
ADC validated value for same line: 271
ADC adjusted value for line 3965: 244
ADC validated value for same line: 244
ADC adjusted value for line 3966: 212
ADC validated value for same line: 212
ADC adjusted value for line 3967: 177
ADC validated value for same line: 177
ADC adjusted value for line 3968: 0
ADC validated value for same line: 0
ADC adjusted value for line 3969: 0
ADC validated value for same line: 0
ADC adjusted value for line 3970: 0
ADC validated value for same line: 0
ADC adjusted value for line 3971: 0
ADC validated value for same line: 0
ADC adjusted value for line 3972: 0
ADC validated value for same line: 0
ADC adjusted value for line 3973: 0
ADC validated value for same line: 0
ADC adjusted value for line 3974: 0
ADC validated value for same line: 0
ADC adjusted value for line 3975: 0
ADC validated value for same line: 0
ADC adjusted value for line 3976: 0
ADC validated value for same line: 0
ADC adjusted value for line 3977: 0
ADC validated value for same line: 0
ADC adjusted value for line 3978: 0
ADC validated value for same line: 0
ADC adjusted value for line 3979: 0
ADC validated value for same line: 0
ADC adjusted value for line 3980: 0
ADC validated value for same line: 0
ADC adjusted value for line 3981: 0
ADC validated value for same line: 0
ADC adjusted value for line 3982: 0
ADC validated value for same line: 0
ADC adjusted value for line 3983: 0
ADC validated value for same line: 0
ADC adjusted value for line 3984: 0
ADC validated value for same line: 0
ADC adjusted value for line 3985: 1
ADC validated value for same line: 1
ADC adjusted value for line 3986: 3
ADC validated value for same line: 3
ADC adjusted value for line 3987: 5
ADC validated value for same line: 5
ADC adjusted value for line 3988: 9
ADC validated value for same line: 9
ADC adjusted value for line 3989: 16
ADC validated value for same line: 16
ADC adjusted value for line 3990: 25
ADC validated value for same line: 25
ADC adjusted value for line 3991: 38
ADC validated value for same line: 38
ADC adjusted value for line 3992: 57
ADC validated value for same line: 57
ADC adjusted value for line 3993: 80
ADC validated value for same line: 80
ADC adjusted value for line 3994: 108
ADC validated value for same line: 108
ADC adjusted value for line 3995: 141
ADC validated value for same line: 141
ADC adjusted value for line 3996: 176
ADC validated value for same line: 176
ADC adjusted value for line 3997: 212
ADC validated value for same line: 212
ADC adjusted value for line 3998: 245
ADC validated value for same line: 245
ADC adjusted value for line 3999: 272
ADC validated value for same line: 272
ADC adjusted value for line 4000: 290
ADC validated value for same line: 290
ADC adjusted value for line 4001: 296
ADC validated value for same line: 296
ADC adjusted value for line 4002: 292
ADC validated value for same line: 292
ADC adjusted value for line 4003: 275
ADC validated value for same line: 275
ADC adjusted value for line 4004: 249
ADC validated value for same line: 249
ADC adjusted value for line 4005: 217
ADC validated value for same line: 217
ADC adjusted value for line 4006: 181
ADC validated value for same line: 181
ADC adjusted value for line 4007: 145
ADC validated value for same line: 145
ADC adjusted value for line 4008: 112
ADC validated value for same line: 112
ADC adjusted value for line 4009: 83
ADC validated value for same line: 83
ADC adjusted value for line 4010: 58
ADC validated value for same line: 58
ADC adjusted value for line 4011: 39
ADC validated value for same line: 39
ADC adjusted value for line 4012: 25
ADC validated value for same line: 25
ADC adjusted value for line 4013: 15
ADC validated value for same line: 15
ADC adjusted value for line 4014: 7
ADC validated value for same line: 7
ADC adjusted value for line 4015: 3
ADC validated value for same line: 3
ADC adjusted value for line 4016: 0
ADC validated value for same line: 0
ADC adjusted value for line 4017: -2
ADC validated value for same line: -2
ADC adjusted value for line 4018: -3
ADC validated value for same line: -3
ADC adjusted value for line 4019: -3
ADC validated value for same line: -3
ADC adjusted value for line 4020: -3
ADC validated value for same line: -3
ADC adjusted value for line 4021: -3
ADC validated value for same line: -3
ADC adjusted value for line 4022: -3
ADC validated value for same line: -3
ADC adjusted value for line 4023: -3
ADC validated value for same line: -3
ADC adjusted value for line 4024: -3
ADC validated value for same line: -3
ADC adjusted value for line 4025: -3
ADC validated value for same line: -3
ADC adjusted value for line 4026: -3
ADC validated value for same line: -3
ADC adjusted value for line 4027: -2
ADC validated value for same line: -2
ADC adjusted value for line 4028: -2
ADC validated value for same line: -2
ADC adjusted value for line 4029: -2
ADC validated value for same line: -2
ADC adjusted value for line 4030: -2
ADC validated value for same line: -2
ADC adjusted value for line 4031: -2
ADC validated value for same line: -2
ADC adjusted value for line 4032: 1
ADC validated value for same line: 1
ADC adjusted value for line 4033: 2
ADC validated value for same line: 2
ADC adjusted value for line 4034: 3
ADC validated value for same line: 3
ADC adjusted value for line 4035: 6
ADC validated value for same line: 6
ADC adjusted value for line 4036: 11
ADC validated value for same line: 11
ADC adjusted value for line 4037: 18
ADC validated value for same line: 18
ADC adjusted value for line 4038: 29
ADC validated value for same line: 29
ADC adjusted value for line 4039: 44
ADC validated value for same line: 44
ADC adjusted value for line 4040: 64
ADC validated value for same line: 64
ADC adjusted value for line 4041: 89
ADC validated value for same line: 89
ADC adjusted value for line 4042: 119
ADC validated value for same line: 119
ADC adjusted value for line 4043: 154
ADC validated value for same line: 154
ADC adjusted value for line 4044: 190
ADC validated value for same line: 190
ADC adjusted value for line 4045: 226
ADC validated value for same line: 226
ADC adjusted value for line 4046: 257
ADC validated value for same line: 257
ADC adjusted value for line 4047: 282
ADC validated value for same line: 282
ADC adjusted value for line 4048: 297
ADC validated value for same line: 297
ADC adjusted value for line 4049: 300
ADC validated value for same line: 300
ADC adjusted value for line 4050: 292
ADC validated value for same line: 292
ADC adjusted value for line 4051: 271
ADC validated value for same line: 271
ADC adjusted value for line 4052: 243
ADC validated value for same line: 243
ADC adjusted value for line 4053: 209
ADC validated value for same line: 209
ADC adjusted value for line 4054: 172
ADC validated value for same line: 172
ADC adjusted value for line 4055: 137
ADC validated value for same line: 137
ADC adjusted value for line 4056: 104
ADC validated value for same line: 104
ADC adjusted value for line 4057: 75
ADC validated value for same line: 75
ADC adjusted value for line 4058: 52
ADC validated value for same line: 52
ADC adjusted value for line 4059: 35
ADC validated value for same line: 35
ADC adjusted value for line 4060: 22
ADC validated value for same line: 22
ADC adjusted value for line 4061: 12
ADC validated value for same line: 12
ADC adjusted value for line 4062: 6
ADC validated value for same line: 6
ADC adjusted value for line 4063: 2
ADC validated value for same line: 2
ADC adjusted value for line 4064: -1
ADC validated value for same line: -1
ADC adjusted value for line 4065: -2
ADC validated value for same line: -2
ADC adjusted value for line 4066: -3
ADC validated value for same line: -3
ADC adjusted value for line 4067: -3
ADC validated value for same line: -3
ADC adjusted value for line 4068: -3
ADC validated value for same line: -3
ADC adjusted value for line 4069: -3
ADC validated value for same line: -3
ADC adjusted value for line 4070: -3
ADC validated value for same line: -3
ADC adjusted value for line 4071: -3
ADC validated value for same line: -3
ADC adjusted value for line 4072: -3
ADC validated value for same line: -3
ADC adjusted value for line 4073: -3
ADC validated value for same line: -3
ADC adjusted value for line 4074: -3
ADC validated value for same line: -3
ADC adjusted value for line 4075: -2
ADC validated value for same line: -2
ADC adjusted value for line 4076: -2
ADC validated value for same line: -2
ADC adjusted value for line 4077: -2
ADC validated value for same line: -2
ADC adjusted value for line 4078: -2
ADC validated value for same line: -2
ADC adjusted value for line 4079: -2
ADC validated value for same line: -2
ADC adjusted value for line 4080: -2
ADC validated value for same line: -2
ADC adjusted value for line 4081: -2
ADC validated value for same line: -2
ADC adjusted value for line 4082: -2
ADC validated value for same line: -2
ADC adjusted value for line 4083: -2
ADC validated value for same line: -2
ADC adjusted value for line 4084: -2
ADC validated value for same line: -2
ADC adjusted value for line 4085: -1
ADC validated value for same line: -1
ADC adjusted value for line 4086: -1
ADC validated value for same line: -1
ADC adjusted value for line 4087: -1
ADC validated value for same line: -1
ADC adjusted value for line 4088: -1
ADC validated value for same line: -1
ADC adjusted value for line 4089: -1
ADC validated value for same line: -1
ADC adjusted value for line 4090: -1
ADC validated value for same line: -1
ADC adjusted value for line 4091: -1
ADC validated value for same line: -1
ADC adjusted value for line 4092: -1
ADC validated value for same line: -1
ADC adjusted value for line 4093: -1
ADC validated value for same line: -1
ADC adjusted value for line 4094: -1
ADC validated value for same line: -1
ADC adjusted value for line 4095: 0
ADC validated value for same line: 0
Testbench ran successfully!
