#-----------------------------------------------------------
# Vivado v2018.3 (64-bit)
# SW Build 2405991 on Thu Dec  6 23:36:41 MST 2018
# IP Build 2404404 on Fri Dec  7 01:43:56 MST 2018
# Start of session at: Wed Jan 20 12:08:09 2021
# Process ID: 35493
# Current directory: /data2/hmo31799/dune_project/ped_sub/tpg_core/proj/dataflowZCU102/dataflowZCU102
# Command line: vivado -mode tcl -log vivado_synth.log -journal vivado_synth.jou
# Log file: /data2/hmo31799/dune_project/ped_sub/tpg_core/proj/dataflowZCU102/dataflowZCU102/vivado_synth.log
# Journal file: /data2/hmo31799/dune_project/ped_sub/tpg_core/proj/dataflowZCU102/dataflowZCU102/vivado_synth.jou
#-----------------------------------------------------------
current_project -quiet
open_project /data2/hmo31799/dune_project/ped_sub/tpg_core/proj/dataflowZCU102/dataflowZCU102/dataflowZCU102.xpr
Scanning sources...
Finished scanning sources
INFO: [IP_Flow 19-234] Refreshing IP repositories
INFO: [IP_Flow 19-1704] No user IP repositories specified
INFO: [IP_Flow 19-2313] Loaded Vivado IP repository '/opt/ppd/tools/xilinx/Vivado/2018.3/data/ip'.
INFO: [Device 21-403] Loading part xczu9eg-ffvb1156-2-e
open_project: Time (s): cpu = 00:00:26 ; elapsed = 00:01:12 . Memory (MB): peak = 2490.750 ; gain = 1012.930 ; free physical = 7588 ; free virtual = 90131
dataflowZCU102
get_runs
synth_1 thFMch_input_fifo_synth_1 fmc0_8chan_9g6_synth_1 fmc0_8chan_9g6_vio_0_synth_1 crif_fifo_synth_1 axis_register_slice_fr_synth_1 RAM_2048x12_synth_1 distRAM_64x12_synth_1 Median_distRAM_64x12_synth_1 fir_compiler_0_synth_1 axis_data_fifo_0_synth_1 address_LUT_synth_1 gig_ethernet_pcs_pma_basex_156_25_synth_1 temac_gbe_v9_0_synth_1 impl_1 thFMch_input_fifo_impl_1 fmc0_8chan_9g6_impl_1 fmc0_8chan_9g6_vio_0_impl_1 crif_fifo_impl_1 axis_register_slice_fr_impl_1 RAM_2048x12_impl_1 distRAM_64x12_impl_1 Median_distRAM_64x12_impl_1 fir_compiler_0_impl_1 axis_data_fifo_0_impl_1 address_LUT_impl_1 gig_ethernet_pcs_pma_basex_156_25_impl_1 temac_gbe_v9_0_impl_1
get_property STATUS [get_runs Median_distRAM_64x12_impl_1]
Not started
get_property NEEDS_REFRESH [get_runs Median_distRAM_64x12_impl_1]
0
get_property PROGRESS [get_runs Median_distRAM_64x12_impl_1]
0%
get_property STATS.ELAPSED [get_runs Median_distRAM_64x12_impl_1]
00:00:00
get_property STATUS [get_runs Median_distRAM_64x12_synth_1]
Not started
get_property NEEDS_REFRESH [get_runs Median_distRAM_64x12_synth_1]
0
get_property PROGRESS [get_runs Median_distRAM_64x12_synth_1]
0%
get_property STATS.ELAPSED [get_runs Median_distRAM_64x12_synth_1]
00:00:00
get_property STATUS [get_runs RAM_2048x12_impl_1]
Not started
get_property NEEDS_REFRESH [get_runs RAM_2048x12_impl_1]
0
get_property PROGRESS [get_runs RAM_2048x12_impl_1]
0%
get_property STATS.ELAPSED [get_runs RAM_2048x12_impl_1]
00:00:00
get_property STATUS [get_runs RAM_2048x12_synth_1]
Not started
get_property NEEDS_REFRESH [get_runs RAM_2048x12_synth_1]
0
get_property PROGRESS [get_runs RAM_2048x12_synth_1]
0%
get_property STATS.ELAPSED [get_runs RAM_2048x12_synth_1]
00:00:00
get_property STATUS [get_runs address_LUT_impl_1]
Not started
get_property NEEDS_REFRESH [get_runs address_LUT_impl_1]
0
get_property PROGRESS [get_runs address_LUT_impl_1]
0%
get_property STATS.ELAPSED [get_runs address_LUT_impl_1]
00:00:00
get_property STATUS [get_runs address_LUT_synth_1]
Not started
get_property NEEDS_REFRESH [get_runs address_LUT_synth_1]
0
get_property PROGRESS [get_runs address_LUT_synth_1]
0%
get_property STATS.ELAPSED [get_runs address_LUT_synth_1]
00:00:00
get_property STATUS [get_runs axis_data_fifo_0_impl_1]
Not started
get_property NEEDS_REFRESH [get_runs axis_data_fifo_0_impl_1]
0
get_property PROGRESS [get_runs axis_data_fifo_0_impl_1]
0%
get_property STATS.ELAPSED [get_runs axis_data_fifo_0_impl_1]
00:00:00
get_property STATUS [get_runs axis_data_fifo_0_synth_1]
Not started
get_property NEEDS_REFRESH [get_runs axis_data_fifo_0_synth_1]
0
get_property PROGRESS [get_runs axis_data_fifo_0_synth_1]
0%
get_property STATS.ELAPSED [get_runs axis_data_fifo_0_synth_1]
00:00:00
get_property STATUS [get_runs axis_register_slice_fr_impl_1]
Not started
get_property NEEDS_REFRESH [get_runs axis_register_slice_fr_impl_1]
0
get_property PROGRESS [get_runs axis_register_slice_fr_impl_1]
0%
get_property STATS.ELAPSED [get_runs axis_register_slice_fr_impl_1]
00:00:00
get_property STATUS [get_runs axis_register_slice_fr_synth_1]
Not started
get_property NEEDS_REFRESH [get_runs axis_register_slice_fr_synth_1]
0
get_property PROGRESS [get_runs axis_register_slice_fr_synth_1]
0%
get_property STATS.ELAPSED [get_runs axis_register_slice_fr_synth_1]
00:00:00
get_property STATUS [get_runs crif_fifo_impl_1]
Not started
get_property NEEDS_REFRESH [get_runs crif_fifo_impl_1]
0
get_property PROGRESS [get_runs crif_fifo_impl_1]
0%
get_property STATS.ELAPSED [get_runs crif_fifo_impl_1]
00:00:00
get_property STATUS [get_runs crif_fifo_synth_1]
Not started
get_property NEEDS_REFRESH [get_runs crif_fifo_synth_1]
0
get_property PROGRESS [get_runs crif_fifo_synth_1]
0%
get_property STATS.ELAPSED [get_runs crif_fifo_synth_1]
00:00:00
get_property STATUS [get_runs distRAM_64x12_impl_1]
Not started
get_property NEEDS_REFRESH [get_runs distRAM_64x12_impl_1]
0
get_property PROGRESS [get_runs distRAM_64x12_impl_1]
0%
get_property STATS.ELAPSED [get_runs distRAM_64x12_impl_1]
00:00:00
get_property STATUS [get_runs distRAM_64x12_synth_1]
Not started
get_property NEEDS_REFRESH [get_runs distRAM_64x12_synth_1]
0
get_property PROGRESS [get_runs distRAM_64x12_synth_1]
0%
get_property STATS.ELAPSED [get_runs distRAM_64x12_synth_1]
00:00:00
get_property STATUS [get_runs fir_compiler_0_impl_1]
Not started
get_property NEEDS_REFRESH [get_runs fir_compiler_0_impl_1]
0
get_property PROGRESS [get_runs fir_compiler_0_impl_1]
0%
get_property STATS.ELAPSED [get_runs fir_compiler_0_impl_1]
00:00:00
get_property STATUS [get_runs fir_compiler_0_synth_1]
Not started
get_property NEEDS_REFRESH [get_runs fir_compiler_0_synth_1]
0
get_property PROGRESS [get_runs fir_compiler_0_synth_1]
0%
get_property STATS.ELAPSED [get_runs fir_compiler_0_synth_1]
00:00:00
get_property STATUS [get_runs fmc0_8chan_9g6_impl_1]
Not started
get_property NEEDS_REFRESH [get_runs fmc0_8chan_9g6_impl_1]
0
get_property PROGRESS [get_runs fmc0_8chan_9g6_impl_1]
0%
get_property STATS.ELAPSED [get_runs fmc0_8chan_9g6_impl_1]
00:00:00
get_property STATUS [get_runs fmc0_8chan_9g6_synth_1]
Not started
get_property NEEDS_REFRESH [get_runs fmc0_8chan_9g6_synth_1]
0
get_property PROGRESS [get_runs fmc0_8chan_9g6_synth_1]
0%
get_property STATS.ELAPSED [get_runs fmc0_8chan_9g6_synth_1]
00:00:00
get_property STATUS [get_runs fmc0_8chan_9g6_vio_0_impl_1]
Not started
get_property NEEDS_REFRESH [get_runs fmc0_8chan_9g6_vio_0_impl_1]
0
get_property PROGRESS [get_runs fmc0_8chan_9g6_vio_0_impl_1]
0%
get_property STATS.ELAPSED [get_runs fmc0_8chan_9g6_vio_0_impl_1]
00:00:00
get_property STATUS [get_runs fmc0_8chan_9g6_vio_0_synth_1]
Not started
get_property NEEDS_REFRESH [get_runs fmc0_8chan_9g6_vio_0_synth_1]
0
get_property PROGRESS [get_runs fmc0_8chan_9g6_vio_0_synth_1]
0%
get_property STATS.ELAPSED [get_runs fmc0_8chan_9g6_vio_0_synth_1]
00:00:00
get_property STATUS [get_runs gig_ethernet_pcs_pma_basex_156_25_impl_1]
Not started
get_property NEEDS_REFRESH [get_runs gig_ethernet_pcs_pma_basex_156_25_impl_1]
0
get_property PROGRESS [get_runs gig_ethernet_pcs_pma_basex_156_25_impl_1]
0%
get_property STATS.ELAPSED [get_runs gig_ethernet_pcs_pma_basex_156_25_impl_1]
00:00:00
get_property STATUS [get_runs gig_ethernet_pcs_pma_basex_156_25_synth_1]
Not started
get_property NEEDS_REFRESH [get_runs gig_ethernet_pcs_pma_basex_156_25_synth_1]
0
get_property PROGRESS [get_runs gig_ethernet_pcs_pma_basex_156_25_synth_1]
0%
get_property STATS.ELAPSED [get_runs gig_ethernet_pcs_pma_basex_156_25_synth_1]
00:00:00
get_property STATUS [get_runs impl_1]
Not started
get_property NEEDS_REFRESH [get_runs impl_1]
0
get_property PROGRESS [get_runs impl_1]
0%
get_property STATS.ELAPSED [get_runs impl_1]
00:00:00
get_property STATUS [get_runs synth_1]
Not started
get_property NEEDS_REFRESH [get_runs synth_1]
0
get_property PROGRESS [get_runs synth_1]
0%
get_property STATS.ELAPSED [get_runs synth_1]
00:00:00
get_property STATUS [get_runs temac_gbe_v9_0_impl_1]
Not started
get_property NEEDS_REFRESH [get_runs temac_gbe_v9_0_impl_1]
0
get_property PROGRESS [get_runs temac_gbe_v9_0_impl_1]
0%
get_property STATS.ELAPSED [get_runs temac_gbe_v9_0_impl_1]
00:00:00
get_property STATUS [get_runs temac_gbe_v9_0_synth_1]
Not started
get_property NEEDS_REFRESH [get_runs temac_gbe_v9_0_synth_1]
0
get_property PROGRESS [get_runs temac_gbe_v9_0_synth_1]
0%
get_property STATS.ELAPSED [get_runs temac_gbe_v9_0_synth_1]
00:00:00
get_property STATUS [get_runs thFMch_input_fifo_impl_1]
Not started
get_property NEEDS_REFRESH [get_runs thFMch_input_fifo_impl_1]
0
get_property PROGRESS [get_runs thFMch_input_fifo_impl_1]
0%
get_property STATS.ELAPSED [get_runs thFMch_input_fifo_impl_1]
00:00:00
get_property STATUS [get_runs thFMch_input_fifo_synth_1]
Not started
get_property NEEDS_REFRESH [get_runs thFMch_input_fifo_synth_1]
0
get_property PROGRESS [get_runs thFMch_input_fifo_synth_1]
0%
get_property STATS.ELAPSED [get_runs thFMch_input_fifo_synth_1]
00:00:00
reset_run synth_1
launch_runs synth_1 -jobs 4
INFO: [IP_Flow 19-1686] Generating 'Synthesis' target for IP 'thFMch_input_fifo'...
INFO: [IP_Flow 19-1686] Generating 'Synthesis' target for IP 'fmc0_8chan_9g6'...
INFO: [IP_Flow 19-1686] Generating 'Synthesis' target for IP 'fmc0_8chan_9g6_vio_0'...
INFO: [IP_Flow 19-1686] Generating 'Synthesis' target for IP 'crif_fifo'...
INFO: [IP_Flow 19-1686] Generating 'Synthesis' target for IP 'axis_register_slice_fr'...
INFO: [IP_Flow 19-1686] Generating 'Implementation' target for IP 'axis_register_slice_fr'...
INFO: [IP_Flow 19-1686] Generating 'Synthesis' target for IP 'RAM_2048x12'...
INFO: [IP_Flow 19-1686] Generating 'Synthesis' target for IP 'distRAM_64x12'...
INFO: [IP_Flow 19-1686] Generating 'Synthesis' target for IP 'Median_distRAM_64x12'...
INFO: [IP_Flow 19-1686] Generating 'Synthesis' target for IP 'fir_compiler_0'...
INFO: [IP_Flow 19-1686] Generating 'Synthesis' target for IP 'axis_data_fifo_0'...
INFO: [IP_Flow 19-1686] Generating 'Synthesis' target for IP 'address_LUT'...
INFO: [IP_Flow 19-1686] Generating 'Synthesis' target for IP 'gig_ethernet_pcs_pma_basex_156_25'...
INFO: [IP_Flow 19-1686] Generating 'Implementation' target for IP 'gig_ethernet_pcs_pma_basex_156_25'...
INFO: [IP_Flow 19-1686] Generating 'Synthesis' target for IP 'temac_gbe_v9_0'...
WARNING: [IP_Flow 19-650] IP license key 'eth_avb_endpoint@2015.04' is enabled with a Design_Linking license.
WARNING: [IP_Flow 19-650] IP license key 'eth_avb_endpoint@2015.04' is enabled with a Design_Linking license.
INFO: [IP_Flow 19-1686] Generating 'Implementation' target for IP 'temac_gbe_v9_0'...
[Wed Jan 20 12:10:01 2021] Launched thFMch_input_fifo_synth_1, fmc0_8chan_9g6_synth_1, fmc0_8chan_9g6_vio_0_synth_1, crif_fifo_synth_1, axis_register_slice_fr_synth_1, RAM_2048x12_synth_1, distRAM_64x12_synth_1, Median_distRAM_64x12_synth_1, fir_compiler_0_synth_1, axis_data_fifo_0_synth_1, address_LUT_synth_1, gig_ethernet_pcs_pma_basex_156_25_synth_1, temac_gbe_v9_0_synth_1...
Run output will be captured here:
thFMch_input_fifo_synth_1: /data2/hmo31799/dune_project/ped_sub/tpg_core/proj/dataflowZCU102/dataflowZCU102/dataflowZCU102.runs/thFMch_input_fifo_synth_1/runme.log
fmc0_8chan_9g6_synth_1: /data2/hmo31799/dune_project/ped_sub/tpg_core/proj/dataflowZCU102/dataflowZCU102/dataflowZCU102.runs/fmc0_8chan_9g6_synth_1/runme.log
fmc0_8chan_9g6_vio_0_synth_1: /data2/hmo31799/dune_project/ped_sub/tpg_core/proj/dataflowZCU102/dataflowZCU102/dataflowZCU102.runs/fmc0_8chan_9g6_vio_0_synth_1/runme.log
crif_fifo_synth_1: /data2/hmo31799/dune_project/ped_sub/tpg_core/proj/dataflowZCU102/dataflowZCU102/dataflowZCU102.runs/crif_fifo_synth_1/runme.log
axis_register_slice_fr_synth_1: /data2/hmo31799/dune_project/ped_sub/tpg_core/proj/dataflowZCU102/dataflowZCU102/dataflowZCU102.runs/axis_register_slice_fr_synth_1/runme.log
RAM_2048x12_synth_1: /data2/hmo31799/dune_project/ped_sub/tpg_core/proj/dataflowZCU102/dataflowZCU102/dataflowZCU102.runs/RAM_2048x12_synth_1/runme.log
distRAM_64x12_synth_1: /data2/hmo31799/dune_project/ped_sub/tpg_core/proj/dataflowZCU102/dataflowZCU102/dataflowZCU102.runs/distRAM_64x12_synth_1/runme.log
Median_distRAM_64x12_synth_1: /data2/hmo31799/dune_project/ped_sub/tpg_core/proj/dataflowZCU102/dataflowZCU102/dataflowZCU102.runs/Median_distRAM_64x12_synth_1/runme.log
fir_compiler_0_synth_1: /data2/hmo31799/dune_project/ped_sub/tpg_core/proj/dataflowZCU102/dataflowZCU102/dataflowZCU102.runs/fir_compiler_0_synth_1/runme.log
axis_data_fifo_0_synth_1: /data2/hmo31799/dune_project/ped_sub/tpg_core/proj/dataflowZCU102/dataflowZCU102/dataflowZCU102.runs/axis_data_fifo_0_synth_1/runme.log
address_LUT_synth_1: /data2/hmo31799/dune_project/ped_sub/tpg_core/proj/dataflowZCU102/dataflowZCU102/dataflowZCU102.runs/address_LUT_synth_1/runme.log
gig_ethernet_pcs_pma_basex_156_25_synth_1: /data2/hmo31799/dune_project/ped_sub/tpg_core/proj/dataflowZCU102/dataflowZCU102/dataflowZCU102.runs/gig_ethernet_pcs_pma_basex_156_25_synth_1/runme.log
temac_gbe_v9_0_synth_1: /data2/hmo31799/dune_project/ped_sub/tpg_core/proj/dataflowZCU102/dataflowZCU102/dataflowZCU102.runs/temac_gbe_v9_0_synth_1/runme.log
[Wed Jan 20 12:10:02 2021] Launched synth_1...
Run output will be captured here: /data2/hmo31799/dune_project/ped_sub/tpg_core/proj/dataflowZCU102/dataflowZCU102/dataflowZCU102.runs/synth_1/runme.log
launch_runs: Time (s): cpu = 00:00:18 ; elapsed = 00:00:28 . Memory (MB): peak = 2602.773 ; gain = 112.023 ; free physical = 7425 ; free virtual = 90088
get_runs
synth_1 thFMch_input_fifo_synth_1 fmc0_8chan_9g6_synth_1 fmc0_8chan_9g6_vio_0_synth_1 crif_fifo_synth_1 axis_register_slice_fr_synth_1 RAM_2048x12_synth_1 distRAM_64x12_synth_1 Median_distRAM_64x12_synth_1 fir_compiler_0_synth_1 axis_data_fifo_0_synth_1 address_LUT_synth_1 gig_ethernet_pcs_pma_basex_156_25_synth_1 temac_gbe_v9_0_synth_1 impl_1 thFMch_input_fifo_impl_1 fmc0_8chan_9g6_impl_1 fmc0_8chan_9g6_vio_0_impl_1 crif_fifo_impl_1 axis_register_slice_fr_impl_1 RAM_2048x12_impl_1 distRAM_64x12_impl_1 Median_distRAM_64x12_impl_1 fir_compiler_0_impl_1 axis_data_fifo_0_impl_1 address_LUT_impl_1 gig_ethernet_pcs_pma_basex_156_25_impl_1 temac_gbe_v9_0_impl_1
get_property STATUS [get_runs Median_distRAM_64x12_impl_1]
Not started
get_property NEEDS_REFRESH [get_runs Median_distRAM_64x12_impl_1]
0
get_property PROGRESS [get_runs Median_distRAM_64x12_impl_1]
0%
get_property STATS.ELAPSED [get_runs Median_distRAM_64x12_impl_1]
00:00:00
get_property STATUS [get_runs Median_distRAM_64x12_synth_1]
Queued...
get_property NEEDS_REFRESH [get_runs Median_distRAM_64x12_synth_1]
0
get_property PROGRESS [get_runs Median_distRAM_64x12_synth_1]
0%
get_property STATS.ELAPSED [get_runs Median_distRAM_64x12_synth_1]
00:00:00
get_property STATUS [get_runs RAM_2048x12_impl_1]
Not started
get_property NEEDS_REFRESH [get_runs RAM_2048x12_impl_1]
0
get_property PROGRESS [get_runs RAM_2048x12_impl_1]
0%
get_property STATS.ELAPSED [get_runs RAM_2048x12_impl_1]
00:00:00
get_property STATUS [get_runs RAM_2048x12_synth_1]
Queued...
get_property NEEDS_REFRESH [get_runs RAM_2048x12_synth_1]
0
get_property PROGRESS [get_runs RAM_2048x12_synth_1]
0%
get_property STATS.ELAPSED [get_runs RAM_2048x12_synth_1]
00:00:00
get_property STATUS [get_runs address_LUT_impl_1]
Not started
get_property NEEDS_REFRESH [get_runs address_LUT_impl_1]
0
get_property PROGRESS [get_runs address_LUT_impl_1]
0%
get_property STATS.ELAPSED [get_runs address_LUT_impl_1]
00:00:00
get_property STATUS [get_runs address_LUT_synth_1]
Queued...
get_property NEEDS_REFRESH [get_runs address_LUT_synth_1]
0
get_property PROGRESS [get_runs address_LUT_synth_1]
0%
get_property STATS.ELAPSED [get_runs address_LUT_synth_1]
00:00:00
get_property STATUS [get_runs axis_data_fifo_0_impl_1]
Not started
get_property NEEDS_REFRESH [get_runs axis_data_fifo_0_impl_1]
0
get_property PROGRESS [get_runs axis_data_fifo_0_impl_1]
0%
get_property STATS.ELAPSED [get_runs axis_data_fifo_0_impl_1]
00:00:00
get_property STATUS [get_runs axis_data_fifo_0_synth_1]
Queued...
get_property NEEDS_REFRESH [get_runs axis_data_fifo_0_synth_1]
0
get_property PROGRESS [get_runs axis_data_fifo_0_synth_1]
0%
get_property STATS.ELAPSED [get_runs axis_data_fifo_0_synth_1]
00:00:00
get_property STATUS [get_runs axis_register_slice_fr_impl_1]
Not started
get_property NEEDS_REFRESH [get_runs axis_register_slice_fr_impl_1]
0
get_property PROGRESS [get_runs axis_register_slice_fr_impl_1]
0%
get_property STATS.ELAPSED [get_runs axis_register_slice_fr_impl_1]
00:00:00
get_property STATUS [get_runs axis_register_slice_fr_synth_1]
Queued...
get_property NEEDS_REFRESH [get_runs axis_register_slice_fr_synth_1]
0
get_property PROGRESS [get_runs axis_register_slice_fr_synth_1]
0%
get_property STATS.ELAPSED [get_runs axis_register_slice_fr_synth_1]
00:00:00
get_property STATUS [get_runs crif_fifo_impl_1]
Not started
get_property NEEDS_REFRESH [get_runs crif_fifo_impl_1]
0
get_property PROGRESS [get_runs crif_fifo_impl_1]
0%
get_property STATS.ELAPSED [get_runs crif_fifo_impl_1]
00:00:00
get_property STATUS [get_runs crif_fifo_synth_1]
Queued...
get_property NEEDS_REFRESH [get_runs crif_fifo_synth_1]
0
get_property PROGRESS [get_runs crif_fifo_synth_1]
0%
get_property STATS.ELAPSED [get_runs crif_fifo_synth_1]
00:00:00
get_property STATUS [get_runs distRAM_64x12_impl_1]
Not started
get_property NEEDS_REFRESH [get_runs distRAM_64x12_impl_1]
0
get_property PROGRESS [get_runs distRAM_64x12_impl_1]
0%
get_property STATS.ELAPSED [get_runs distRAM_64x12_impl_1]
00:00:00
get_property STATUS [get_runs distRAM_64x12_synth_1]
Queued...
get_property NEEDS_REFRESH [get_runs distRAM_64x12_synth_1]
0
get_property PROGRESS [get_runs distRAM_64x12_synth_1]
0%
get_property STATS.ELAPSED [get_runs distRAM_64x12_synth_1]
00:00:00
get_property STATUS [get_runs fir_compiler_0_impl_1]
Not started
get_property NEEDS_REFRESH [get_runs fir_compiler_0_impl_1]
0
get_property PROGRESS [get_runs fir_compiler_0_impl_1]
0%
get_property STATS.ELAPSED [get_runs fir_compiler_0_impl_1]
00:00:00
get_property STATUS [get_runs fir_compiler_0_synth_1]
Queued...
get_property NEEDS_REFRESH [get_runs fir_compiler_0_synth_1]
0
get_property PROGRESS [get_runs fir_compiler_0_synth_1]
0%
get_property STATS.ELAPSED [get_runs fir_compiler_0_synth_1]
00:00:00
get_property STATUS [get_runs fmc0_8chan_9g6_impl_1]
Not started
get_property NEEDS_REFRESH [get_runs fmc0_8chan_9g6_impl_1]
0
get_property PROGRESS [get_runs fmc0_8chan_9g6_impl_1]
0%
get_property STATS.ELAPSED [get_runs fmc0_8chan_9g6_impl_1]
00:00:00
get_property STATUS [get_runs fmc0_8chan_9g6_synth_1]
Queued...
get_property NEEDS_REFRESH [get_runs fmc0_8chan_9g6_synth_1]
0
get_property PROGRESS [get_runs fmc0_8chan_9g6_synth_1]
0%
get_property STATS.ELAPSED [get_runs fmc0_8chan_9g6_synth_1]
00:00:00
get_property STATUS [get_runs fmc0_8chan_9g6_vio_0_impl_1]
Not started
get_property NEEDS_REFRESH [get_runs fmc0_8chan_9g6_vio_0_impl_1]
0
get_property PROGRESS [get_runs fmc0_8chan_9g6_vio_0_impl_1]
0%
get_property STATS.ELAPSED [get_runs fmc0_8chan_9g6_vio_0_impl_1]
00:00:00
get_property STATUS [get_runs fmc0_8chan_9g6_vio_0_synth_1]
Queued...
get_property NEEDS_REFRESH [get_runs fmc0_8chan_9g6_vio_0_synth_1]
0
get_property PROGRESS [get_runs fmc0_8chan_9g6_vio_0_synth_1]
0%
get_property STATS.ELAPSED [get_runs fmc0_8chan_9g6_vio_0_synth_1]
00:00:00
get_property STATUS [get_runs gig_ethernet_pcs_pma_basex_156_25_impl_1]
Not started
get_property NEEDS_REFRESH [get_runs gig_ethernet_pcs_pma_basex_156_25_impl_1]
0
get_property PROGRESS [get_runs gig_ethernet_pcs_pma_basex_156_25_impl_1]
0%
get_property STATS.ELAPSED [get_runs gig_ethernet_pcs_pma_basex_156_25_impl_1]
00:00:00
get_property STATUS [get_runs gig_ethernet_pcs_pma_basex_156_25_synth_1]
Queued...
get_property NEEDS_REFRESH [get_runs gig_ethernet_pcs_pma_basex_156_25_synth_1]
0
get_property PROGRESS [get_runs gig_ethernet_pcs_pma_basex_156_25_synth_1]
0%
get_property STATS.ELAPSED [get_runs gig_ethernet_pcs_pma_basex_156_25_synth_1]
00:00:00
get_property STATUS [get_runs impl_1]
Not started
get_property NEEDS_REFRESH [get_runs impl_1]
0
get_property PROGRESS [get_runs impl_1]
0%
get_property STATS.ELAPSED [get_runs impl_1]
00:00:00
get_property STATUS [get_runs synth_1]
Queued...
get_property NEEDS_REFRESH [get_runs synth_1]
0
get_property PROGRESS [get_runs synth_1]
0%
get_property STATS.ELAPSED [get_runs synth_1]
00:00:00
get_property STATUS [get_runs temac_gbe_v9_0_impl_1]
Not started
get_property NEEDS_REFRESH [get_runs temac_gbe_v9_0_impl_1]
0
get_property PROGRESS [get_runs temac_gbe_v9_0_impl_1]
0%
get_property STATS.ELAPSED [get_runs temac_gbe_v9_0_impl_1]
00:00:00
get_property STATUS [get_runs temac_gbe_v9_0_synth_1]
Queued...
get_property NEEDS_REFRESH [get_runs temac_gbe_v9_0_synth_1]
0
get_property PROGRESS [get_runs temac_gbe_v9_0_synth_1]
0%
get_property STATS.ELAPSED [get_runs temac_gbe_v9_0_synth_1]
00:00:00
get_property STATUS [get_runs thFMch_input_fifo_impl_1]
Not started
get_property NEEDS_REFRESH [get_runs thFMch_input_fifo_impl_1]
0
get_property PROGRESS [get_runs thFMch_input_fifo_impl_1]
0%
get_property STATS.ELAPSED [get_runs thFMch_input_fifo_impl_1]
00:00:00
get_property STATUS [get_runs thFMch_input_fifo_synth_1]
Queued...
get_property NEEDS_REFRESH [get_runs thFMch_input_fifo_synth_1]
0
get_property PROGRESS [get_runs thFMch_input_fifo_synth_1]
0%
get_property STATS.ELAPSED [get_runs thFMch_input_fifo_synth_1]
00:00:00
wait_on_run synth_1 -timeout 1
[Wed Jan 20 12:10:02 2021] Waiting for synth_1 to finish (timeout in 1 minute)...
[Wed Jan 20 12:11:02 2021] synth_1 timed out after 1 minute.
wait_on_run: Time (s): cpu = 00:00:00.14 ; elapsed = 00:01:00 . Memory (MB): peak = 2602.773 ; gain = 0.000 ; free physical = 5565 ; free virtual = 88234
get_runs
synth_1 thFMch_input_fifo_synth_1 fmc0_8chan_9g6_synth_1 fmc0_8chan_9g6_vio_0_synth_1 crif_fifo_synth_1 axis_register_slice_fr_synth_1 RAM_2048x12_synth_1 distRAM_64x12_synth_1 Median_distRAM_64x12_synth_1 fir_compiler_0_synth_1 axis_data_fifo_0_synth_1 address_LUT_synth_1 gig_ethernet_pcs_pma_basex_156_25_synth_1 temac_gbe_v9_0_synth_1 impl_1 thFMch_input_fifo_impl_1 fmc0_8chan_9g6_impl_1 fmc0_8chan_9g6_vio_0_impl_1 crif_fifo_impl_1 axis_register_slice_fr_impl_1 RAM_2048x12_impl_1 distRAM_64x12_impl_1 Median_distRAM_64x12_impl_1 fir_compiler_0_impl_1 axis_data_fifo_0_impl_1 address_LUT_impl_1 gig_ethernet_pcs_pma_basex_156_25_impl_1 temac_gbe_v9_0_impl_1
get_property STATUS [get_runs Median_distRAM_64x12_impl_1]
Not started
get_property NEEDS_REFRESH [get_runs Median_distRAM_64x12_impl_1]
0
get_property PROGRESS [get_runs Median_distRAM_64x12_impl_1]
0%
get_property STATS.ELAPSED [get_runs Median_distRAM_64x12_impl_1]
00:00:00
get_property STATUS [get_runs Median_distRAM_64x12_synth_1]
Queued...
get_property NEEDS_REFRESH [get_runs Median_distRAM_64x12_synth_1]
0
get_property PROGRESS [get_runs Median_distRAM_64x12_synth_1]
0%
get_property STATS.ELAPSED [get_runs Median_distRAM_64x12_synth_1]
00:00:00
get_property STATUS [get_runs RAM_2048x12_impl_1]
Not started
get_property NEEDS_REFRESH [get_runs RAM_2048x12_impl_1]
0
get_property PROGRESS [get_runs RAM_2048x12_impl_1]
0%
get_property STATS.ELAPSED [get_runs RAM_2048x12_impl_1]
00:00:00
get_property STATUS [get_runs RAM_2048x12_synth_1]
Queued...
get_property NEEDS_REFRESH [get_runs RAM_2048x12_synth_1]
0
get_property PROGRESS [get_runs RAM_2048x12_synth_1]
0%
get_property STATS.ELAPSED [get_runs RAM_2048x12_synth_1]
00:00:00
get_property STATUS [get_runs address_LUT_impl_1]
Not started
get_property NEEDS_REFRESH [get_runs address_LUT_impl_1]
0
get_property PROGRESS [get_runs address_LUT_impl_1]
0%
get_property STATS.ELAPSED [get_runs address_LUT_impl_1]
00:00:00
get_property STATUS [get_runs address_LUT_synth_1]
Queued...
get_property NEEDS_REFRESH [get_runs address_LUT_synth_1]
0
get_property PROGRESS [get_runs address_LUT_synth_1]
0%
get_property STATS.ELAPSED [get_runs address_LUT_synth_1]
00:00:00
get_property STATUS [get_runs axis_data_fifo_0_impl_1]
Not started
get_property NEEDS_REFRESH [get_runs axis_data_fifo_0_impl_1]
0
get_property PROGRESS [get_runs axis_data_fifo_0_impl_1]
0%
get_property STATS.ELAPSED [get_runs axis_data_fifo_0_impl_1]
00:00:00
get_property STATUS [get_runs axis_data_fifo_0_synth_1]
Queued...
get_property NEEDS_REFRESH [get_runs axis_data_fifo_0_synth_1]
0
get_property PROGRESS [get_runs axis_data_fifo_0_synth_1]
0%
get_property STATS.ELAPSED [get_runs axis_data_fifo_0_synth_1]
00:00:00
get_property STATUS [get_runs axis_register_slice_fr_impl_1]
Not started
get_property NEEDS_REFRESH [get_runs axis_register_slice_fr_impl_1]
0
get_property PROGRESS [get_runs axis_register_slice_fr_impl_1]
0%
get_property STATS.ELAPSED [get_runs axis_register_slice_fr_impl_1]
00:00:00
get_property STATUS [get_runs axis_register_slice_fr_synth_1]
Queued...
get_property NEEDS_REFRESH [get_runs axis_register_slice_fr_synth_1]
0
get_property PROGRESS [get_runs axis_register_slice_fr_synth_1]
0%
get_property STATS.ELAPSED [get_runs axis_register_slice_fr_synth_1]
00:00:00
get_property STATUS [get_runs crif_fifo_impl_1]
Not started
get_property NEEDS_REFRESH [get_runs crif_fifo_impl_1]
0
get_property PROGRESS [get_runs crif_fifo_impl_1]
0%
get_property STATS.ELAPSED [get_runs crif_fifo_impl_1]
00:00:00
get_property STATUS [get_runs crif_fifo_synth_1]
Running synth_design...
get_property NEEDS_REFRESH [get_runs crif_fifo_synth_1]
0
get_property PROGRESS [get_runs crif_fifo_synth_1]
0%
get_property STATS.ELAPSED [get_runs crif_fifo_synth_1]
00:00:29
get_property STATUS [get_runs distRAM_64x12_impl_1]
Not started
get_property NEEDS_REFRESH [get_runs distRAM_64x12_impl_1]
0
get_property PROGRESS [get_runs distRAM_64x12_impl_1]
0%
get_property STATS.ELAPSED [get_runs distRAM_64x12_impl_1]
00:00:00
get_property STATUS [get_runs distRAM_64x12_synth_1]
Queued...
get_property NEEDS_REFRESH [get_runs distRAM_64x12_synth_1]
0
get_property PROGRESS [get_runs distRAM_64x12_synth_1]
0%
get_property STATS.ELAPSED [get_runs distRAM_64x12_synth_1]
00:00:00
get_property STATUS [get_runs fir_compiler_0_impl_1]
Not started
get_property NEEDS_REFRESH [get_runs fir_compiler_0_impl_1]
0
get_property PROGRESS [get_runs fir_compiler_0_impl_1]
0%
get_property STATS.ELAPSED [get_runs fir_compiler_0_impl_1]
00:00:00
get_property STATUS [get_runs fir_compiler_0_synth_1]
Queued...
get_property NEEDS_REFRESH [get_runs fir_compiler_0_synth_1]
0
get_property PROGRESS [get_runs fir_compiler_0_synth_1]
0%
get_property STATS.ELAPSED [get_runs fir_compiler_0_synth_1]
00:00:00
get_property STATUS [get_runs fmc0_8chan_9g6_impl_1]
Not started
get_property NEEDS_REFRESH [get_runs fmc0_8chan_9g6_impl_1]
0
get_property PROGRESS [get_runs fmc0_8chan_9g6_impl_1]
0%
get_property STATS.ELAPSED [get_runs fmc0_8chan_9g6_impl_1]
00:00:00
get_property STATUS [get_runs fmc0_8chan_9g6_synth_1]
Running synth_design...
get_property NEEDS_REFRESH [get_runs fmc0_8chan_9g6_synth_1]
0
get_property PROGRESS [get_runs fmc0_8chan_9g6_synth_1]
0%
get_property STATS.ELAPSED [get_runs fmc0_8chan_9g6_synth_1]
00:00:35
get_property STATUS [get_runs fmc0_8chan_9g6_vio_0_impl_1]
Not started
get_property NEEDS_REFRESH [get_runs fmc0_8chan_9g6_vio_0_impl_1]
0
get_property PROGRESS [get_runs fmc0_8chan_9g6_vio_0_impl_1]
0%
get_property STATS.ELAPSED [get_runs fmc0_8chan_9g6_vio_0_impl_1]
00:00:00
get_property STATUS [get_runs fmc0_8chan_9g6_vio_0_synth_1]
Running synth_design...
get_property NEEDS_REFRESH [get_runs fmc0_8chan_9g6_vio_0_synth_1]
0
get_property PROGRESS [get_runs fmc0_8chan_9g6_vio_0_synth_1]
0%
get_property STATS.ELAPSED [get_runs fmc0_8chan_9g6_vio_0_synth_1]
00:00:41
get_property STATUS [get_runs gig_ethernet_pcs_pma_basex_156_25_impl_1]
Not started
get_property NEEDS_REFRESH [get_runs gig_ethernet_pcs_pma_basex_156_25_impl_1]
0
get_property PROGRESS [get_runs gig_ethernet_pcs_pma_basex_156_25_impl_1]
0%
get_property STATS.ELAPSED [get_runs gig_ethernet_pcs_pma_basex_156_25_impl_1]
00:00:00
get_property STATUS [get_runs gig_ethernet_pcs_pma_basex_156_25_synth_1]
Queued...
get_property NEEDS_REFRESH [get_runs gig_ethernet_pcs_pma_basex_156_25_synth_1]
0
get_property PROGRESS [get_runs gig_ethernet_pcs_pma_basex_156_25_synth_1]
0%
get_property STATS.ELAPSED [get_runs gig_ethernet_pcs_pma_basex_156_25_synth_1]
00:00:00
get_property STATUS [get_runs impl_1]
Not started
get_property NEEDS_REFRESH [get_runs impl_1]
0
get_property PROGRESS [get_runs impl_1]
0%
get_property STATS.ELAPSED [get_runs impl_1]
00:00:00
get_property STATUS [get_runs synth_1]
Queued...
get_property NEEDS_REFRESH [get_runs synth_1]
0
get_property PROGRESS [get_runs synth_1]
0%
get_property STATS.ELAPSED [get_runs synth_1]
00:00:00
get_property STATUS [get_runs temac_gbe_v9_0_impl_1]
Not started
get_property NEEDS_REFRESH [get_runs temac_gbe_v9_0_impl_1]
0
get_property PROGRESS [get_runs temac_gbe_v9_0_impl_1]
0%
get_property STATS.ELAPSED [get_runs temac_gbe_v9_0_impl_1]
00:00:00
get_property STATUS [get_runs temac_gbe_v9_0_synth_1]
Queued...
get_property NEEDS_REFRESH [get_runs temac_gbe_v9_0_synth_1]
0
get_property PROGRESS [get_runs temac_gbe_v9_0_synth_1]
0%
get_property STATS.ELAPSED [get_runs temac_gbe_v9_0_synth_1]
00:00:00
get_property STATUS [get_runs thFMch_input_fifo_impl_1]
Not started
get_property NEEDS_REFRESH [get_runs thFMch_input_fifo_impl_1]
0
get_property PROGRESS [get_runs thFMch_input_fifo_impl_1]
0%
get_property STATS.ELAPSED [get_runs thFMch_input_fifo_impl_1]
00:00:00
get_property STATUS [get_runs thFMch_input_fifo_synth_1]
Running synth_design...
get_property NEEDS_REFRESH [get_runs thFMch_input_fifo_synth_1]
0
get_property PROGRESS [get_runs thFMch_input_fifo_synth_1]
0%
get_property STATS.ELAPSED [get_runs thFMch_input_fifo_synth_1]
00:00:30
wait_on_run synth_1 -timeout 1
[Wed Jan 20 12:11:02 2021] Waiting for synth_1 to finish (timeout in 1 minute)...
[Wed Jan 20 12:12:02 2021] synth_1 timed out after 1 minute.
wait_on_run: Time (s): cpu = 00:00:00.10 ; elapsed = 00:01:00 . Memory (MB): peak = 2602.773 ; gain = 0.000 ; free physical = 4578 ; free virtual = 87261
get_runs
synth_1 thFMch_input_fifo_synth_1 fmc0_8chan_9g6_synth_1 fmc0_8chan_9g6_vio_0_synth_1 crif_fifo_synth_1 axis_register_slice_fr_synth_1 RAM_2048x12_synth_1 distRAM_64x12_synth_1 Median_distRAM_64x12_synth_1 fir_compiler_0_synth_1 axis_data_fifo_0_synth_1 address_LUT_synth_1 gig_ethernet_pcs_pma_basex_156_25_synth_1 temac_gbe_v9_0_synth_1 impl_1 thFMch_input_fifo_impl_1 fmc0_8chan_9g6_impl_1 fmc0_8chan_9g6_vio_0_impl_1 crif_fifo_impl_1 axis_register_slice_fr_impl_1 RAM_2048x12_impl_1 distRAM_64x12_impl_1 Median_distRAM_64x12_impl_1 fir_compiler_0_impl_1 axis_data_fifo_0_impl_1 address_LUT_impl_1 gig_ethernet_pcs_pma_basex_156_25_impl_1 temac_gbe_v9_0_impl_1
get_property STATUS [get_runs Median_distRAM_64x12_impl_1]
Not started
get_property NEEDS_REFRESH [get_runs Median_distRAM_64x12_impl_1]
0
get_property PROGRESS [get_runs Median_distRAM_64x12_impl_1]
0%
get_property STATS.ELAPSED [get_runs Median_distRAM_64x12_impl_1]
00:00:00
get_property STATUS [get_runs Median_distRAM_64x12_synth_1]
Queued...
get_property NEEDS_REFRESH [get_runs Median_distRAM_64x12_synth_1]
0
get_property PROGRESS [get_runs Median_distRAM_64x12_synth_1]
0%
get_property STATS.ELAPSED [get_runs Median_distRAM_64x12_synth_1]
00:00:00
get_property STATUS [get_runs RAM_2048x12_impl_1]
Not started
get_property NEEDS_REFRESH [get_runs RAM_2048x12_impl_1]
0
get_property PROGRESS [get_runs RAM_2048x12_impl_1]
0%
get_property STATS.ELAPSED [get_runs RAM_2048x12_impl_1]
00:00:00
get_property STATUS [get_runs RAM_2048x12_synth_1]
Queued...
get_property NEEDS_REFRESH [get_runs RAM_2048x12_synth_1]
0
get_property PROGRESS [get_runs RAM_2048x12_synth_1]
0%
get_property STATS.ELAPSED [get_runs RAM_2048x12_synth_1]
00:00:00
get_property STATUS [get_runs address_LUT_impl_1]
Not started
get_property NEEDS_REFRESH [get_runs address_LUT_impl_1]
0
get_property PROGRESS [get_runs address_LUT_impl_1]
0%
get_property STATS.ELAPSED [get_runs address_LUT_impl_1]
00:00:00
get_property STATUS [get_runs address_LUT_synth_1]
Queued...
get_property NEEDS_REFRESH [get_runs address_LUT_synth_1]
0
get_property PROGRESS [get_runs address_LUT_synth_1]
0%
get_property STATS.ELAPSED [get_runs address_LUT_synth_1]
00:00:00
get_property STATUS [get_runs axis_data_fifo_0_impl_1]
Not started
get_property NEEDS_REFRESH [get_runs axis_data_fifo_0_impl_1]
0
get_property PROGRESS [get_runs axis_data_fifo_0_impl_1]
0%
get_property STATS.ELAPSED [get_runs axis_data_fifo_0_impl_1]
00:00:00
get_property STATUS [get_runs axis_data_fifo_0_synth_1]
Queued...
get_property NEEDS_REFRESH [get_runs axis_data_fifo_0_synth_1]
0
get_property PROGRESS [get_runs axis_data_fifo_0_synth_1]
0%
get_property STATS.ELAPSED [get_runs axis_data_fifo_0_synth_1]
00:00:00
get_property STATUS [get_runs axis_register_slice_fr_impl_1]
Not started
get_property NEEDS_REFRESH [get_runs axis_register_slice_fr_impl_1]
0
get_property PROGRESS [get_runs axis_register_slice_fr_impl_1]
0%
get_property STATS.ELAPSED [get_runs axis_register_slice_fr_impl_1]
00:00:00
get_property STATUS [get_runs axis_register_slice_fr_synth_1]
Queued...
get_property NEEDS_REFRESH [get_runs axis_register_slice_fr_synth_1]
0
get_property PROGRESS [get_runs axis_register_slice_fr_synth_1]
0%
get_property STATS.ELAPSED [get_runs axis_register_slice_fr_synth_1]
00:00:00
get_property STATUS [get_runs crif_fifo_impl_1]
Not started
get_property NEEDS_REFRESH [get_runs crif_fifo_impl_1]
0
get_property PROGRESS [get_runs crif_fifo_impl_1]
0%
get_property STATS.ELAPSED [get_runs crif_fifo_impl_1]
00:00:00
get_property STATUS [get_runs crif_fifo_synth_1]
Running synth_design...
get_property NEEDS_REFRESH [get_runs crif_fifo_synth_1]
0
get_property PROGRESS [get_runs crif_fifo_synth_1]
0%
get_property STATS.ELAPSED [get_runs crif_fifo_synth_1]
00:01:07
get_property STATUS [get_runs distRAM_64x12_impl_1]
Not started
get_property NEEDS_REFRESH [get_runs distRAM_64x12_impl_1]
0
get_property PROGRESS [get_runs distRAM_64x12_impl_1]
0%
get_property STATS.ELAPSED [get_runs distRAM_64x12_impl_1]
00:00:00
get_property STATUS [get_runs distRAM_64x12_synth_1]
Queued...
get_property NEEDS_REFRESH [get_runs distRAM_64x12_synth_1]
0
get_property PROGRESS [get_runs distRAM_64x12_synth_1]
0%
get_property STATS.ELAPSED [get_runs distRAM_64x12_synth_1]
00:00:00
get_property STATUS [get_runs fir_compiler_0_impl_1]
Not started
get_property NEEDS_REFRESH [get_runs fir_compiler_0_impl_1]
0
get_property PROGRESS [get_runs fir_compiler_0_impl_1]
0%
get_property STATS.ELAPSED [get_runs fir_compiler_0_impl_1]
00:00:00
get_property STATUS [get_runs fir_compiler_0_synth_1]
Queued...
get_property NEEDS_REFRESH [get_runs fir_compiler_0_synth_1]
0
get_property PROGRESS [get_runs fir_compiler_0_synth_1]
0%
get_property STATS.ELAPSED [get_runs fir_compiler_0_synth_1]
00:00:00
get_property STATUS [get_runs fmc0_8chan_9g6_impl_1]
Not started
get_property NEEDS_REFRESH [get_runs fmc0_8chan_9g6_impl_1]
0
get_property PROGRESS [get_runs fmc0_8chan_9g6_impl_1]
0%
get_property STATS.ELAPSED [get_runs fmc0_8chan_9g6_impl_1]
00:00:00
get_property STATUS [get_runs fmc0_8chan_9g6_synth_1]
Running synth_design...
get_property NEEDS_REFRESH [get_runs fmc0_8chan_9g6_synth_1]
0
get_property PROGRESS [get_runs fmc0_8chan_9g6_synth_1]
0%
get_property STATS.ELAPSED [get_runs fmc0_8chan_9g6_synth_1]
00:01:35
get_property STATUS [get_runs fmc0_8chan_9g6_vio_0_impl_1]
Not started
get_property NEEDS_REFRESH [get_runs fmc0_8chan_9g6_vio_0_impl_1]
0
get_property PROGRESS [get_runs fmc0_8chan_9g6_vio_0_impl_1]
0%
get_property STATS.ELAPSED [get_runs fmc0_8chan_9g6_vio_0_impl_1]
00:00:00
get_property STATUS [get_runs fmc0_8chan_9g6_vio_0_synth_1]
Running synth_design...
get_property NEEDS_REFRESH [get_runs fmc0_8chan_9g6_vio_0_synth_1]
0
get_property PROGRESS [get_runs fmc0_8chan_9g6_vio_0_synth_1]
0%
get_property STATS.ELAPSED [get_runs fmc0_8chan_9g6_vio_0_synth_1]
00:01:45
get_property STATUS [get_runs gig_ethernet_pcs_pma_basex_156_25_impl_1]
Not started
get_property NEEDS_REFRESH [get_runs gig_ethernet_pcs_pma_basex_156_25_impl_1]
0
get_property PROGRESS [get_runs gig_ethernet_pcs_pma_basex_156_25_impl_1]
0%
get_property STATS.ELAPSED [get_runs gig_ethernet_pcs_pma_basex_156_25_impl_1]
00:00:00
get_property STATUS [get_runs gig_ethernet_pcs_pma_basex_156_25_synth_1]
Queued...
get_property NEEDS_REFRESH [get_runs gig_ethernet_pcs_pma_basex_156_25_synth_1]
0
get_property PROGRESS [get_runs gig_ethernet_pcs_pma_basex_156_25_synth_1]
0%
get_property STATS.ELAPSED [get_runs gig_ethernet_pcs_pma_basex_156_25_synth_1]
00:00:00
get_property STATUS [get_runs impl_1]
Not started
get_property NEEDS_REFRESH [get_runs impl_1]
0
get_property PROGRESS [get_runs impl_1]
0%
get_property STATS.ELAPSED [get_runs impl_1]
00:00:00
get_property STATUS [get_runs synth_1]
Queued...
get_property NEEDS_REFRESH [get_runs synth_1]
0
get_property PROGRESS [get_runs synth_1]
0%
get_property STATS.ELAPSED [get_runs synth_1]
00:00:00
get_property STATUS [get_runs temac_gbe_v9_0_impl_1]
Not started
get_property NEEDS_REFRESH [get_runs temac_gbe_v9_0_impl_1]
0
get_property PROGRESS [get_runs temac_gbe_v9_0_impl_1]
0%
get_property STATS.ELAPSED [get_runs temac_gbe_v9_0_impl_1]
00:00:00
get_property STATUS [get_runs temac_gbe_v9_0_synth_1]
Queued...
get_property NEEDS_REFRESH [get_runs temac_gbe_v9_0_synth_1]
0
get_property PROGRESS [get_runs temac_gbe_v9_0_synth_1]
0%
get_property STATS.ELAPSED [get_runs temac_gbe_v9_0_synth_1]
00:00:00
get_property STATUS [get_runs thFMch_input_fifo_impl_1]
Not started
get_property NEEDS_REFRESH [get_runs thFMch_input_fifo_impl_1]
0
get_property PROGRESS [get_runs thFMch_input_fifo_impl_1]
0%
get_property STATS.ELAPSED [get_runs thFMch_input_fifo_impl_1]
00:00:00
get_property STATUS [get_runs thFMch_input_fifo_synth_1]
Running synth_design...
get_property NEEDS_REFRESH [get_runs thFMch_input_fifo_synth_1]
0
get_property PROGRESS [get_runs thFMch_input_fifo_synth_1]
0%
get_property STATS.ELAPSED [get_runs thFMch_input_fifo_synth_1]
00:01:07
wait_on_run synth_1 -timeout 1
[Wed Jan 20 12:12:03 2021] Waiting for synth_1 to finish (timeout in 1 minute)...
[Wed Jan 20 12:13:03 2021] synth_1 timed out after 1 minute.
wait_on_run: Time (s): cpu = 00:00:00.09 ; elapsed = 00:01:00 . Memory (MB): peak = 2602.773 ; gain = 0.000 ; free physical = 3909 ; free virtual = 86609
get_runs
synth_1 thFMch_input_fifo_synth_1 fmc0_8chan_9g6_synth_1 fmc0_8chan_9g6_vio_0_synth_1 crif_fifo_synth_1 axis_register_slice_fr_synth_1 RAM_2048x12_synth_1 distRAM_64x12_synth_1 Median_distRAM_64x12_synth_1 fir_compiler_0_synth_1 axis_data_fifo_0_synth_1 address_LUT_synth_1 gig_ethernet_pcs_pma_basex_156_25_synth_1 temac_gbe_v9_0_synth_1 impl_1 thFMch_input_fifo_impl_1 fmc0_8chan_9g6_impl_1 fmc0_8chan_9g6_vio_0_impl_1 crif_fifo_impl_1 axis_register_slice_fr_impl_1 RAM_2048x12_impl_1 distRAM_64x12_impl_1 Median_distRAM_64x12_impl_1 fir_compiler_0_impl_1 axis_data_fifo_0_impl_1 address_LUT_impl_1 gig_ethernet_pcs_pma_basex_156_25_impl_1 temac_gbe_v9_0_impl_1
get_property STATUS [get_runs Median_distRAM_64x12_impl_1]
Not started
get_property NEEDS_REFRESH [get_runs Median_distRAM_64x12_impl_1]
0
get_property PROGRESS [get_runs Median_distRAM_64x12_impl_1]
0%
get_property STATS.ELAPSED [get_runs Median_distRAM_64x12_impl_1]
00:00:00
get_property STATUS [get_runs Median_distRAM_64x12_synth_1]
Queued...
get_property NEEDS_REFRESH [get_runs Median_distRAM_64x12_synth_1]
0
get_property PROGRESS [get_runs Median_distRAM_64x12_synth_1]
0%
get_property STATS.ELAPSED [get_runs Median_distRAM_64x12_synth_1]
00:00:00
get_property STATUS [get_runs RAM_2048x12_impl_1]
Not started
get_property NEEDS_REFRESH [get_runs RAM_2048x12_impl_1]
0
get_property PROGRESS [get_runs RAM_2048x12_impl_1]
0%
get_property STATS.ELAPSED [get_runs RAM_2048x12_impl_1]
00:00:00
get_property STATUS [get_runs RAM_2048x12_synth_1]
Queued...
get_property NEEDS_REFRESH [get_runs RAM_2048x12_synth_1]
0
get_property PROGRESS [get_runs RAM_2048x12_synth_1]
0%
get_property STATS.ELAPSED [get_runs RAM_2048x12_synth_1]
00:00:00
get_property STATUS [get_runs address_LUT_impl_1]
Not started
get_property NEEDS_REFRESH [get_runs address_LUT_impl_1]
0
get_property PROGRESS [get_runs address_LUT_impl_1]
0%
get_property STATS.ELAPSED [get_runs address_LUT_impl_1]
00:00:00
get_property STATUS [get_runs address_LUT_synth_1]
Queued...
get_property NEEDS_REFRESH [get_runs address_LUT_synth_1]
0
get_property PROGRESS [get_runs address_LUT_synth_1]
0%
get_property STATS.ELAPSED [get_runs address_LUT_synth_1]
00:00:00
get_property STATUS [get_runs axis_data_fifo_0_impl_1]
Not started
get_property NEEDS_REFRESH [get_runs axis_data_fifo_0_impl_1]
0
get_property PROGRESS [get_runs axis_data_fifo_0_impl_1]
0%
get_property STATS.ELAPSED [get_runs axis_data_fifo_0_impl_1]
00:00:00
get_property STATUS [get_runs axis_data_fifo_0_synth_1]
Queued...
get_property NEEDS_REFRESH [get_runs axis_data_fifo_0_synth_1]
0
get_property PROGRESS [get_runs axis_data_fifo_0_synth_1]
0%
get_property STATS.ELAPSED [get_runs axis_data_fifo_0_synth_1]
00:00:00
get_property STATUS [get_runs axis_register_slice_fr_impl_1]
Not started
get_property NEEDS_REFRESH [get_runs axis_register_slice_fr_impl_1]
0
get_property PROGRESS [get_runs axis_register_slice_fr_impl_1]
0%
get_property STATS.ELAPSED [get_runs axis_register_slice_fr_impl_1]
00:00:00
get_property STATUS [get_runs axis_register_slice_fr_synth_1]
Queued...
get_property NEEDS_REFRESH [get_runs axis_register_slice_fr_synth_1]
0
get_property PROGRESS [get_runs axis_register_slice_fr_synth_1]
0%
get_property STATS.ELAPSED [get_runs axis_register_slice_fr_synth_1]
00:00:00
get_property STATUS [get_runs crif_fifo_impl_1]
Not started
get_property NEEDS_REFRESH [get_runs crif_fifo_impl_1]
0
get_property PROGRESS [get_runs crif_fifo_impl_1]
0%
get_property STATS.ELAPSED [get_runs crif_fifo_impl_1]
00:00:00
get_property STATUS [get_runs crif_fifo_synth_1]
Running synth_design...
get_property NEEDS_REFRESH [get_runs crif_fifo_synth_1]
0
get_property PROGRESS [get_runs crif_fifo_synth_1]
0%
get_property STATS.ELAPSED [get_runs crif_fifo_synth_1]
00:02:57
get_property STATUS [get_runs distRAM_64x12_impl_1]
Not started
get_property NEEDS_REFRESH [get_runs distRAM_64x12_impl_1]
0
get_property PROGRESS [get_runs distRAM_64x12_impl_1]
0%
get_property STATS.ELAPSED [get_runs distRAM_64x12_impl_1]
00:00:00
get_property STATUS [get_runs distRAM_64x12_synth_1]
Queued...
get_property NEEDS_REFRESH [get_runs distRAM_64x12_synth_1]
0
get_property PROGRESS [get_runs distRAM_64x12_synth_1]
0%
get_property STATS.ELAPSED [get_runs distRAM_64x12_synth_1]
00:00:00
get_property STATUS [get_runs fir_compiler_0_impl_1]
Not started
get_property NEEDS_REFRESH [get_runs fir_compiler_0_impl_1]
0
get_property PROGRESS [get_runs fir_compiler_0_impl_1]
0%
get_property STATS.ELAPSED [get_runs fir_compiler_0_impl_1]
00:00:00
get_property STATUS [get_runs fir_compiler_0_synth_1]
Queued...
get_property NEEDS_REFRESH [get_runs fir_compiler_0_synth_1]
0
get_property PROGRESS [get_runs fir_compiler_0_synth_1]
0%
get_property STATS.ELAPSED [get_runs fir_compiler_0_synth_1]
00:00:00
get_property STATUS [get_runs fmc0_8chan_9g6_impl_1]
Not started
get_property NEEDS_REFRESH [get_runs fmc0_8chan_9g6_impl_1]
0
get_property PROGRESS [get_runs fmc0_8chan_9g6_impl_1]
0%
get_property STATS.ELAPSED [get_runs fmc0_8chan_9g6_impl_1]
00:00:00
get_property STATUS [get_runs fmc0_8chan_9g6_synth_1]
Running synth_design...
get_property NEEDS_REFRESH [get_runs fmc0_8chan_9g6_synth_1]
0
get_property PROGRESS [get_runs fmc0_8chan_9g6_synth_1]
0%
get_property STATS.ELAPSED [get_runs fmc0_8chan_9g6_synth_1]
00:02:40
get_property STATUS [get_runs fmc0_8chan_9g6_vio_0_impl_1]
Not started
get_property NEEDS_REFRESH [get_runs fmc0_8chan_9g6_vio_0_impl_1]
0
get_property PROGRESS [get_runs fmc0_8chan_9g6_vio_0_impl_1]
0%
get_property STATS.ELAPSED [get_runs fmc0_8chan_9g6_vio_0_impl_1]
00:00:00
get_property STATUS [get_runs fmc0_8chan_9g6_vio_0_synth_1]
Running synth_design...
get_property NEEDS_REFRESH [get_runs fmc0_8chan_9g6_vio_0_synth_1]
0
get_property PROGRESS [get_runs fmc0_8chan_9g6_vio_0_synth_1]
0%
get_property STATS.ELAPSED [get_runs fmc0_8chan_9g6_vio_0_synth_1]
00:01:45
get_property STATUS [get_runs gig_ethernet_pcs_pma_basex_156_25_impl_1]
Not started
get_property NEEDS_REFRESH [get_runs gig_ethernet_pcs_pma_basex_156_25_impl_1]
0
get_property PROGRESS [get_runs gig_ethernet_pcs_pma_basex_156_25_impl_1]
0%
get_property STATS.ELAPSED [get_runs gig_ethernet_pcs_pma_basex_156_25_impl_1]
00:00:00
get_property STATUS [get_runs gig_ethernet_pcs_pma_basex_156_25_synth_1]
Queued...
get_property NEEDS_REFRESH [get_runs gig_ethernet_pcs_pma_basex_156_25_synth_1]
0
get_property PROGRESS [get_runs gig_ethernet_pcs_pma_basex_156_25_synth_1]
0%
get_property STATS.ELAPSED [get_runs gig_ethernet_pcs_pma_basex_156_25_synth_1]
00:00:00
get_property STATUS [get_runs impl_1]
Not started
get_property NEEDS_REFRESH [get_runs impl_1]
0
get_property PROGRESS [get_runs impl_1]
0%
get_property STATS.ELAPSED [get_runs impl_1]
00:00:00
get_property STATUS [get_runs synth_1]
Queued...
get_property NEEDS_REFRESH [get_runs synth_1]
0
get_property PROGRESS [get_runs synth_1]
0%
get_property STATS.ELAPSED [get_runs synth_1]
00:00:00
get_property STATUS [get_runs temac_gbe_v9_0_impl_1]
Not started
get_property NEEDS_REFRESH [get_runs temac_gbe_v9_0_impl_1]
0
get_property PROGRESS [get_runs temac_gbe_v9_0_impl_1]
0%
get_property STATS.ELAPSED [get_runs temac_gbe_v9_0_impl_1]
00:00:00
get_property STATUS [get_runs temac_gbe_v9_0_synth_1]
Queued...
get_property NEEDS_REFRESH [get_runs temac_gbe_v9_0_synth_1]
0
get_property PROGRESS [get_runs temac_gbe_v9_0_synth_1]
0%
get_property STATS.ELAPSED [get_runs temac_gbe_v9_0_synth_1]
00:00:00
get_property STATUS [get_runs thFMch_input_fifo_impl_1]
Not started
get_property NEEDS_REFRESH [get_runs thFMch_input_fifo_impl_1]
0
get_property PROGRESS [get_runs thFMch_input_fifo_impl_1]
0%
get_property STATS.ELAPSED [get_runs thFMch_input_fifo_impl_1]
00:00:00
get_property STATUS [get_runs thFMch_input_fifo_synth_1]
Running synth_design...
get_property NEEDS_REFRESH [get_runs thFMch_input_fifo_synth_1]
0
get_property PROGRESS [get_runs thFMch_input_fifo_synth_1]
0%
get_property STATS.ELAPSED [get_runs thFMch_input_fifo_synth_1]
00:02:57
wait_on_run synth_1 -timeout 1
[Wed Jan 20 12:13:03 2021] Waiting for synth_1 to finish (timeout in 1 minute)...
[Wed Jan 20 12:14:03 2021] synth_1 timed out after 1 minute.
wait_on_run: Time (s): cpu = 00:00:00.18 ; elapsed = 00:01:00 . Memory (MB): peak = 2602.773 ; gain = 0.000 ; free physical = 3852 ; free virtual = 86606
get_runs
synth_1 thFMch_input_fifo_synth_1 fmc0_8chan_9g6_synth_1 fmc0_8chan_9g6_vio_0_synth_1 crif_fifo_synth_1 axis_register_slice_fr_synth_1 RAM_2048x12_synth_1 distRAM_64x12_synth_1 Median_distRAM_64x12_synth_1 fir_compiler_0_synth_1 axis_data_fifo_0_synth_1 address_LUT_synth_1 gig_ethernet_pcs_pma_basex_156_25_synth_1 temac_gbe_v9_0_synth_1 impl_1 thFMch_input_fifo_impl_1 fmc0_8chan_9g6_impl_1 fmc0_8chan_9g6_vio_0_impl_1 crif_fifo_impl_1 axis_register_slice_fr_impl_1 RAM_2048x12_impl_1 distRAM_64x12_impl_1 Median_distRAM_64x12_impl_1 fir_compiler_0_impl_1 axis_data_fifo_0_impl_1 address_LUT_impl_1 gig_ethernet_pcs_pma_basex_156_25_impl_1 temac_gbe_v9_0_impl_1
get_property STATUS [get_runs Median_distRAM_64x12_impl_1]
Not started
get_property NEEDS_REFRESH [get_runs Median_distRAM_64x12_impl_1]
0
get_property PROGRESS [get_runs Median_distRAM_64x12_impl_1]
0%
get_property STATS.ELAPSED [get_runs Median_distRAM_64x12_impl_1]
00:00:00
get_property STATUS [get_runs Median_distRAM_64x12_synth_1]
Queued...
get_property NEEDS_REFRESH [get_runs Median_distRAM_64x12_synth_1]
0
get_property PROGRESS [get_runs Median_distRAM_64x12_synth_1]
0%
get_property STATS.ELAPSED [get_runs Median_distRAM_64x12_synth_1]
00:00:00
get_property STATUS [get_runs RAM_2048x12_impl_1]
Not started
get_property NEEDS_REFRESH [get_runs RAM_2048x12_impl_1]
0
get_property PROGRESS [get_runs RAM_2048x12_impl_1]
0%
get_property STATS.ELAPSED [get_runs RAM_2048x12_impl_1]
00:00:00
get_property STATUS [get_runs RAM_2048x12_synth_1]
Queued...
get_property NEEDS_REFRESH [get_runs RAM_2048x12_synth_1]
0
get_property PROGRESS [get_runs RAM_2048x12_synth_1]
0%
get_property STATS.ELAPSED [get_runs RAM_2048x12_synth_1]
00:00:00
get_property STATUS [get_runs address_LUT_impl_1]
Not started
get_property NEEDS_REFRESH [get_runs address_LUT_impl_1]
0
get_property PROGRESS [get_runs address_LUT_impl_1]
0%
get_property STATS.ELAPSED [get_runs address_LUT_impl_1]
00:00:00
get_property STATUS [get_runs address_LUT_synth_1]
Queued...
get_property NEEDS_REFRESH [get_runs address_LUT_synth_1]
0
get_property PROGRESS [get_runs address_LUT_synth_1]
0%
get_property STATS.ELAPSED [get_runs address_LUT_synth_1]
00:00:00
get_property STATUS [get_runs axis_data_fifo_0_impl_1]
Not started
get_property NEEDS_REFRESH [get_runs axis_data_fifo_0_impl_1]
0
get_property PROGRESS [get_runs axis_data_fifo_0_impl_1]
0%
get_property STATS.ELAPSED [get_runs axis_data_fifo_0_impl_1]
00:00:00
get_property STATUS [get_runs axis_data_fifo_0_synth_1]
Queued...
get_property NEEDS_REFRESH [get_runs axis_data_fifo_0_synth_1]
0
get_property PROGRESS [get_runs axis_data_fifo_0_synth_1]
0%
get_property STATS.ELAPSED [get_runs axis_data_fifo_0_synth_1]
00:00:00
get_property STATUS [get_runs axis_register_slice_fr_impl_1]
Not started
get_property NEEDS_REFRESH [get_runs axis_register_slice_fr_impl_1]
0
get_property PROGRESS [get_runs axis_register_slice_fr_impl_1]
0%
get_property STATS.ELAPSED [get_runs axis_register_slice_fr_impl_1]
00:00:00
get_property STATUS [get_runs axis_register_slice_fr_synth_1]
Running synth_design...
get_property NEEDS_REFRESH [get_runs axis_register_slice_fr_synth_1]
0
get_property PROGRESS [get_runs axis_register_slice_fr_synth_1]
0%
get_property STATS.ELAPSED [get_runs axis_register_slice_fr_synth_1]
00:00:00
get_property STATUS [get_runs crif_fifo_impl_1]
Not started
get_property NEEDS_REFRESH [get_runs crif_fifo_impl_1]
0
get_property PROGRESS [get_runs crif_fifo_impl_1]
0%
get_property STATS.ELAPSED [get_runs crif_fifo_impl_1]
00:00:00
get_property STATUS [get_runs crif_fifo_synth_1]
Running synth_design...
get_property NEEDS_REFRESH [get_runs crif_fifo_synth_1]
0
get_property PROGRESS [get_runs crif_fifo_synth_1]
0%
get_property STATS.ELAPSED [get_runs crif_fifo_synth_1]
00:04:00
get_property STATUS [get_runs distRAM_64x12_impl_1]
Not started
get_property NEEDS_REFRESH [get_runs distRAM_64x12_impl_1]
0
get_property PROGRESS [get_runs distRAM_64x12_impl_1]
0%
get_property STATS.ELAPSED [get_runs distRAM_64x12_impl_1]
00:00:00
get_property STATUS [get_runs distRAM_64x12_synth_1]
Queued...
get_property NEEDS_REFRESH [get_runs distRAM_64x12_synth_1]
0
get_property PROGRESS [get_runs distRAM_64x12_synth_1]
0%
get_property STATS.ELAPSED [get_runs distRAM_64x12_synth_1]
00:00:00
get_property STATUS [get_runs fir_compiler_0_impl_1]
Not started
get_property NEEDS_REFRESH [get_runs fir_compiler_0_impl_1]
0
get_property PROGRESS [get_runs fir_compiler_0_impl_1]
0%
get_property STATS.ELAPSED [get_runs fir_compiler_0_impl_1]
00:00:00
get_property STATUS [get_runs fir_compiler_0_synth_1]
Queued...
get_property NEEDS_REFRESH [get_runs fir_compiler_0_synth_1]
0
get_property PROGRESS [get_runs fir_compiler_0_synth_1]
0%
get_property STATS.ELAPSED [get_runs fir_compiler_0_synth_1]
00:00:00
get_property STATUS [get_runs fmc0_8chan_9g6_impl_1]
Not started
get_property NEEDS_REFRESH [get_runs fmc0_8chan_9g6_impl_1]
0
get_property PROGRESS [get_runs fmc0_8chan_9g6_impl_1]
0%
get_property STATS.ELAPSED [get_runs fmc0_8chan_9g6_impl_1]
00:00:00
get_property STATUS [get_runs fmc0_8chan_9g6_synth_1]
Running synth_design...
get_property NEEDS_REFRESH [get_runs fmc0_8chan_9g6_synth_1]
0
get_property PROGRESS [get_runs fmc0_8chan_9g6_synth_1]
0%
get_property STATS.ELAPSED [get_runs fmc0_8chan_9g6_synth_1]
00:02:40
get_property STATUS [get_runs fmc0_8chan_9g6_vio_0_impl_1]
Not started
get_property NEEDS_REFRESH [get_runs fmc0_8chan_9g6_vio_0_impl_1]
0
get_property PROGRESS [get_runs fmc0_8chan_9g6_vio_0_impl_1]
0%
get_property STATS.ELAPSED [get_runs fmc0_8chan_9g6_vio_0_impl_1]
00:00:00
get_property STATUS [get_runs fmc0_8chan_9g6_vio_0_synth_1]
synth_design Complete!
get_property NEEDS_REFRESH [get_runs fmc0_8chan_9g6_vio_0_synth_1]
0
get_property PROGRESS [get_runs fmc0_8chan_9g6_vio_0_synth_1]
100%
get_property STATS.ELAPSED [get_runs fmc0_8chan_9g6_vio_0_synth_1]
00:03:57
get_property STATUS [get_runs gig_ethernet_pcs_pma_basex_156_25_impl_1]
Not started
get_property NEEDS_REFRESH [get_runs gig_ethernet_pcs_pma_basex_156_25_impl_1]
0
get_property PROGRESS [get_runs gig_ethernet_pcs_pma_basex_156_25_impl_1]
0%
get_property STATS.ELAPSED [get_runs gig_ethernet_pcs_pma_basex_156_25_impl_1]
00:00:00
get_property STATUS [get_runs gig_ethernet_pcs_pma_basex_156_25_synth_1]
Queued...
get_property NEEDS_REFRESH [get_runs gig_ethernet_pcs_pma_basex_156_25_synth_1]
0
get_property PROGRESS [get_runs gig_ethernet_pcs_pma_basex_156_25_synth_1]
0%
get_property STATS.ELAPSED [get_runs gig_ethernet_pcs_pma_basex_156_25_synth_1]
00:00:00
get_property STATUS [get_runs impl_1]
Not started
get_property NEEDS_REFRESH [get_runs impl_1]
0
get_property PROGRESS [get_runs impl_1]
0%
get_property STATS.ELAPSED [get_runs impl_1]
00:00:00
get_property STATUS [get_runs synth_1]
Queued...
get_property NEEDS_REFRESH [get_runs synth_1]
0
get_property PROGRESS [get_runs synth_1]
0%
get_property STATS.ELAPSED [get_runs synth_1]
00:00:00
get_property STATUS [get_runs temac_gbe_v9_0_impl_1]
Not started
get_property NEEDS_REFRESH [get_runs temac_gbe_v9_0_impl_1]
0
get_property PROGRESS [get_runs temac_gbe_v9_0_impl_1]
0%
get_property STATS.ELAPSED [get_runs temac_gbe_v9_0_impl_1]
00:00:00
get_property STATUS [get_runs temac_gbe_v9_0_synth_1]
Queued...
get_property NEEDS_REFRESH [get_runs temac_gbe_v9_0_synth_1]
0
get_property PROGRESS [get_runs temac_gbe_v9_0_synth_1]
0%
get_property STATS.ELAPSED [get_runs temac_gbe_v9_0_synth_1]
00:00:00
get_property STATUS [get_runs thFMch_input_fifo_impl_1]
Not started
get_property NEEDS_REFRESH [get_runs thFMch_input_fifo_impl_1]
0
get_property PROGRESS [get_runs thFMch_input_fifo_impl_1]
0%
get_property STATS.ELAPSED [get_runs thFMch_input_fifo_impl_1]
00:00:00
get_property STATUS [get_runs thFMch_input_fifo_synth_1]
Running synth_design...
get_property NEEDS_REFRESH [get_runs thFMch_input_fifo_synth_1]
0
get_property PROGRESS [get_runs thFMch_input_fifo_synth_1]
0%
get_property STATS.ELAPSED [get_runs thFMch_input_fifo_synth_1]
00:03:58
wait_on_run synth_1 -timeout 1
[Wed Jan 20 12:14:04 2021] Waiting for synth_1 to finish (timeout in 1 minute)...
[Wed Jan 20 12:15:04 2021] synth_1 timed out after 1 minute.
wait_on_run: Time (s): cpu = 00:00:00.17 ; elapsed = 00:01:00 . Memory (MB): peak = 2602.773 ; gain = 0.000 ; free physical = 3963 ; free virtual = 86725
get_runs
synth_1 thFMch_input_fifo_synth_1 fmc0_8chan_9g6_synth_1 fmc0_8chan_9g6_vio_0_synth_1 crif_fifo_synth_1 axis_register_slice_fr_synth_1 RAM_2048x12_synth_1 distRAM_64x12_synth_1 Median_distRAM_64x12_synth_1 fir_compiler_0_synth_1 axis_data_fifo_0_synth_1 address_LUT_synth_1 gig_ethernet_pcs_pma_basex_156_25_synth_1 temac_gbe_v9_0_synth_1 impl_1 thFMch_input_fifo_impl_1 fmc0_8chan_9g6_impl_1 fmc0_8chan_9g6_vio_0_impl_1 crif_fifo_impl_1 axis_register_slice_fr_impl_1 RAM_2048x12_impl_1 distRAM_64x12_impl_1 Median_distRAM_64x12_impl_1 fir_compiler_0_impl_1 axis_data_fifo_0_impl_1 address_LUT_impl_1 gig_ethernet_pcs_pma_basex_156_25_impl_1 temac_gbe_v9_0_impl_1
get_property STATUS [get_runs Median_distRAM_64x12_impl_1]
Not started
get_property NEEDS_REFRESH [get_runs Median_distRAM_64x12_impl_1]
0
get_property PROGRESS [get_runs Median_distRAM_64x12_impl_1]
0%
get_property STATS.ELAPSED [get_runs Median_distRAM_64x12_impl_1]
00:00:00
get_property STATUS [get_runs Median_distRAM_64x12_synth_1]
Queued...
get_property NEEDS_REFRESH [get_runs Median_distRAM_64x12_synth_1]
0
get_property PROGRESS [get_runs Median_distRAM_64x12_synth_1]
0%
get_property STATS.ELAPSED [get_runs Median_distRAM_64x12_synth_1]
00:00:00
get_property STATUS [get_runs RAM_2048x12_impl_1]
Not started
get_property NEEDS_REFRESH [get_runs RAM_2048x12_impl_1]
0
get_property PROGRESS [get_runs RAM_2048x12_impl_1]
0%
get_property STATS.ELAPSED [get_runs RAM_2048x12_impl_1]
00:00:00
get_property STATUS [get_runs RAM_2048x12_synth_1]
Running synth_design...
get_property NEEDS_REFRESH [get_runs RAM_2048x12_synth_1]
0
get_property PROGRESS [get_runs RAM_2048x12_synth_1]
0%
get_property STATS.ELAPSED [get_runs RAM_2048x12_synth_1]
00:00:00
get_property STATUS [get_runs address_LUT_impl_1]
Not started
get_property NEEDS_REFRESH [get_runs address_LUT_impl_1]
0
get_property PROGRESS [get_runs address_LUT_impl_1]
0%
get_property STATS.ELAPSED [get_runs address_LUT_impl_1]
00:00:00
get_property STATUS [get_runs address_LUT_synth_1]
Queued...
get_property NEEDS_REFRESH [get_runs address_LUT_synth_1]
0
get_property PROGRESS [get_runs address_LUT_synth_1]
0%
get_property STATS.ELAPSED [get_runs address_LUT_synth_1]
00:00:00
get_property STATUS [get_runs axis_data_fifo_0_impl_1]
Not started
get_property NEEDS_REFRESH [get_runs axis_data_fifo_0_impl_1]
0
get_property PROGRESS [get_runs axis_data_fifo_0_impl_1]
0%
get_property STATS.ELAPSED [get_runs axis_data_fifo_0_impl_1]
00:00:00
get_property STATUS [get_runs axis_data_fifo_0_synth_1]
Queued...
get_property NEEDS_REFRESH [get_runs axis_data_fifo_0_synth_1]
0
get_property PROGRESS [get_runs axis_data_fifo_0_synth_1]
0%
get_property STATS.ELAPSED [get_runs axis_data_fifo_0_synth_1]
00:00:00
get_property STATUS [get_runs axis_register_slice_fr_impl_1]
Not started
get_property NEEDS_REFRESH [get_runs axis_register_slice_fr_impl_1]
0
get_property PROGRESS [get_runs axis_register_slice_fr_impl_1]
0%
get_property STATS.ELAPSED [get_runs axis_register_slice_fr_impl_1]
00:00:00
get_property STATUS [get_runs axis_register_slice_fr_synth_1]
Running synth_design...
get_property NEEDS_REFRESH [get_runs axis_register_slice_fr_synth_1]
0
get_property PROGRESS [get_runs axis_register_slice_fr_synth_1]
0%
get_property STATS.ELAPSED [get_runs axis_register_slice_fr_synth_1]
00:00:37
get_property STATUS [get_runs crif_fifo_impl_1]
Not started
get_property NEEDS_REFRESH [get_runs crif_fifo_impl_1]
0
get_property PROGRESS [get_runs crif_fifo_impl_1]
0%
get_property STATS.ELAPSED [get_runs crif_fifo_impl_1]
00:00:00
get_property STATUS [get_runs crif_fifo_synth_1]
Running synth_design...
get_property NEEDS_REFRESH [get_runs crif_fifo_synth_1]
0
get_property PROGRESS [get_runs crif_fifo_synth_1]
0%
get_property STATS.ELAPSED [get_runs crif_fifo_synth_1]
00:04:00
get_property STATUS [get_runs distRAM_64x12_impl_1]
Not started
get_property NEEDS_REFRESH [get_runs distRAM_64x12_impl_1]
0
get_property PROGRESS [get_runs distRAM_64x12_impl_1]
0%
get_property STATS.ELAPSED [get_runs distRAM_64x12_impl_1]
00:00:00
get_property STATUS [get_runs distRAM_64x12_synth_1]
Queued...
get_property NEEDS_REFRESH [get_runs distRAM_64x12_synth_1]
0
get_property PROGRESS [get_runs distRAM_64x12_synth_1]
0%
get_property STATS.ELAPSED [get_runs distRAM_64x12_synth_1]
00:00:00
get_property STATUS [get_runs fir_compiler_0_impl_1]
Not started
get_property NEEDS_REFRESH [get_runs fir_compiler_0_impl_1]
0
get_property PROGRESS [get_runs fir_compiler_0_impl_1]
0%
get_property STATS.ELAPSED [get_runs fir_compiler_0_impl_1]
00:00:00
get_property STATUS [get_runs fir_compiler_0_synth_1]
Queued...
get_property NEEDS_REFRESH [get_runs fir_compiler_0_synth_1]
0
get_property PROGRESS [get_runs fir_compiler_0_synth_1]
0%
get_property STATS.ELAPSED [get_runs fir_compiler_0_synth_1]
00:00:00
get_property STATUS [get_runs fmc0_8chan_9g6_impl_1]
Not started
get_property NEEDS_REFRESH [get_runs fmc0_8chan_9g6_impl_1]
0
get_property PROGRESS [get_runs fmc0_8chan_9g6_impl_1]
0%
get_property STATS.ELAPSED [get_runs fmc0_8chan_9g6_impl_1]
00:00:00
get_property STATUS [get_runs fmc0_8chan_9g6_synth_1]
synth_design Complete!
get_property NEEDS_REFRESH [get_runs fmc0_8chan_9g6_synth_1]
0
get_property PROGRESS [get_runs fmc0_8chan_9g6_synth_1]
100%
get_property STATS.ELAPSED [get_runs fmc0_8chan_9g6_synth_1]
00:04:58
get_property STATUS [get_runs fmc0_8chan_9g6_vio_0_impl_1]
Not started
get_property NEEDS_REFRESH [get_runs fmc0_8chan_9g6_vio_0_impl_1]
0
get_property PROGRESS [get_runs fmc0_8chan_9g6_vio_0_impl_1]
0%
get_property STATS.ELAPSED [get_runs fmc0_8chan_9g6_vio_0_impl_1]
00:00:00
get_property STATUS [get_runs fmc0_8chan_9g6_vio_0_synth_1]
synth_design Complete!
get_property NEEDS_REFRESH [get_runs fmc0_8chan_9g6_vio_0_synth_1]
0
get_property PROGRESS [get_runs fmc0_8chan_9g6_vio_0_synth_1]
100%
get_property STATS.ELAPSED [get_runs fmc0_8chan_9g6_vio_0_synth_1]
00:03:57
get_property STATUS [get_runs gig_ethernet_pcs_pma_basex_156_25_impl_1]
Not started
get_property NEEDS_REFRESH [get_runs gig_ethernet_pcs_pma_basex_156_25_impl_1]
0
get_property PROGRESS [get_runs gig_ethernet_pcs_pma_basex_156_25_impl_1]
0%
get_property STATS.ELAPSED [get_runs gig_ethernet_pcs_pma_basex_156_25_impl_1]
00:00:00
get_property STATUS [get_runs gig_ethernet_pcs_pma_basex_156_25_synth_1]
Queued...
get_property NEEDS_REFRESH [get_runs gig_ethernet_pcs_pma_basex_156_25_synth_1]
0
get_property PROGRESS [get_runs gig_ethernet_pcs_pma_basex_156_25_synth_1]
0%
get_property STATS.ELAPSED [get_runs gig_ethernet_pcs_pma_basex_156_25_synth_1]
00:00:00
get_property STATUS [get_runs impl_1]
Not started
get_property NEEDS_REFRESH [get_runs impl_1]
0
get_property PROGRESS [get_runs impl_1]
0%
get_property STATS.ELAPSED [get_runs impl_1]
00:00:00
get_property STATUS [get_runs synth_1]
Queued...
get_property NEEDS_REFRESH [get_runs synth_1]
0
get_property PROGRESS [get_runs synth_1]
0%
get_property STATS.ELAPSED [get_runs synth_1]
00:00:00
get_property STATUS [get_runs temac_gbe_v9_0_impl_1]
Not started
get_property NEEDS_REFRESH [get_runs temac_gbe_v9_0_impl_1]
0
get_property PROGRESS [get_runs temac_gbe_v9_0_impl_1]
0%
get_property STATS.ELAPSED [get_runs temac_gbe_v9_0_impl_1]
00:00:00
get_property STATUS [get_runs temac_gbe_v9_0_synth_1]
Queued...
get_property NEEDS_REFRESH [get_runs temac_gbe_v9_0_synth_1]
0
get_property PROGRESS [get_runs temac_gbe_v9_0_synth_1]
0%
get_property STATS.ELAPSED [get_runs temac_gbe_v9_0_synth_1]
00:00:00
get_property STATUS [get_runs thFMch_input_fifo_impl_1]
Not started
get_property NEEDS_REFRESH [get_runs thFMch_input_fifo_impl_1]
0
get_property PROGRESS [get_runs thFMch_input_fifo_impl_1]
0%
get_property STATS.ELAPSED [get_runs thFMch_input_fifo_impl_1]
00:00:00
get_property STATUS [get_runs thFMch_input_fifo_synth_1]
Running synth_design...
get_property NEEDS_REFRESH [get_runs thFMch_input_fifo_synth_1]
0
get_property PROGRESS [get_runs thFMch_input_fifo_synth_1]
0%
get_property STATS.ELAPSED [get_runs thFMch_input_fifo_synth_1]
00:04:04
wait_on_run synth_1 -timeout 1
[Wed Jan 20 12:15:04 2021] Waiting for synth_1 to finish (timeout in 1 minute)...
[Wed Jan 20 12:16:04 2021] synth_1 timed out after 1 minute.
wait_on_run: Time (s): cpu = 00:00:00.09 ; elapsed = 00:01:00 . Memory (MB): peak = 2602.773 ; gain = 0.000 ; free physical = 2713 ; free virtual = 85476
get_runs
synth_1 thFMch_input_fifo_synth_1 fmc0_8chan_9g6_synth_1 fmc0_8chan_9g6_vio_0_synth_1 crif_fifo_synth_1 axis_register_slice_fr_synth_1 RAM_2048x12_synth_1 distRAM_64x12_synth_1 Median_distRAM_64x12_synth_1 fir_compiler_0_synth_1 axis_data_fifo_0_synth_1 address_LUT_synth_1 gig_ethernet_pcs_pma_basex_156_25_synth_1 temac_gbe_v9_0_synth_1 impl_1 thFMch_input_fifo_impl_1 fmc0_8chan_9g6_impl_1 fmc0_8chan_9g6_vio_0_impl_1 crif_fifo_impl_1 axis_register_slice_fr_impl_1 RAM_2048x12_impl_1 distRAM_64x12_impl_1 Median_distRAM_64x12_impl_1 fir_compiler_0_impl_1 axis_data_fifo_0_impl_1 address_LUT_impl_1 gig_ethernet_pcs_pma_basex_156_25_impl_1 temac_gbe_v9_0_impl_1
get_property STATUS [get_runs Median_distRAM_64x12_impl_1]
Not started
get_property NEEDS_REFRESH [get_runs Median_distRAM_64x12_impl_1]
0
get_property PROGRESS [get_runs Median_distRAM_64x12_impl_1]
0%
get_property STATS.ELAPSED [get_runs Median_distRAM_64x12_impl_1]
00:00:00
get_property STATUS [get_runs Median_distRAM_64x12_synth_1]
Queued...
get_property NEEDS_REFRESH [get_runs Median_distRAM_64x12_synth_1]
0
get_property PROGRESS [get_runs Median_distRAM_64x12_synth_1]
0%
get_property STATS.ELAPSED [get_runs Median_distRAM_64x12_synth_1]
00:00:00
get_property STATUS [get_runs RAM_2048x12_impl_1]
Not started
get_property NEEDS_REFRESH [get_runs RAM_2048x12_impl_1]
0
get_property PROGRESS [get_runs RAM_2048x12_impl_1]
0%
get_property STATS.ELAPSED [get_runs RAM_2048x12_impl_1]
00:00:00
get_property STATUS [get_runs RAM_2048x12_synth_1]
Running synth_design...
get_property NEEDS_REFRESH [get_runs RAM_2048x12_synth_1]
0
get_property PROGRESS [get_runs RAM_2048x12_synth_1]
0%
get_property STATS.ELAPSED [get_runs RAM_2048x12_synth_1]
00:01:01
get_property STATUS [get_runs address_LUT_impl_1]
Not started
get_property NEEDS_REFRESH [get_runs address_LUT_impl_1]
0
get_property PROGRESS [get_runs address_LUT_impl_1]
0%
get_property STATS.ELAPSED [get_runs address_LUT_impl_1]
00:00:00
get_property STATUS [get_runs address_LUT_synth_1]
Queued...
get_property NEEDS_REFRESH [get_runs address_LUT_synth_1]
0
get_property PROGRESS [get_runs address_LUT_synth_1]
0%
get_property STATS.ELAPSED [get_runs address_LUT_synth_1]
00:00:00
get_property STATUS [get_runs axis_data_fifo_0_impl_1]
Not started
get_property NEEDS_REFRESH [get_runs axis_data_fifo_0_impl_1]
0
get_property PROGRESS [get_runs axis_data_fifo_0_impl_1]
0%
get_property STATS.ELAPSED [get_runs axis_data_fifo_0_impl_1]
00:00:00
get_property STATUS [get_runs axis_data_fifo_0_synth_1]
Queued...
get_property NEEDS_REFRESH [get_runs axis_data_fifo_0_synth_1]
0
get_property PROGRESS [get_runs axis_data_fifo_0_synth_1]
0%
get_property STATS.ELAPSED [get_runs axis_data_fifo_0_synth_1]
00:00:00
get_property STATUS [get_runs axis_register_slice_fr_impl_1]
Not started
get_property NEEDS_REFRESH [get_runs axis_register_slice_fr_impl_1]
0
get_property PROGRESS [get_runs axis_register_slice_fr_impl_1]
0%
get_property STATS.ELAPSED [get_runs axis_register_slice_fr_impl_1]
00:00:00
get_property STATUS [get_runs axis_register_slice_fr_synth_1]
Running synth_design...
get_property NEEDS_REFRESH [get_runs axis_register_slice_fr_synth_1]
0
get_property PROGRESS [get_runs axis_register_slice_fr_synth_1]
0%
get_property STATS.ELAPSED [get_runs axis_register_slice_fr_synth_1]
00:01:38
get_property STATUS [get_runs crif_fifo_impl_1]
Not started
get_property NEEDS_REFRESH [get_runs crif_fifo_impl_1]
0
get_property PROGRESS [get_runs crif_fifo_impl_1]
0%
get_property STATS.ELAPSED [get_runs crif_fifo_impl_1]
00:00:00
get_property STATUS [get_runs crif_fifo_synth_1]
Running synth_design...
get_property NEEDS_REFRESH [get_runs crif_fifo_synth_1]
0
get_property PROGRESS [get_runs crif_fifo_synth_1]
0%
get_property STATS.ELAPSED [get_runs crif_fifo_synth_1]
00:06:02
get_property STATUS [get_runs distRAM_64x12_impl_1]
Not started
get_property NEEDS_REFRESH [get_runs distRAM_64x12_impl_1]
0
get_property PROGRESS [get_runs distRAM_64x12_impl_1]
0%
get_property STATS.ELAPSED [get_runs distRAM_64x12_impl_1]
00:00:00
get_property STATUS [get_runs distRAM_64x12_synth_1]
Queued...
get_property NEEDS_REFRESH [get_runs distRAM_64x12_synth_1]
0
get_property PROGRESS [get_runs distRAM_64x12_synth_1]
0%
get_property STATS.ELAPSED [get_runs distRAM_64x12_synth_1]
00:00:00
get_property STATUS [get_runs fir_compiler_0_impl_1]
Not started
get_property NEEDS_REFRESH [get_runs fir_compiler_0_impl_1]
0
get_property PROGRESS [get_runs fir_compiler_0_impl_1]
0%
get_property STATS.ELAPSED [get_runs fir_compiler_0_impl_1]
00:00:00
get_property STATUS [get_runs fir_compiler_0_synth_1]
Queued...
get_property NEEDS_REFRESH [get_runs fir_compiler_0_synth_1]
0
get_property PROGRESS [get_runs fir_compiler_0_synth_1]
0%
get_property STATS.ELAPSED [get_runs fir_compiler_0_synth_1]
00:00:00
get_property STATUS [get_runs fmc0_8chan_9g6_impl_1]
Not started
get_property NEEDS_REFRESH [get_runs fmc0_8chan_9g6_impl_1]
0
get_property PROGRESS [get_runs fmc0_8chan_9g6_impl_1]
0%
get_property STATS.ELAPSED [get_runs fmc0_8chan_9g6_impl_1]
00:00:00
get_property STATUS [get_runs fmc0_8chan_9g6_synth_1]
synth_design Complete!
get_property NEEDS_REFRESH [get_runs fmc0_8chan_9g6_synth_1]
0
get_property PROGRESS [get_runs fmc0_8chan_9g6_synth_1]
100%
get_property STATS.ELAPSED [get_runs fmc0_8chan_9g6_synth_1]
00:04:58
get_property STATUS [get_runs fmc0_8chan_9g6_vio_0_impl_1]
Not started
get_property NEEDS_REFRESH [get_runs fmc0_8chan_9g6_vio_0_impl_1]
0
get_property PROGRESS [get_runs fmc0_8chan_9g6_vio_0_impl_1]
0%
get_property STATS.ELAPSED [get_runs fmc0_8chan_9g6_vio_0_impl_1]
00:00:00
get_property STATUS [get_runs fmc0_8chan_9g6_vio_0_synth_1]
synth_design Complete!
get_property NEEDS_REFRESH [get_runs fmc0_8chan_9g6_vio_0_synth_1]
0
get_property PROGRESS [get_runs fmc0_8chan_9g6_vio_0_synth_1]
100%
get_property STATS.ELAPSED [get_runs fmc0_8chan_9g6_vio_0_synth_1]
00:03:57
get_property STATUS [get_runs gig_ethernet_pcs_pma_basex_156_25_impl_1]
Not started
get_property NEEDS_REFRESH [get_runs gig_ethernet_pcs_pma_basex_156_25_impl_1]
0
get_property PROGRESS [get_runs gig_ethernet_pcs_pma_basex_156_25_impl_1]
0%
get_property STATS.ELAPSED [get_runs gig_ethernet_pcs_pma_basex_156_25_impl_1]
00:00:00
get_property STATUS [get_runs gig_ethernet_pcs_pma_basex_156_25_synth_1]
Queued...
get_property NEEDS_REFRESH [get_runs gig_ethernet_pcs_pma_basex_156_25_synth_1]
0
get_property PROGRESS [get_runs gig_ethernet_pcs_pma_basex_156_25_synth_1]
0%
get_property STATS.ELAPSED [get_runs gig_ethernet_pcs_pma_basex_156_25_synth_1]
00:00:00
get_property STATUS [get_runs impl_1]
Not started
get_property NEEDS_REFRESH [get_runs impl_1]
0
get_property PROGRESS [get_runs impl_1]
0%
get_property STATS.ELAPSED [get_runs impl_1]
00:00:00
get_property STATUS [get_runs synth_1]
Queued...
get_property NEEDS_REFRESH [get_runs synth_1]
0
get_property PROGRESS [get_runs synth_1]
0%
get_property STATS.ELAPSED [get_runs synth_1]
00:00:00
get_property STATUS [get_runs temac_gbe_v9_0_impl_1]
Not started
get_property NEEDS_REFRESH [get_runs temac_gbe_v9_0_impl_1]
0
get_property PROGRESS [get_runs temac_gbe_v9_0_impl_1]
0%
get_property STATS.ELAPSED [get_runs temac_gbe_v9_0_impl_1]
00:00:00
get_property STATUS [get_runs temac_gbe_v9_0_synth_1]
Queued...
get_property NEEDS_REFRESH [get_runs temac_gbe_v9_0_synth_1]
0
get_property PROGRESS [get_runs temac_gbe_v9_0_synth_1]
0%
get_property STATS.ELAPSED [get_runs temac_gbe_v9_0_synth_1]
00:00:00
get_property STATUS [get_runs thFMch_input_fifo_impl_1]
Not started
get_property NEEDS_REFRESH [get_runs thFMch_input_fifo_impl_1]
0
get_property PROGRESS [get_runs thFMch_input_fifo_impl_1]
0%
get_property STATS.ELAPSED [get_runs thFMch_input_fifo_impl_1]
00:00:00
get_property STATUS [get_runs thFMch_input_fifo_synth_1]
Running synth_design...
get_property NEEDS_REFRESH [get_runs thFMch_input_fifo_synth_1]
0
get_property PROGRESS [get_runs thFMch_input_fifo_synth_1]
0%
get_property STATS.ELAPSED [get_runs thFMch_input_fifo_synth_1]
00:04:04
wait_on_run synth_1 -timeout 1
[Wed Jan 20 12:16:05 2021] Waiting for synth_1 to finish (timeout in 1 minute)...
[Wed Jan 20 12:17:05 2021] synth_1 timed out after 1 minute.
wait_on_run: Time (s): cpu = 00:00:00.18 ; elapsed = 00:01:00 . Memory (MB): peak = 2602.773 ; gain = 0.000 ; free physical = 4373 ; free virtual = 87125
get_runs
synth_1 thFMch_input_fifo_synth_1 fmc0_8chan_9g6_synth_1 fmc0_8chan_9g6_vio_0_synth_1 crif_fifo_synth_1 axis_register_slice_fr_synth_1 RAM_2048x12_synth_1 distRAM_64x12_synth_1 Median_distRAM_64x12_synth_1 fir_compiler_0_synth_1 axis_data_fifo_0_synth_1 address_LUT_synth_1 gig_ethernet_pcs_pma_basex_156_25_synth_1 temac_gbe_v9_0_synth_1 impl_1 thFMch_input_fifo_impl_1 fmc0_8chan_9g6_impl_1 fmc0_8chan_9g6_vio_0_impl_1 crif_fifo_impl_1 axis_register_slice_fr_impl_1 RAM_2048x12_impl_1 distRAM_64x12_impl_1 Median_distRAM_64x12_impl_1 fir_compiler_0_impl_1 axis_data_fifo_0_impl_1 address_LUT_impl_1 gig_ethernet_pcs_pma_basex_156_25_impl_1 temac_gbe_v9_0_impl_1
get_property STATUS [get_runs Median_distRAM_64x12_impl_1]
Not started
get_property NEEDS_REFRESH [get_runs Median_distRAM_64x12_impl_1]
0
get_property PROGRESS [get_runs Median_distRAM_64x12_impl_1]
0%
get_property STATS.ELAPSED [get_runs Median_distRAM_64x12_impl_1]
00:00:00
get_property STATUS [get_runs Median_distRAM_64x12_synth_1]
Running synth_design...
get_property NEEDS_REFRESH [get_runs Median_distRAM_64x12_synth_1]
0
get_property PROGRESS [get_runs Median_distRAM_64x12_synth_1]
0%
get_property STATS.ELAPSED [get_runs Median_distRAM_64x12_synth_1]
00:00:34
get_property STATUS [get_runs RAM_2048x12_impl_1]
Not started
get_property NEEDS_REFRESH [get_runs RAM_2048x12_impl_1]
0
get_property PROGRESS [get_runs RAM_2048x12_impl_1]
0%
get_property STATS.ELAPSED [get_runs RAM_2048x12_impl_1]
00:00:00
get_property STATUS [get_runs RAM_2048x12_synth_1]
Running synth_design...
get_property NEEDS_REFRESH [get_runs RAM_2048x12_synth_1]
0
get_property PROGRESS [get_runs RAM_2048x12_synth_1]
0%
get_property STATS.ELAPSED [get_runs RAM_2048x12_synth_1]
00:02:05
get_property STATUS [get_runs address_LUT_impl_1]
Not started
get_property NEEDS_REFRESH [get_runs address_LUT_impl_1]
0
get_property PROGRESS [get_runs address_LUT_impl_1]
0%
get_property STATS.ELAPSED [get_runs address_LUT_impl_1]
00:00:00
get_property STATUS [get_runs address_LUT_synth_1]
Queued...
get_property NEEDS_REFRESH [get_runs address_LUT_synth_1]
0
get_property PROGRESS [get_runs address_LUT_synth_1]
0%
get_property STATS.ELAPSED [get_runs address_LUT_synth_1]
00:00:00
get_property STATUS [get_runs axis_data_fifo_0_impl_1]
Not started
get_property NEEDS_REFRESH [get_runs axis_data_fifo_0_impl_1]
0
get_property PROGRESS [get_runs axis_data_fifo_0_impl_1]
0%
get_property STATS.ELAPSED [get_runs axis_data_fifo_0_impl_1]
00:00:00
get_property STATUS [get_runs axis_data_fifo_0_synth_1]
Queued...
get_property NEEDS_REFRESH [get_runs axis_data_fifo_0_synth_1]
0
get_property PROGRESS [get_runs axis_data_fifo_0_synth_1]
0%
get_property STATS.ELAPSED [get_runs axis_data_fifo_0_synth_1]
00:00:00
get_property STATUS [get_runs axis_register_slice_fr_impl_1]
Not started
get_property NEEDS_REFRESH [get_runs axis_register_slice_fr_impl_1]
0
get_property PROGRESS [get_runs axis_register_slice_fr_impl_1]
0%
get_property STATS.ELAPSED [get_runs axis_register_slice_fr_impl_1]
00:00:00
get_property STATUS [get_runs axis_register_slice_fr_synth_1]
Running synth_design...
get_property NEEDS_REFRESH [get_runs axis_register_slice_fr_synth_1]
0
get_property PROGRESS [get_runs axis_register_slice_fr_synth_1]
0%
get_property STATS.ELAPSED [get_runs axis_register_slice_fr_synth_1]
00:01:38
get_property STATUS [get_runs crif_fifo_impl_1]
Not started
get_property NEEDS_REFRESH [get_runs crif_fifo_impl_1]
0
get_property PROGRESS [get_runs crif_fifo_impl_1]
0%
get_property STATS.ELAPSED [get_runs crif_fifo_impl_1]
00:00:00
get_property STATUS [get_runs crif_fifo_synth_1]
synth_design Complete!
get_property NEEDS_REFRESH [get_runs crif_fifo_synth_1]
0
get_property PROGRESS [get_runs crif_fifo_synth_1]
100%
get_property STATS.ELAPSED [get_runs crif_fifo_synth_1]
00:06:08
get_property STATUS [get_runs distRAM_64x12_impl_1]
Not started
get_property NEEDS_REFRESH [get_runs distRAM_64x12_impl_1]
0
get_property PROGRESS [get_runs distRAM_64x12_impl_1]
0%
get_property STATS.ELAPSED [get_runs distRAM_64x12_impl_1]
00:00:00
get_property STATUS [get_runs distRAM_64x12_synth_1]
Running synth_design...
get_property NEEDS_REFRESH [get_runs distRAM_64x12_synth_1]
0
get_property PROGRESS [get_runs distRAM_64x12_synth_1]
0%
get_property STATS.ELAPSED [get_runs distRAM_64x12_synth_1]
00:00:36
get_property STATUS [get_runs fir_compiler_0_impl_1]
Not started
get_property NEEDS_REFRESH [get_runs fir_compiler_0_impl_1]
0
get_property PROGRESS [get_runs fir_compiler_0_impl_1]
0%
get_property STATS.ELAPSED [get_runs fir_compiler_0_impl_1]
00:00:00
get_property STATUS [get_runs fir_compiler_0_synth_1]
Queued...
get_property NEEDS_REFRESH [get_runs fir_compiler_0_synth_1]
0
get_property PROGRESS [get_runs fir_compiler_0_synth_1]
0%
get_property STATS.ELAPSED [get_runs fir_compiler_0_synth_1]
00:00:00
get_property STATUS [get_runs fmc0_8chan_9g6_impl_1]
Not started
get_property NEEDS_REFRESH [get_runs fmc0_8chan_9g6_impl_1]
0
get_property PROGRESS [get_runs fmc0_8chan_9g6_impl_1]
0%
get_property STATS.ELAPSED [get_runs fmc0_8chan_9g6_impl_1]
00:00:00
get_property STATUS [get_runs fmc0_8chan_9g6_synth_1]
synth_design Complete!
get_property NEEDS_REFRESH [get_runs fmc0_8chan_9g6_synth_1]
0
get_property PROGRESS [get_runs fmc0_8chan_9g6_synth_1]
100%
get_property STATS.ELAPSED [get_runs fmc0_8chan_9g6_synth_1]
00:04:58
get_property STATUS [get_runs fmc0_8chan_9g6_vio_0_impl_1]
Not started
get_property NEEDS_REFRESH [get_runs fmc0_8chan_9g6_vio_0_impl_1]
0
get_property PROGRESS [get_runs fmc0_8chan_9g6_vio_0_impl_1]
0%
get_property STATS.ELAPSED [get_runs fmc0_8chan_9g6_vio_0_impl_1]
00:00:00
get_property STATUS [get_runs fmc0_8chan_9g6_vio_0_synth_1]
synth_design Complete!
get_property NEEDS_REFRESH [get_runs fmc0_8chan_9g6_vio_0_synth_1]
0
get_property PROGRESS [get_runs fmc0_8chan_9g6_vio_0_synth_1]
100%
get_property STATS.ELAPSED [get_runs fmc0_8chan_9g6_vio_0_synth_1]
00:03:57
get_property STATUS [get_runs gig_ethernet_pcs_pma_basex_156_25_impl_1]
Not started
get_property NEEDS_REFRESH [get_runs gig_ethernet_pcs_pma_basex_156_25_impl_1]
0
get_property PROGRESS [get_runs gig_ethernet_pcs_pma_basex_156_25_impl_1]
0%
get_property STATS.ELAPSED [get_runs gig_ethernet_pcs_pma_basex_156_25_impl_1]
00:00:00
get_property STATUS [get_runs gig_ethernet_pcs_pma_basex_156_25_synth_1]
Queued...
get_property NEEDS_REFRESH [get_runs gig_ethernet_pcs_pma_basex_156_25_synth_1]
0
get_property PROGRESS [get_runs gig_ethernet_pcs_pma_basex_156_25_synth_1]
0%
get_property STATS.ELAPSED [get_runs gig_ethernet_pcs_pma_basex_156_25_synth_1]
00:00:00
get_property STATUS [get_runs impl_1]
Not started
get_property NEEDS_REFRESH [get_runs impl_1]
0
get_property PROGRESS [get_runs impl_1]
0%
get_property STATS.ELAPSED [get_runs impl_1]
00:00:00
get_property STATUS [get_runs synth_1]
Queued...
get_property NEEDS_REFRESH [get_runs synth_1]
0
get_property PROGRESS [get_runs synth_1]
0%
get_property STATS.ELAPSED [get_runs synth_1]
00:00:00
get_property STATUS [get_runs temac_gbe_v9_0_impl_1]
Not started
get_property NEEDS_REFRESH [get_runs temac_gbe_v9_0_impl_1]
0
get_property PROGRESS [get_runs temac_gbe_v9_0_impl_1]
0%
get_property STATS.ELAPSED [get_runs temac_gbe_v9_0_impl_1]
00:00:00
get_property STATUS [get_runs temac_gbe_v9_0_synth_1]
Queued...
get_property NEEDS_REFRESH [get_runs temac_gbe_v9_0_synth_1]
0
get_property PROGRESS [get_runs temac_gbe_v9_0_synth_1]
0%
get_property STATS.ELAPSED [get_runs temac_gbe_v9_0_synth_1]
00:00:00
get_property STATUS [get_runs thFMch_input_fifo_impl_1]
Not started
get_property NEEDS_REFRESH [get_runs thFMch_input_fifo_impl_1]
0
get_property PROGRESS [get_runs thFMch_input_fifo_impl_1]
0%
get_property STATS.ELAPSED [get_runs thFMch_input_fifo_impl_1]
00:00:00
get_property STATUS [get_runs thFMch_input_fifo_synth_1]
synth_design Complete!
get_property NEEDS_REFRESH [get_runs thFMch_input_fifo_synth_1]
0
get_property PROGRESS [get_runs thFMch_input_fifo_synth_1]
100%
get_property STATS.ELAPSED [get_runs thFMch_input_fifo_synth_1]
00:06:21
wait_on_run synth_1 -timeout 1
[Wed Jan 20 12:17:05 2021] Waiting for synth_1 to finish (timeout in 1 minute)...
[Wed Jan 20 12:18:05 2021] synth_1 timed out after 1 minute.
wait_on_run: Time (s): cpu = 00:00:00.09 ; elapsed = 00:01:00 . Memory (MB): peak = 2602.773 ; gain = 0.000 ; free physical = 4398 ; free virtual = 87143
get_runs
synth_1 thFMch_input_fifo_synth_1 fmc0_8chan_9g6_synth_1 fmc0_8chan_9g6_vio_0_synth_1 crif_fifo_synth_1 axis_register_slice_fr_synth_1 RAM_2048x12_synth_1 distRAM_64x12_synth_1 Median_distRAM_64x12_synth_1 fir_compiler_0_synth_1 axis_data_fifo_0_synth_1 address_LUT_synth_1 gig_ethernet_pcs_pma_basex_156_25_synth_1 temac_gbe_v9_0_synth_1 impl_1 thFMch_input_fifo_impl_1 fmc0_8chan_9g6_impl_1 fmc0_8chan_9g6_vio_0_impl_1 crif_fifo_impl_1 axis_register_slice_fr_impl_1 RAM_2048x12_impl_1 distRAM_64x12_impl_1 Median_distRAM_64x12_impl_1 fir_compiler_0_impl_1 axis_data_fifo_0_impl_1 address_LUT_impl_1 gig_ethernet_pcs_pma_basex_156_25_impl_1 temac_gbe_v9_0_impl_1
get_property STATUS [get_runs Median_distRAM_64x12_impl_1]
Not started
get_property NEEDS_REFRESH [get_runs Median_distRAM_64x12_impl_1]
0
get_property PROGRESS [get_runs Median_distRAM_64x12_impl_1]
0%
get_property STATS.ELAPSED [get_runs Median_distRAM_64x12_impl_1]
00:00:00
get_property STATUS [get_runs Median_distRAM_64x12_synth_1]
Running synth_design...
get_property NEEDS_REFRESH [get_runs Median_distRAM_64x12_synth_1]
0
get_property PROGRESS [get_runs Median_distRAM_64x12_synth_1]
0%
get_property STATS.ELAPSED [get_runs Median_distRAM_64x12_synth_1]
00:01:37
get_property STATUS [get_runs RAM_2048x12_impl_1]
Not started
get_property NEEDS_REFRESH [get_runs RAM_2048x12_impl_1]
0
get_property PROGRESS [get_runs RAM_2048x12_impl_1]
0%
get_property STATS.ELAPSED [get_runs RAM_2048x12_impl_1]
00:00:00
get_property STATUS [get_runs RAM_2048x12_synth_1]
Running synth_design...
get_property NEEDS_REFRESH [get_runs RAM_2048x12_synth_1]
0
get_property PROGRESS [get_runs RAM_2048x12_synth_1]
0%
get_property STATS.ELAPSED [get_runs RAM_2048x12_synth_1]
00:02:45
get_property STATUS [get_runs address_LUT_impl_1]
Not started
get_property NEEDS_REFRESH [get_runs address_LUT_impl_1]
0
get_property PROGRESS [get_runs address_LUT_impl_1]
0%
get_property STATS.ELAPSED [get_runs address_LUT_impl_1]
00:00:00
get_property STATUS [get_runs address_LUT_synth_1]
Queued...
get_property NEEDS_REFRESH [get_runs address_LUT_synth_1]
0
get_property PROGRESS [get_runs address_LUT_synth_1]
0%
get_property STATS.ELAPSED [get_runs address_LUT_synth_1]
00:00:00
get_property STATUS [get_runs axis_data_fifo_0_impl_1]
Not started
get_property NEEDS_REFRESH [get_runs axis_data_fifo_0_impl_1]
0
get_property PROGRESS [get_runs axis_data_fifo_0_impl_1]
0%
get_property STATS.ELAPSED [get_runs axis_data_fifo_0_impl_1]
00:00:00
get_property STATUS [get_runs axis_data_fifo_0_synth_1]
Queued...
get_property NEEDS_REFRESH [get_runs axis_data_fifo_0_synth_1]
0
get_property PROGRESS [get_runs axis_data_fifo_0_synth_1]
0%
get_property STATS.ELAPSED [get_runs axis_data_fifo_0_synth_1]
00:00:00
get_property STATUS [get_runs axis_register_slice_fr_impl_1]
Not started
get_property NEEDS_REFRESH [get_runs axis_register_slice_fr_impl_1]
0
get_property PROGRESS [get_runs axis_register_slice_fr_impl_1]
0%
get_property STATS.ELAPSED [get_runs axis_register_slice_fr_impl_1]
00:00:00
get_property STATUS [get_runs axis_register_slice_fr_synth_1]
synth_design Complete!
get_property NEEDS_REFRESH [get_runs axis_register_slice_fr_synth_1]
0
get_property PROGRESS [get_runs axis_register_slice_fr_synth_1]
100%
get_property STATS.ELAPSED [get_runs axis_register_slice_fr_synth_1]
00:03:43
get_property STATUS [get_runs crif_fifo_impl_1]
Not started
get_property NEEDS_REFRESH [get_runs crif_fifo_impl_1]
0
get_property PROGRESS [get_runs crif_fifo_impl_1]
0%
get_property STATS.ELAPSED [get_runs crif_fifo_impl_1]
00:00:00
get_property STATUS [get_runs crif_fifo_synth_1]
synth_design Complete!
get_property NEEDS_REFRESH [get_runs crif_fifo_synth_1]
0
get_property PROGRESS [get_runs crif_fifo_synth_1]
100%
get_property STATS.ELAPSED [get_runs crif_fifo_synth_1]
00:06:08
get_property STATUS [get_runs distRAM_64x12_impl_1]
Not started
get_property NEEDS_REFRESH [get_runs distRAM_64x12_impl_1]
0
get_property PROGRESS [get_runs distRAM_64x12_impl_1]
0%
get_property STATS.ELAPSED [get_runs distRAM_64x12_impl_1]
00:00:00
get_property STATUS [get_runs distRAM_64x12_synth_1]
Running synth_design...
get_property NEEDS_REFRESH [get_runs distRAM_64x12_synth_1]
0
get_property PROGRESS [get_runs distRAM_64x12_synth_1]
0%
get_property STATS.ELAPSED [get_runs distRAM_64x12_synth_1]
00:01:38
get_property STATUS [get_runs fir_compiler_0_impl_1]
Not started
get_property NEEDS_REFRESH [get_runs fir_compiler_0_impl_1]
0
get_property PROGRESS [get_runs fir_compiler_0_impl_1]
0%
get_property STATS.ELAPSED [get_runs fir_compiler_0_impl_1]
00:00:00
get_property STATUS [get_runs fir_compiler_0_synth_1]
Running synth_design...
get_property NEEDS_REFRESH [get_runs fir_compiler_0_synth_1]
0
get_property PROGRESS [get_runs fir_compiler_0_synth_1]
0%
get_property STATS.ELAPSED [get_runs fir_compiler_0_synth_1]
00:00:12
get_property STATUS [get_runs fmc0_8chan_9g6_impl_1]
Not started
get_property NEEDS_REFRESH [get_runs fmc0_8chan_9g6_impl_1]
0
get_property PROGRESS [get_runs fmc0_8chan_9g6_impl_1]
0%
get_property STATS.ELAPSED [get_runs fmc0_8chan_9g6_impl_1]
00:00:00
get_property STATUS [get_runs fmc0_8chan_9g6_synth_1]
synth_design Complete!
get_property NEEDS_REFRESH [get_runs fmc0_8chan_9g6_synth_1]
0
get_property PROGRESS [get_runs fmc0_8chan_9g6_synth_1]
100%
get_property STATS.ELAPSED [get_runs fmc0_8chan_9g6_synth_1]
00:04:58
get_property STATUS [get_runs fmc0_8chan_9g6_vio_0_impl_1]
Not started
get_property NEEDS_REFRESH [get_runs fmc0_8chan_9g6_vio_0_impl_1]
0
get_property PROGRESS [get_runs fmc0_8chan_9g6_vio_0_impl_1]
0%
get_property STATS.ELAPSED [get_runs fmc0_8chan_9g6_vio_0_impl_1]
00:00:00
get_property STATUS [get_runs fmc0_8chan_9g6_vio_0_synth_1]
synth_design Complete!
get_property NEEDS_REFRESH [get_runs fmc0_8chan_9g6_vio_0_synth_1]
0
get_property PROGRESS [get_runs fmc0_8chan_9g6_vio_0_synth_1]
100%
get_property STATS.ELAPSED [get_runs fmc0_8chan_9g6_vio_0_synth_1]
00:03:57
get_property STATUS [get_runs gig_ethernet_pcs_pma_basex_156_25_impl_1]
Not started
get_property NEEDS_REFRESH [get_runs gig_ethernet_pcs_pma_basex_156_25_impl_1]
0
get_property PROGRESS [get_runs gig_ethernet_pcs_pma_basex_156_25_impl_1]
0%
get_property STATS.ELAPSED [get_runs gig_ethernet_pcs_pma_basex_156_25_impl_1]
00:00:00
get_property STATUS [get_runs gig_ethernet_pcs_pma_basex_156_25_synth_1]
Queued...
get_property NEEDS_REFRESH [get_runs gig_ethernet_pcs_pma_basex_156_25_synth_1]
0
get_property PROGRESS [get_runs gig_ethernet_pcs_pma_basex_156_25_synth_1]
0%
get_property STATS.ELAPSED [get_runs gig_ethernet_pcs_pma_basex_156_25_synth_1]
00:00:00
get_property STATUS [get_runs impl_1]
Not started
get_property NEEDS_REFRESH [get_runs impl_1]
0
get_property PROGRESS [get_runs impl_1]
0%
get_property STATS.ELAPSED [get_runs impl_1]
00:00:00
get_property STATUS [get_runs synth_1]
Queued...
get_property NEEDS_REFRESH [get_runs synth_1]
0
get_property PROGRESS [get_runs synth_1]
0%
get_property STATS.ELAPSED [get_runs synth_1]
00:00:00
get_property STATUS [get_runs temac_gbe_v9_0_impl_1]
Not started
get_property NEEDS_REFRESH [get_runs temac_gbe_v9_0_impl_1]
0
get_property PROGRESS [get_runs temac_gbe_v9_0_impl_1]
0%
get_property STATS.ELAPSED [get_runs temac_gbe_v9_0_impl_1]
00:00:00
get_property STATUS [get_runs temac_gbe_v9_0_synth_1]
Queued...
get_property NEEDS_REFRESH [get_runs temac_gbe_v9_0_synth_1]
0
get_property PROGRESS [get_runs temac_gbe_v9_0_synth_1]
0%
get_property STATS.ELAPSED [get_runs temac_gbe_v9_0_synth_1]
00:00:00
get_property STATUS [get_runs thFMch_input_fifo_impl_1]
Not started
get_property NEEDS_REFRESH [get_runs thFMch_input_fifo_impl_1]
0
get_property PROGRESS [get_runs thFMch_input_fifo_impl_1]
0%
get_property STATS.ELAPSED [get_runs thFMch_input_fifo_impl_1]
00:00:00
get_property STATUS [get_runs thFMch_input_fifo_synth_1]
synth_design Complete!
get_property NEEDS_REFRESH [get_runs thFMch_input_fifo_synth_1]
0
get_property PROGRESS [get_runs thFMch_input_fifo_synth_1]
100%
get_property STATS.ELAPSED [get_runs thFMch_input_fifo_synth_1]
00:06:21
wait_on_run synth_1 -timeout 1
[Wed Jan 20 12:18:06 2021] Waiting for synth_1 to finish (timeout in 1 minute)...
[Wed Jan 20 12:19:06 2021] synth_1 timed out after 1 minute.
wait_on_run: Time (s): cpu = 00:00:00.06 ; elapsed = 00:01:00 . Memory (MB): peak = 2602.773 ; gain = 0.000 ; free physical = 5715 ; free virtual = 88468
get_runs
synth_1 thFMch_input_fifo_synth_1 fmc0_8chan_9g6_synth_1 fmc0_8chan_9g6_vio_0_synth_1 crif_fifo_synth_1 axis_register_slice_fr_synth_1 RAM_2048x12_synth_1 distRAM_64x12_synth_1 Median_distRAM_64x12_synth_1 fir_compiler_0_synth_1 axis_data_fifo_0_synth_1 address_LUT_synth_1 gig_ethernet_pcs_pma_basex_156_25_synth_1 temac_gbe_v9_0_synth_1 impl_1 thFMch_input_fifo_impl_1 fmc0_8chan_9g6_impl_1 fmc0_8chan_9g6_vio_0_impl_1 crif_fifo_impl_1 axis_register_slice_fr_impl_1 RAM_2048x12_impl_1 distRAM_64x12_impl_1 Median_distRAM_64x12_impl_1 fir_compiler_0_impl_1 axis_data_fifo_0_impl_1 address_LUT_impl_1 gig_ethernet_pcs_pma_basex_156_25_impl_1 temac_gbe_v9_0_impl_1
get_property STATUS [get_runs Median_distRAM_64x12_impl_1]
Not started
get_property NEEDS_REFRESH [get_runs Median_distRAM_64x12_impl_1]
0
get_property PROGRESS [get_runs Median_distRAM_64x12_impl_1]
0%
get_property STATS.ELAPSED [get_runs Median_distRAM_64x12_impl_1]
00:00:00
get_property STATUS [get_runs Median_distRAM_64x12_synth_1]
Running synth_design...
get_property NEEDS_REFRESH [get_runs Median_distRAM_64x12_synth_1]
0
get_property PROGRESS [get_runs Median_distRAM_64x12_synth_1]
0%
get_property STATS.ELAPSED [get_runs Median_distRAM_64x12_synth_1]
00:01:37
get_property STATUS [get_runs RAM_2048x12_impl_1]
Not started
get_property NEEDS_REFRESH [get_runs RAM_2048x12_impl_1]
0
get_property PROGRESS [get_runs RAM_2048x12_impl_1]
0%
get_property STATS.ELAPSED [get_runs RAM_2048x12_impl_1]
00:00:00
get_property STATUS [get_runs RAM_2048x12_synth_1]
Running synth_design...
get_property NEEDS_REFRESH [get_runs RAM_2048x12_synth_1]
0
get_property PROGRESS [get_runs RAM_2048x12_synth_1]
0%
get_property STATS.ELAPSED [get_runs RAM_2048x12_synth_1]
00:03:45
get_property STATUS [get_runs address_LUT_impl_1]
Not started
get_property NEEDS_REFRESH [get_runs address_LUT_impl_1]
0
get_property PROGRESS [get_runs address_LUT_impl_1]
0%
get_property STATS.ELAPSED [get_runs address_LUT_impl_1]
00:00:00
get_property STATUS [get_runs address_LUT_synth_1]
Queued...
get_property NEEDS_REFRESH [get_runs address_LUT_synth_1]
0
get_property PROGRESS [get_runs address_LUT_synth_1]
0%
get_property STATS.ELAPSED [get_runs address_LUT_synth_1]
00:00:00
get_property STATUS [get_runs axis_data_fifo_0_impl_1]
Not started
get_property NEEDS_REFRESH [get_runs axis_data_fifo_0_impl_1]
0
get_property PROGRESS [get_runs axis_data_fifo_0_impl_1]
0%
get_property STATS.ELAPSED [get_runs axis_data_fifo_0_impl_1]
00:00:00
get_property STATUS [get_runs axis_data_fifo_0_synth_1]
Queued...
get_property NEEDS_REFRESH [get_runs axis_data_fifo_0_synth_1]
0
get_property PROGRESS [get_runs axis_data_fifo_0_synth_1]
0%
get_property STATS.ELAPSED [get_runs axis_data_fifo_0_synth_1]
00:00:00
get_property STATUS [get_runs axis_register_slice_fr_impl_1]
Not started
get_property NEEDS_REFRESH [get_runs axis_register_slice_fr_impl_1]
0
get_property PROGRESS [get_runs axis_register_slice_fr_impl_1]
0%
get_property STATS.ELAPSED [get_runs axis_register_slice_fr_impl_1]
00:00:00
get_property STATUS [get_runs axis_register_slice_fr_synth_1]
synth_design Complete!
get_property NEEDS_REFRESH [get_runs axis_register_slice_fr_synth_1]
0
get_property PROGRESS [get_runs axis_register_slice_fr_synth_1]
100%
get_property STATS.ELAPSED [get_runs axis_register_slice_fr_synth_1]
00:03:43
get_property STATUS [get_runs crif_fifo_impl_1]
Not started
get_property NEEDS_REFRESH [get_runs crif_fifo_impl_1]
0
get_property PROGRESS [get_runs crif_fifo_impl_1]
0%
get_property STATS.ELAPSED [get_runs crif_fifo_impl_1]
00:00:00
get_property STATUS [get_runs crif_fifo_synth_1]
synth_design Complete!
get_property NEEDS_REFRESH [get_runs crif_fifo_synth_1]
0
get_property PROGRESS [get_runs crif_fifo_synth_1]
100%
get_property STATS.ELAPSED [get_runs crif_fifo_synth_1]
00:06:08
get_property STATUS [get_runs distRAM_64x12_impl_1]
Not started
get_property NEEDS_REFRESH [get_runs distRAM_64x12_impl_1]
0
get_property PROGRESS [get_runs distRAM_64x12_impl_1]
0%
get_property STATS.ELAPSED [get_runs distRAM_64x12_impl_1]
00:00:00
get_property STATUS [get_runs distRAM_64x12_synth_1]
Running synth_design...
get_property NEEDS_REFRESH [get_runs distRAM_64x12_synth_1]
0
get_property PROGRESS [get_runs distRAM_64x12_synth_1]
0%
get_property STATS.ELAPSED [get_runs distRAM_64x12_synth_1]
00:01:38
get_property STATUS [get_runs fir_compiler_0_impl_1]
Not started
get_property NEEDS_REFRESH [get_runs fir_compiler_0_impl_1]
0
get_property PROGRESS [get_runs fir_compiler_0_impl_1]
0%
get_property STATS.ELAPSED [get_runs fir_compiler_0_impl_1]
00:00:00
get_property STATUS [get_runs fir_compiler_0_synth_1]
Running synth_design...
get_property NEEDS_REFRESH [get_runs fir_compiler_0_synth_1]
0
get_property PROGRESS [get_runs fir_compiler_0_synth_1]
0%
get_property STATS.ELAPSED [get_runs fir_compiler_0_synth_1]
00:01:07
get_property STATUS [get_runs fmc0_8chan_9g6_impl_1]
Not started
get_property NEEDS_REFRESH [get_runs fmc0_8chan_9g6_impl_1]
0
get_property PROGRESS [get_runs fmc0_8chan_9g6_impl_1]
0%
get_property STATS.ELAPSED [get_runs fmc0_8chan_9g6_impl_1]
00:00:00
get_property STATUS [get_runs fmc0_8chan_9g6_synth_1]
synth_design Complete!
get_property NEEDS_REFRESH [get_runs fmc0_8chan_9g6_synth_1]
0
get_property PROGRESS [get_runs fmc0_8chan_9g6_synth_1]
100%
get_property STATS.ELAPSED [get_runs fmc0_8chan_9g6_synth_1]
00:04:58
get_property STATUS [get_runs fmc0_8chan_9g6_vio_0_impl_1]
Not started
get_property NEEDS_REFRESH [get_runs fmc0_8chan_9g6_vio_0_impl_1]
0
get_property PROGRESS [get_runs fmc0_8chan_9g6_vio_0_impl_1]
0%
get_property STATS.ELAPSED [get_runs fmc0_8chan_9g6_vio_0_impl_1]
00:00:00
get_property STATUS [get_runs fmc0_8chan_9g6_vio_0_synth_1]
synth_design Complete!
get_property NEEDS_REFRESH [get_runs fmc0_8chan_9g6_vio_0_synth_1]
0
get_property PROGRESS [get_runs fmc0_8chan_9g6_vio_0_synth_1]
100%
get_property STATS.ELAPSED [get_runs fmc0_8chan_9g6_vio_0_synth_1]
00:03:57
get_property STATUS [get_runs gig_ethernet_pcs_pma_basex_156_25_impl_1]
Not started
get_property NEEDS_REFRESH [get_runs gig_ethernet_pcs_pma_basex_156_25_impl_1]
0
get_property PROGRESS [get_runs gig_ethernet_pcs_pma_basex_156_25_impl_1]
0%
get_property STATS.ELAPSED [get_runs gig_ethernet_pcs_pma_basex_156_25_impl_1]
00:00:00
get_property STATUS [get_runs gig_ethernet_pcs_pma_basex_156_25_synth_1]
Queued...
get_property NEEDS_REFRESH [get_runs gig_ethernet_pcs_pma_basex_156_25_synth_1]
0
get_property PROGRESS [get_runs gig_ethernet_pcs_pma_basex_156_25_synth_1]
0%
get_property STATS.ELAPSED [get_runs gig_ethernet_pcs_pma_basex_156_25_synth_1]
00:00:00
get_property STATUS [get_runs impl_1]
Not started
get_property NEEDS_REFRESH [get_runs impl_1]
0
get_property PROGRESS [get_runs impl_1]
0%
get_property STATS.ELAPSED [get_runs impl_1]
00:00:00
get_property STATUS [get_runs synth_1]
Queued...
get_property NEEDS_REFRESH [get_runs synth_1]
0
get_property PROGRESS [get_runs synth_1]
0%
get_property STATS.ELAPSED [get_runs synth_1]
00:00:00
get_property STATUS [get_runs temac_gbe_v9_0_impl_1]
Not started
get_property NEEDS_REFRESH [get_runs temac_gbe_v9_0_impl_1]
0
get_property PROGRESS [get_runs temac_gbe_v9_0_impl_1]
0%
get_property STATS.ELAPSED [get_runs temac_gbe_v9_0_impl_1]
00:00:00
get_property STATUS [get_runs temac_gbe_v9_0_synth_1]
Queued...
get_property NEEDS_REFRESH [get_runs temac_gbe_v9_0_synth_1]
0
get_property PROGRESS [get_runs temac_gbe_v9_0_synth_1]
0%
get_property STATS.ELAPSED [get_runs temac_gbe_v9_0_synth_1]
00:00:00
get_property STATUS [get_runs thFMch_input_fifo_impl_1]
Not started
get_property NEEDS_REFRESH [get_runs thFMch_input_fifo_impl_1]
0
get_property PROGRESS [get_runs thFMch_input_fifo_impl_1]
0%
get_property STATS.ELAPSED [get_runs thFMch_input_fifo_impl_1]
00:00:00
get_property STATUS [get_runs thFMch_input_fifo_synth_1]
synth_design Complete!
get_property NEEDS_REFRESH [get_runs thFMch_input_fifo_synth_1]
0
get_property PROGRESS [get_runs thFMch_input_fifo_synth_1]
100%
get_property STATS.ELAPSED [get_runs thFMch_input_fifo_synth_1]
00:06:21
wait_on_run synth_1 -timeout 1
[Wed Jan 20 12:19:06 2021] Waiting for synth_1 to finish (timeout in 1 minute)...
[Wed Jan 20 12:20:06 2021] synth_1 timed out after 1 minute.
wait_on_run: Time (s): cpu = 00:00:00.09 ; elapsed = 00:01:00 . Memory (MB): peak = 2602.773 ; gain = 0.000 ; free physical = 5972 ; free virtual = 88728
get_runs
synth_1 thFMch_input_fifo_synth_1 fmc0_8chan_9g6_synth_1 fmc0_8chan_9g6_vio_0_synth_1 crif_fifo_synth_1 axis_register_slice_fr_synth_1 RAM_2048x12_synth_1 distRAM_64x12_synth_1 Median_distRAM_64x12_synth_1 fir_compiler_0_synth_1 axis_data_fifo_0_synth_1 address_LUT_synth_1 gig_ethernet_pcs_pma_basex_156_25_synth_1 temac_gbe_v9_0_synth_1 impl_1 thFMch_input_fifo_impl_1 fmc0_8chan_9g6_impl_1 fmc0_8chan_9g6_vio_0_impl_1 crif_fifo_impl_1 axis_register_slice_fr_impl_1 RAM_2048x12_impl_1 distRAM_64x12_impl_1 Median_distRAM_64x12_impl_1 fir_compiler_0_impl_1 axis_data_fifo_0_impl_1 address_LUT_impl_1 gig_ethernet_pcs_pma_basex_156_25_impl_1 temac_gbe_v9_0_impl_1
get_property STATUS [get_runs Median_distRAM_64x12_impl_1]
Not started
get_property NEEDS_REFRESH [get_runs Median_distRAM_64x12_impl_1]
0
get_property PROGRESS [get_runs Median_distRAM_64x12_impl_1]
0%
get_property STATS.ELAPSED [get_runs Median_distRAM_64x12_impl_1]
00:00:00
get_property STATUS [get_runs Median_distRAM_64x12_synth_1]
Running synth_design...
get_property NEEDS_REFRESH [get_runs Median_distRAM_64x12_synth_1]
0
get_property PROGRESS [get_runs Median_distRAM_64x12_synth_1]
0%
get_property STATS.ELAPSED [get_runs Median_distRAM_64x12_synth_1]
00:03:43
get_property STATUS [get_runs RAM_2048x12_impl_1]
Not started
get_property NEEDS_REFRESH [get_runs RAM_2048x12_impl_1]
0
get_property PROGRESS [get_runs RAM_2048x12_impl_1]
0%
get_property STATS.ELAPSED [get_runs RAM_2048x12_impl_1]
00:00:00
get_property STATUS [get_runs RAM_2048x12_synth_1]
Running synth_design...
get_property NEEDS_REFRESH [get_runs RAM_2048x12_synth_1]
0
get_property PROGRESS [get_runs RAM_2048x12_synth_1]
0%
get_property STATS.ELAPSED [get_runs RAM_2048x12_synth_1]
00:03:45
get_property STATUS [get_runs address_LUT_impl_1]
Not started
get_property NEEDS_REFRESH [get_runs address_LUT_impl_1]
0
get_property PROGRESS [get_runs address_LUT_impl_1]
0%
get_property STATS.ELAPSED [get_runs address_LUT_impl_1]
00:00:00
get_property STATUS [get_runs address_LUT_synth_1]
Queued...
get_property NEEDS_REFRESH [get_runs address_LUT_synth_1]
0
get_property PROGRESS [get_runs address_LUT_synth_1]
0%
get_property STATS.ELAPSED [get_runs address_LUT_synth_1]
00:00:00
get_property STATUS [get_runs axis_data_fifo_0_impl_1]
Not started
get_property NEEDS_REFRESH [get_runs axis_data_fifo_0_impl_1]
0
get_property PROGRESS [get_runs axis_data_fifo_0_impl_1]
0%
get_property STATS.ELAPSED [get_runs axis_data_fifo_0_impl_1]
00:00:00
get_property STATUS [get_runs axis_data_fifo_0_synth_1]
Running synth_design...
get_property NEEDS_REFRESH [get_runs axis_data_fifo_0_synth_1]
0
get_property PROGRESS [get_runs axis_data_fifo_0_synth_1]
0%
get_property STATS.ELAPSED [get_runs axis_data_fifo_0_synth_1]
00:00:00
get_property STATUS [get_runs axis_register_slice_fr_impl_1]
Not started
get_property NEEDS_REFRESH [get_runs axis_register_slice_fr_impl_1]
0
get_property PROGRESS [get_runs axis_register_slice_fr_impl_1]
0%
get_property STATS.ELAPSED [get_runs axis_register_slice_fr_impl_1]
00:00:00
get_property STATUS [get_runs axis_register_slice_fr_synth_1]
synth_design Complete!
get_property NEEDS_REFRESH [get_runs axis_register_slice_fr_synth_1]
0
get_property PROGRESS [get_runs axis_register_slice_fr_synth_1]
100%
get_property STATS.ELAPSED [get_runs axis_register_slice_fr_synth_1]
00:03:43
get_property STATUS [get_runs crif_fifo_impl_1]
Not started
get_property NEEDS_REFRESH [get_runs crif_fifo_impl_1]
0
get_property PROGRESS [get_runs crif_fifo_impl_1]
0%
get_property STATS.ELAPSED [get_runs crif_fifo_impl_1]
00:00:00
get_property STATUS [get_runs crif_fifo_synth_1]
synth_design Complete!
get_property NEEDS_REFRESH [get_runs crif_fifo_synth_1]
0
get_property PROGRESS [get_runs crif_fifo_synth_1]
100%
get_property STATS.ELAPSED [get_runs crif_fifo_synth_1]
00:06:08
get_property STATUS [get_runs distRAM_64x12_impl_1]
Not started
get_property NEEDS_REFRESH [get_runs distRAM_64x12_impl_1]
0
get_property PROGRESS [get_runs distRAM_64x12_impl_1]
0%
get_property STATS.ELAPSED [get_runs distRAM_64x12_impl_1]
00:00:00
get_property STATUS [get_runs distRAM_64x12_synth_1]
synth_design Complete!
get_property NEEDS_REFRESH [get_runs distRAM_64x12_synth_1]
0
get_property PROGRESS [get_runs distRAM_64x12_synth_1]
100%
get_property STATS.ELAPSED [get_runs distRAM_64x12_synth_1]
00:03:46
get_property STATUS [get_runs fir_compiler_0_impl_1]
Not started
get_property NEEDS_REFRESH [get_runs fir_compiler_0_impl_1]
0
get_property PROGRESS [get_runs fir_compiler_0_impl_1]
0%
get_property STATS.ELAPSED [get_runs fir_compiler_0_impl_1]
00:00:00
get_property STATUS [get_runs fir_compiler_0_synth_1]
Running synth_design...
get_property NEEDS_REFRESH [get_runs fir_compiler_0_synth_1]
0
get_property PROGRESS [get_runs fir_compiler_0_synth_1]
0%
get_property STATS.ELAPSED [get_runs fir_compiler_0_synth_1]
00:02:12
get_property STATUS [get_runs fmc0_8chan_9g6_impl_1]
Not started
get_property NEEDS_REFRESH [get_runs fmc0_8chan_9g6_impl_1]
0
get_property PROGRESS [get_runs fmc0_8chan_9g6_impl_1]
0%
get_property STATS.ELAPSED [get_runs fmc0_8chan_9g6_impl_1]
00:00:00
get_property STATUS [get_runs fmc0_8chan_9g6_synth_1]
synth_design Complete!
get_property NEEDS_REFRESH [get_runs fmc0_8chan_9g6_synth_1]
0
get_property PROGRESS [get_runs fmc0_8chan_9g6_synth_1]
100%
get_property STATS.ELAPSED [get_runs fmc0_8chan_9g6_synth_1]
00:04:58
get_property STATUS [get_runs fmc0_8chan_9g6_vio_0_impl_1]
Not started
get_property NEEDS_REFRESH [get_runs fmc0_8chan_9g6_vio_0_impl_1]
0
get_property PROGRESS [get_runs fmc0_8chan_9g6_vio_0_impl_1]
0%
get_property STATS.ELAPSED [get_runs fmc0_8chan_9g6_vio_0_impl_1]
00:00:00
get_property STATUS [get_runs fmc0_8chan_9g6_vio_0_synth_1]
synth_design Complete!
get_property NEEDS_REFRESH [get_runs fmc0_8chan_9g6_vio_0_synth_1]
0
get_property PROGRESS [get_runs fmc0_8chan_9g6_vio_0_synth_1]
100%
get_property STATS.ELAPSED [get_runs fmc0_8chan_9g6_vio_0_synth_1]
00:03:57
get_property STATUS [get_runs gig_ethernet_pcs_pma_basex_156_25_impl_1]
Not started
get_property NEEDS_REFRESH [get_runs gig_ethernet_pcs_pma_basex_156_25_impl_1]
0
get_property PROGRESS [get_runs gig_ethernet_pcs_pma_basex_156_25_impl_1]
0%
get_property STATS.ELAPSED [get_runs gig_ethernet_pcs_pma_basex_156_25_impl_1]
00:00:00
get_property STATUS [get_runs gig_ethernet_pcs_pma_basex_156_25_synth_1]
Queued...
get_property NEEDS_REFRESH [get_runs gig_ethernet_pcs_pma_basex_156_25_synth_1]
0
get_property PROGRESS [get_runs gig_ethernet_pcs_pma_basex_156_25_synth_1]
0%
get_property STATS.ELAPSED [get_runs gig_ethernet_pcs_pma_basex_156_25_synth_1]
00:00:00
get_property STATUS [get_runs impl_1]
Not started
get_property NEEDS_REFRESH [get_runs impl_1]
0
get_property PROGRESS [get_runs impl_1]
0%
get_property STATS.ELAPSED [get_runs impl_1]
00:00:00
get_property STATUS [get_runs synth_1]
Queued...
get_property NEEDS_REFRESH [get_runs synth_1]
0
get_property PROGRESS [get_runs synth_1]
0%
get_property STATS.ELAPSED [get_runs synth_1]
00:00:00
get_property STATUS [get_runs temac_gbe_v9_0_impl_1]
Not started
get_property NEEDS_REFRESH [get_runs temac_gbe_v9_0_impl_1]
0
get_property PROGRESS [get_runs temac_gbe_v9_0_impl_1]
0%
get_property STATS.ELAPSED [get_runs temac_gbe_v9_0_impl_1]
00:00:00
get_property STATUS [get_runs temac_gbe_v9_0_synth_1]
Queued...
get_property NEEDS_REFRESH [get_runs temac_gbe_v9_0_synth_1]
0
get_property PROGRESS [get_runs temac_gbe_v9_0_synth_1]
0%
get_property STATS.ELAPSED [get_runs temac_gbe_v9_0_synth_1]
00:00:00
get_property STATUS [get_runs thFMch_input_fifo_impl_1]
Not started
get_property NEEDS_REFRESH [get_runs thFMch_input_fifo_impl_1]
0
get_property PROGRESS [get_runs thFMch_input_fifo_impl_1]
0%
get_property STATS.ELAPSED [get_runs thFMch_input_fifo_impl_1]
00:00:00
get_property STATUS [get_runs thFMch_input_fifo_synth_1]
synth_design Complete!
get_property NEEDS_REFRESH [get_runs thFMch_input_fifo_synth_1]
0
get_property PROGRESS [get_runs thFMch_input_fifo_synth_1]
100%
get_property STATS.ELAPSED [get_runs thFMch_input_fifo_synth_1]
00:06:21
wait_on_run synth_1 -timeout 1
[Wed Jan 20 12:20:06 2021] Waiting for synth_1 to finish (timeout in 1 minute)...
[Wed Jan 20 12:21:07 2021] synth_1 timed out after 1 minute.
wait_on_run: Time (s): cpu = 00:00:00.13 ; elapsed = 00:01:00 . Memory (MB): peak = 2602.773 ; gain = 0.000 ; free physical = 7413 ; free virtual = 90178
get_runs
synth_1 thFMch_input_fifo_synth_1 fmc0_8chan_9g6_synth_1 fmc0_8chan_9g6_vio_0_synth_1 crif_fifo_synth_1 axis_register_slice_fr_synth_1 RAM_2048x12_synth_1 distRAM_64x12_synth_1 Median_distRAM_64x12_synth_1 fir_compiler_0_synth_1 axis_data_fifo_0_synth_1 address_LUT_synth_1 gig_ethernet_pcs_pma_basex_156_25_synth_1 temac_gbe_v9_0_synth_1 impl_1 thFMch_input_fifo_impl_1 fmc0_8chan_9g6_impl_1 fmc0_8chan_9g6_vio_0_impl_1 crif_fifo_impl_1 axis_register_slice_fr_impl_1 RAM_2048x12_impl_1 distRAM_64x12_impl_1 Median_distRAM_64x12_impl_1 fir_compiler_0_impl_1 axis_data_fifo_0_impl_1 address_LUT_impl_1 gig_ethernet_pcs_pma_basex_156_25_impl_1 temac_gbe_v9_0_impl_1
get_property STATUS [get_runs Median_distRAM_64x12_impl_1]
Not started
get_property NEEDS_REFRESH [get_runs Median_distRAM_64x12_impl_1]
0
get_property PROGRESS [get_runs Median_distRAM_64x12_impl_1]
0%
get_property STATS.ELAPSED [get_runs Median_distRAM_64x12_impl_1]
00:00:00
get_property STATUS [get_runs Median_distRAM_64x12_synth_1]
synth_design Complete!
get_property NEEDS_REFRESH [get_runs Median_distRAM_64x12_synth_1]
0
get_property PROGRESS [get_runs Median_distRAM_64x12_synth_1]
100%
get_property STATS.ELAPSED [get_runs Median_distRAM_64x12_synth_1]
00:03:45
get_property STATUS [get_runs RAM_2048x12_impl_1]
Not started
get_property NEEDS_REFRESH [get_runs RAM_2048x12_impl_1]
0
get_property PROGRESS [get_runs RAM_2048x12_impl_1]
0%
get_property STATS.ELAPSED [get_runs RAM_2048x12_impl_1]
00:00:00
get_property STATUS [get_runs RAM_2048x12_synth_1]
synth_design Complete!
get_property NEEDS_REFRESH [get_runs RAM_2048x12_synth_1]
0
get_property PROGRESS [get_runs RAM_2048x12_synth_1]
100%
get_property STATS.ELAPSED [get_runs RAM_2048x12_synth_1]
00:05:50
get_property STATUS [get_runs address_LUT_impl_1]
Not started
get_property NEEDS_REFRESH [get_runs address_LUT_impl_1]
0
get_property PROGRESS [get_runs address_LUT_impl_1]
0%
get_property STATS.ELAPSED [get_runs address_LUT_impl_1]
00:00:00
get_property STATUS [get_runs address_LUT_synth_1]
Running synth_design...
get_property NEEDS_REFRESH [get_runs address_LUT_synth_1]
0
get_property PROGRESS [get_runs address_LUT_synth_1]
0%
get_property STATS.ELAPSED [get_runs address_LUT_synth_1]
00:00:27
get_property STATUS [get_runs axis_data_fifo_0_impl_1]
Not started
get_property NEEDS_REFRESH [get_runs axis_data_fifo_0_impl_1]
0
get_property PROGRESS [get_runs axis_data_fifo_0_impl_1]
0%
get_property STATS.ELAPSED [get_runs axis_data_fifo_0_impl_1]
00:00:00
get_property STATUS [get_runs axis_data_fifo_0_synth_1]
Running synth_design...
get_property NEEDS_REFRESH [get_runs axis_data_fifo_0_synth_1]
0
get_property PROGRESS [get_runs axis_data_fifo_0_synth_1]
0%
get_property STATS.ELAPSED [get_runs axis_data_fifo_0_synth_1]
00:00:41
get_property STATUS [get_runs axis_register_slice_fr_impl_1]
Not started
get_property NEEDS_REFRESH [get_runs axis_register_slice_fr_impl_1]
0
get_property PROGRESS [get_runs axis_register_slice_fr_impl_1]
0%
get_property STATS.ELAPSED [get_runs axis_register_slice_fr_impl_1]
00:00:00
get_property STATUS [get_runs axis_register_slice_fr_synth_1]
synth_design Complete!
get_property NEEDS_REFRESH [get_runs axis_register_slice_fr_synth_1]
0
get_property PROGRESS [get_runs axis_register_slice_fr_synth_1]
100%
get_property STATS.ELAPSED [get_runs axis_register_slice_fr_synth_1]
00:03:43
get_property STATUS [get_runs crif_fifo_impl_1]
Not started
get_property NEEDS_REFRESH [get_runs crif_fifo_impl_1]
0
get_property PROGRESS [get_runs crif_fifo_impl_1]
0%
get_property STATS.ELAPSED [get_runs crif_fifo_impl_1]
00:00:00
get_property STATUS [get_runs crif_fifo_synth_1]
synth_design Complete!
get_property NEEDS_REFRESH [get_runs crif_fifo_synth_1]
0
get_property PROGRESS [get_runs crif_fifo_synth_1]
100%
get_property STATS.ELAPSED [get_runs crif_fifo_synth_1]
00:06:08
get_property STATUS [get_runs distRAM_64x12_impl_1]
Not started
get_property NEEDS_REFRESH [get_runs distRAM_64x12_impl_1]
0
get_property PROGRESS [get_runs distRAM_64x12_impl_1]
0%
get_property STATS.ELAPSED [get_runs distRAM_64x12_impl_1]
00:00:00
get_property STATUS [get_runs distRAM_64x12_synth_1]
synth_design Complete!
get_property NEEDS_REFRESH [get_runs distRAM_64x12_synth_1]
0
get_property PROGRESS [get_runs distRAM_64x12_synth_1]
100%
get_property STATS.ELAPSED [get_runs distRAM_64x12_synth_1]
00:03:46
get_property STATUS [get_runs fir_compiler_0_impl_1]
Not started
get_property NEEDS_REFRESH [get_runs fir_compiler_0_impl_1]
0
get_property PROGRESS [get_runs fir_compiler_0_impl_1]
0%
get_property STATS.ELAPSED [get_runs fir_compiler_0_impl_1]
00:00:00
get_property STATUS [get_runs fir_compiler_0_synth_1]
Running synth_design...
get_property NEEDS_REFRESH [get_runs fir_compiler_0_synth_1]
0
get_property PROGRESS [get_runs fir_compiler_0_synth_1]
0%
get_property STATS.ELAPSED [get_runs fir_compiler_0_synth_1]
00:02:12
get_property STATUS [get_runs fmc0_8chan_9g6_impl_1]
Not started
get_property NEEDS_REFRESH [get_runs fmc0_8chan_9g6_impl_1]
0
get_property PROGRESS [get_runs fmc0_8chan_9g6_impl_1]
0%
get_property STATS.ELAPSED [get_runs fmc0_8chan_9g6_impl_1]
00:00:00
get_property STATUS [get_runs fmc0_8chan_9g6_synth_1]
synth_design Complete!
get_property NEEDS_REFRESH [get_runs fmc0_8chan_9g6_synth_1]
0
get_property PROGRESS [get_runs fmc0_8chan_9g6_synth_1]
100%
get_property STATS.ELAPSED [get_runs fmc0_8chan_9g6_synth_1]
00:04:58
get_property STATUS [get_runs fmc0_8chan_9g6_vio_0_impl_1]
Not started
get_property NEEDS_REFRESH [get_runs fmc0_8chan_9g6_vio_0_impl_1]
0
get_property PROGRESS [get_runs fmc0_8chan_9g6_vio_0_impl_1]
0%
get_property STATS.ELAPSED [get_runs fmc0_8chan_9g6_vio_0_impl_1]
00:00:00
get_property STATUS [get_runs fmc0_8chan_9g6_vio_0_synth_1]
synth_design Complete!
get_property NEEDS_REFRESH [get_runs fmc0_8chan_9g6_vio_0_synth_1]
0
get_property PROGRESS [get_runs fmc0_8chan_9g6_vio_0_synth_1]
100%
get_property STATS.ELAPSED [get_runs fmc0_8chan_9g6_vio_0_synth_1]
00:03:57
get_property STATUS [get_runs gig_ethernet_pcs_pma_basex_156_25_impl_1]
Not started
get_property NEEDS_REFRESH [get_runs gig_ethernet_pcs_pma_basex_156_25_impl_1]
0
get_property PROGRESS [get_runs gig_ethernet_pcs_pma_basex_156_25_impl_1]
0%
get_property STATS.ELAPSED [get_runs gig_ethernet_pcs_pma_basex_156_25_impl_1]
00:00:00
get_property STATUS [get_runs gig_ethernet_pcs_pma_basex_156_25_synth_1]
Running synth_design...
get_property NEEDS_REFRESH [get_runs gig_ethernet_pcs_pma_basex_156_25_synth_1]
0
get_property PROGRESS [get_runs gig_ethernet_pcs_pma_basex_156_25_synth_1]
0%
get_property STATS.ELAPSED [get_runs gig_ethernet_pcs_pma_basex_156_25_synth_1]
00:00:11
get_property STATUS [get_runs impl_1]
Not started
get_property NEEDS_REFRESH [get_runs impl_1]
0
get_property PROGRESS [get_runs impl_1]
0%
get_property STATS.ELAPSED [get_runs impl_1]
00:00:00
get_property STATUS [get_runs synth_1]
Queued...
get_property NEEDS_REFRESH [get_runs synth_1]
0
get_property PROGRESS [get_runs synth_1]
0%
get_property STATS.ELAPSED [get_runs synth_1]
00:00:00
get_property STATUS [get_runs temac_gbe_v9_0_impl_1]
Not started
get_property NEEDS_REFRESH [get_runs temac_gbe_v9_0_impl_1]
0
get_property PROGRESS [get_runs temac_gbe_v9_0_impl_1]
0%
get_property STATS.ELAPSED [get_runs temac_gbe_v9_0_impl_1]
00:00:00
get_property STATUS [get_runs temac_gbe_v9_0_synth_1]
Queued...
get_property NEEDS_REFRESH [get_runs temac_gbe_v9_0_synth_1]
0
get_property PROGRESS [get_runs temac_gbe_v9_0_synth_1]
0%
get_property STATS.ELAPSED [get_runs temac_gbe_v9_0_synth_1]
00:00:00
get_property STATUS [get_runs thFMch_input_fifo_impl_1]
Not started
get_property NEEDS_REFRESH [get_runs thFMch_input_fifo_impl_1]
0
get_property PROGRESS [get_runs thFMch_input_fifo_impl_1]
0%
get_property STATS.ELAPSED [get_runs thFMch_input_fifo_impl_1]
00:00:00
get_property STATUS [get_runs thFMch_input_fifo_synth_1]
synth_design Complete!
get_property NEEDS_REFRESH [get_runs thFMch_input_fifo_synth_1]
0
get_property PROGRESS [get_runs thFMch_input_fifo_synth_1]
100%
get_property STATS.ELAPSED [get_runs thFMch_input_fifo_synth_1]
00:06:21
wait_on_run synth_1 -timeout 1
[Wed Jan 20 12:21:07 2021] Waiting for synth_1 to finish (timeout in 1 minute)...
[Wed Jan 20 12:22:07 2021] synth_1 timed out after 1 minute.
wait_on_run: Time (s): cpu = 00:00:00.08 ; elapsed = 00:01:00 . Memory (MB): peak = 2602.773 ; gain = 0.000 ; free physical = 5556 ; free virtual = 88324
get_runs
synth_1 thFMch_input_fifo_synth_1 fmc0_8chan_9g6_synth_1 fmc0_8chan_9g6_vio_0_synth_1 crif_fifo_synth_1 axis_register_slice_fr_synth_1 RAM_2048x12_synth_1 distRAM_64x12_synth_1 Median_distRAM_64x12_synth_1 fir_compiler_0_synth_1 axis_data_fifo_0_synth_1 address_LUT_synth_1 gig_ethernet_pcs_pma_basex_156_25_synth_1 temac_gbe_v9_0_synth_1 impl_1 thFMch_input_fifo_impl_1 fmc0_8chan_9g6_impl_1 fmc0_8chan_9g6_vio_0_impl_1 crif_fifo_impl_1 axis_register_slice_fr_impl_1 RAM_2048x12_impl_1 distRAM_64x12_impl_1 Median_distRAM_64x12_impl_1 fir_compiler_0_impl_1 axis_data_fifo_0_impl_1 address_LUT_impl_1 gig_ethernet_pcs_pma_basex_156_25_impl_1 temac_gbe_v9_0_impl_1
get_property STATUS [get_runs Median_distRAM_64x12_impl_1]
Not started
get_property NEEDS_REFRESH [get_runs Median_distRAM_64x12_impl_1]
0
get_property PROGRESS [get_runs Median_distRAM_64x12_impl_1]
0%
get_property STATS.ELAPSED [get_runs Median_distRAM_64x12_impl_1]
00:00:00
get_property STATUS [get_runs Median_distRAM_64x12_synth_1]
synth_design Complete!
get_property NEEDS_REFRESH [get_runs Median_distRAM_64x12_synth_1]
0
get_property PROGRESS [get_runs Median_distRAM_64x12_synth_1]
100%
get_property STATS.ELAPSED [get_runs Median_distRAM_64x12_synth_1]
00:03:45
get_property STATUS [get_runs RAM_2048x12_impl_1]
Not started
get_property NEEDS_REFRESH [get_runs RAM_2048x12_impl_1]
0
get_property PROGRESS [get_runs RAM_2048x12_impl_1]
0%
get_property STATS.ELAPSED [get_runs RAM_2048x12_impl_1]
00:00:00
get_property STATUS [get_runs RAM_2048x12_synth_1]
synth_design Complete!
get_property NEEDS_REFRESH [get_runs RAM_2048x12_synth_1]
0
get_property PROGRESS [get_runs RAM_2048x12_synth_1]
100%
get_property STATS.ELAPSED [get_runs RAM_2048x12_synth_1]
00:05:50
get_property STATUS [get_runs address_LUT_impl_1]
Not started
get_property NEEDS_REFRESH [get_runs address_LUT_impl_1]
0
get_property PROGRESS [get_runs address_LUT_impl_1]
0%
get_property STATS.ELAPSED [get_runs address_LUT_impl_1]
00:00:00
get_property STATUS [get_runs address_LUT_synth_1]
Running synth_design...
get_property NEEDS_REFRESH [get_runs address_LUT_synth_1]
0
get_property PROGRESS [get_runs address_LUT_synth_1]
0%
get_property STATS.ELAPSED [get_runs address_LUT_synth_1]
00:01:00
get_property STATUS [get_runs axis_data_fifo_0_impl_1]
Not started
get_property NEEDS_REFRESH [get_runs axis_data_fifo_0_impl_1]
0
get_property PROGRESS [get_runs axis_data_fifo_0_impl_1]
0%
get_property STATS.ELAPSED [get_runs axis_data_fifo_0_impl_1]
00:00:00
get_property STATUS [get_runs axis_data_fifo_0_synth_1]
Running synth_design...
get_property NEEDS_REFRESH [get_runs axis_data_fifo_0_synth_1]
0
get_property PROGRESS [get_runs axis_data_fifo_0_synth_1]
0%
get_property STATS.ELAPSED [get_runs axis_data_fifo_0_synth_1]
00:01:44
get_property STATUS [get_runs axis_register_slice_fr_impl_1]
Not started
get_property NEEDS_REFRESH [get_runs axis_register_slice_fr_impl_1]
0
get_property PROGRESS [get_runs axis_register_slice_fr_impl_1]
0%
get_property STATS.ELAPSED [get_runs axis_register_slice_fr_impl_1]
00:00:00
get_property STATUS [get_runs axis_register_slice_fr_synth_1]
synth_design Complete!
get_property NEEDS_REFRESH [get_runs axis_register_slice_fr_synth_1]
0
get_property PROGRESS [get_runs axis_register_slice_fr_synth_1]
100%
get_property STATS.ELAPSED [get_runs axis_register_slice_fr_synth_1]
00:03:43
get_property STATUS [get_runs crif_fifo_impl_1]
Not started
get_property NEEDS_REFRESH [get_runs crif_fifo_impl_1]
0
get_property PROGRESS [get_runs crif_fifo_impl_1]
0%
get_property STATS.ELAPSED [get_runs crif_fifo_impl_1]
00:00:00
get_property STATUS [get_runs crif_fifo_synth_1]
synth_design Complete!
get_property NEEDS_REFRESH [get_runs crif_fifo_synth_1]
0
get_property PROGRESS [get_runs crif_fifo_synth_1]
100%
get_property STATS.ELAPSED [get_runs crif_fifo_synth_1]
00:06:08
get_property STATUS [get_runs distRAM_64x12_impl_1]
Not started
get_property NEEDS_REFRESH [get_runs distRAM_64x12_impl_1]
0
get_property PROGRESS [get_runs distRAM_64x12_impl_1]
0%
get_property STATS.ELAPSED [get_runs distRAM_64x12_impl_1]
00:00:00
get_property STATUS [get_runs distRAM_64x12_synth_1]
synth_design Complete!
get_property NEEDS_REFRESH [get_runs distRAM_64x12_synth_1]
0
get_property PROGRESS [get_runs distRAM_64x12_synth_1]
100%
get_property STATS.ELAPSED [get_runs distRAM_64x12_synth_1]
00:03:46
get_property STATUS [get_runs fir_compiler_0_impl_1]
Not started
get_property NEEDS_REFRESH [get_runs fir_compiler_0_impl_1]
0
get_property PROGRESS [get_runs fir_compiler_0_impl_1]
0%
get_property STATS.ELAPSED [get_runs fir_compiler_0_impl_1]
00:00:00
get_property STATUS [get_runs fir_compiler_0_synth_1]
Running synth_design...
get_property NEEDS_REFRESH [get_runs fir_compiler_0_synth_1]
0
get_property PROGRESS [get_runs fir_compiler_0_synth_1]
0%
get_property STATS.ELAPSED [get_runs fir_compiler_0_synth_1]
00:04:25
get_property STATUS [get_runs fmc0_8chan_9g6_impl_1]
Not started
get_property NEEDS_REFRESH [get_runs fmc0_8chan_9g6_impl_1]
0
get_property PROGRESS [get_runs fmc0_8chan_9g6_impl_1]
0%
get_property STATS.ELAPSED [get_runs fmc0_8chan_9g6_impl_1]
00:00:00
get_property STATUS [get_runs fmc0_8chan_9g6_synth_1]
synth_design Complete!
get_property NEEDS_REFRESH [get_runs fmc0_8chan_9g6_synth_1]
0
get_property PROGRESS [get_runs fmc0_8chan_9g6_synth_1]
100%
get_property STATS.ELAPSED [get_runs fmc0_8chan_9g6_synth_1]
00:04:58
get_property STATUS [get_runs fmc0_8chan_9g6_vio_0_impl_1]
Not started
get_property NEEDS_REFRESH [get_runs fmc0_8chan_9g6_vio_0_impl_1]
0
get_property PROGRESS [get_runs fmc0_8chan_9g6_vio_0_impl_1]
0%
get_property STATS.ELAPSED [get_runs fmc0_8chan_9g6_vio_0_impl_1]
00:00:00
get_property STATUS [get_runs fmc0_8chan_9g6_vio_0_synth_1]
synth_design Complete!
get_property NEEDS_REFRESH [get_runs fmc0_8chan_9g6_vio_0_synth_1]
0
get_property PROGRESS [get_runs fmc0_8chan_9g6_vio_0_synth_1]
100%
get_property STATS.ELAPSED [get_runs fmc0_8chan_9g6_vio_0_synth_1]
00:03:57
get_property STATUS [get_runs gig_ethernet_pcs_pma_basex_156_25_impl_1]
Not started
get_property NEEDS_REFRESH [get_runs gig_ethernet_pcs_pma_basex_156_25_impl_1]
0
get_property PROGRESS [get_runs gig_ethernet_pcs_pma_basex_156_25_impl_1]
0%
get_property STATS.ELAPSED [get_runs gig_ethernet_pcs_pma_basex_156_25_impl_1]
00:00:00
get_property STATUS [get_runs gig_ethernet_pcs_pma_basex_156_25_synth_1]
Running synth_design...
get_property NEEDS_REFRESH [get_runs gig_ethernet_pcs_pma_basex_156_25_synth_1]
0
get_property PROGRESS [get_runs gig_ethernet_pcs_pma_basex_156_25_synth_1]
0%
get_property STATS.ELAPSED [get_runs gig_ethernet_pcs_pma_basex_156_25_synth_1]
00:00:47
get_property STATUS [get_runs impl_1]
Not started
get_property NEEDS_REFRESH [get_runs impl_1]
0
get_property PROGRESS [get_runs impl_1]
0%
get_property STATS.ELAPSED [get_runs impl_1]
00:00:00
get_property STATUS [get_runs synth_1]
Queued...
get_property NEEDS_REFRESH [get_runs synth_1]
0
get_property PROGRESS [get_runs synth_1]
0%
get_property STATS.ELAPSED [get_runs synth_1]
00:00:00
get_property STATUS [get_runs temac_gbe_v9_0_impl_1]
Not started
get_property NEEDS_REFRESH [get_runs temac_gbe_v9_0_impl_1]
0
get_property PROGRESS [get_runs temac_gbe_v9_0_impl_1]
0%
get_property STATS.ELAPSED [get_runs temac_gbe_v9_0_impl_1]
00:00:00
get_property STATUS [get_runs temac_gbe_v9_0_synth_1]
Queued...
get_property NEEDS_REFRESH [get_runs temac_gbe_v9_0_synth_1]
0
get_property PROGRESS [get_runs temac_gbe_v9_0_synth_1]
0%
get_property STATS.ELAPSED [get_runs temac_gbe_v9_0_synth_1]
00:00:00
get_property STATUS [get_runs thFMch_input_fifo_impl_1]
Not started
get_property NEEDS_REFRESH [get_runs thFMch_input_fifo_impl_1]
0
get_property PROGRESS [get_runs thFMch_input_fifo_impl_1]
0%
get_property STATS.ELAPSED [get_runs thFMch_input_fifo_impl_1]
00:00:00
get_property STATUS [get_runs thFMch_input_fifo_synth_1]
synth_design Complete!
get_property NEEDS_REFRESH [get_runs thFMch_input_fifo_synth_1]
0
get_property PROGRESS [get_runs thFMch_input_fifo_synth_1]
100%
get_property STATS.ELAPSED [get_runs thFMch_input_fifo_synth_1]
00:06:21
wait_on_run synth_1 -timeout 1
[Wed Jan 20 12:22:07 2021] Waiting for synth_1 to finish (timeout in 1 minute)...
[Wed Jan 20 12:23:07 2021] synth_1 timed out after 1 minute.
wait_on_run: Time (s): cpu = 00:00:00.08 ; elapsed = 00:01:00 . Memory (MB): peak = 2602.773 ; gain = 0.000 ; free physical = 6413 ; free virtual = 89294
get_runs
synth_1 thFMch_input_fifo_synth_1 fmc0_8chan_9g6_synth_1 fmc0_8chan_9g6_vio_0_synth_1 crif_fifo_synth_1 axis_register_slice_fr_synth_1 RAM_2048x12_synth_1 distRAM_64x12_synth_1 Median_distRAM_64x12_synth_1 fir_compiler_0_synth_1 axis_data_fifo_0_synth_1 address_LUT_synth_1 gig_ethernet_pcs_pma_basex_156_25_synth_1 temac_gbe_v9_0_synth_1 impl_1 thFMch_input_fifo_impl_1 fmc0_8chan_9g6_impl_1 fmc0_8chan_9g6_vio_0_impl_1 crif_fifo_impl_1 axis_register_slice_fr_impl_1 RAM_2048x12_impl_1 distRAM_64x12_impl_1 Median_distRAM_64x12_impl_1 fir_compiler_0_impl_1 axis_data_fifo_0_impl_1 address_LUT_impl_1 gig_ethernet_pcs_pma_basex_156_25_impl_1 temac_gbe_v9_0_impl_1
get_property STATUS [get_runs Median_distRAM_64x12_impl_1]
Not started
get_property NEEDS_REFRESH [get_runs Median_distRAM_64x12_impl_1]
0
get_property PROGRESS [get_runs Median_distRAM_64x12_impl_1]
0%
get_property STATS.ELAPSED [get_runs Median_distRAM_64x12_impl_1]
00:00:00
get_property STATUS [get_runs Median_distRAM_64x12_synth_1]
synth_design Complete!
get_property NEEDS_REFRESH [get_runs Median_distRAM_64x12_synth_1]
0
get_property PROGRESS [get_runs Median_distRAM_64x12_synth_1]
100%
get_property STATS.ELAPSED [get_runs Median_distRAM_64x12_synth_1]
00:03:45
get_property STATUS [get_runs RAM_2048x12_impl_1]
Not started
get_property NEEDS_REFRESH [get_runs RAM_2048x12_impl_1]
0
get_property PROGRESS [get_runs RAM_2048x12_impl_1]
0%
get_property STATS.ELAPSED [get_runs RAM_2048x12_impl_1]
00:00:00
get_property STATUS [get_runs RAM_2048x12_synth_1]
synth_design Complete!
get_property NEEDS_REFRESH [get_runs RAM_2048x12_synth_1]
0
get_property PROGRESS [get_runs RAM_2048x12_synth_1]
100%
get_property STATS.ELAPSED [get_runs RAM_2048x12_synth_1]
00:05:50
get_property STATUS [get_runs address_LUT_impl_1]
Not started
get_property NEEDS_REFRESH [get_runs address_LUT_impl_1]
0
get_property PROGRESS [get_runs address_LUT_impl_1]
0%
get_property STATS.ELAPSED [get_runs address_LUT_impl_1]
00:00:00
get_property STATUS [get_runs address_LUT_synth_1]
Running synth_design...
get_property NEEDS_REFRESH [get_runs address_LUT_synth_1]
0
get_property PROGRESS [get_runs address_LUT_synth_1]
0%
get_property STATS.ELAPSED [get_runs address_LUT_synth_1]
00:02:45
get_property STATUS [get_runs axis_data_fifo_0_impl_1]
Not started
get_property NEEDS_REFRESH [get_runs axis_data_fifo_0_impl_1]
0
get_property PROGRESS [get_runs axis_data_fifo_0_impl_1]
0%
get_property STATS.ELAPSED [get_runs axis_data_fifo_0_impl_1]
00:00:00
get_property STATUS [get_runs axis_data_fifo_0_synth_1]
Running synth_design...
get_property NEEDS_REFRESH [get_runs axis_data_fifo_0_synth_1]
0
get_property PROGRESS [get_runs axis_data_fifo_0_synth_1]
0%
get_property STATS.ELAPSED [get_runs axis_data_fifo_0_synth_1]
00:01:44
get_property STATUS [get_runs axis_register_slice_fr_impl_1]
Not started
get_property NEEDS_REFRESH [get_runs axis_register_slice_fr_impl_1]
0
get_property PROGRESS [get_runs axis_register_slice_fr_impl_1]
0%
get_property STATS.ELAPSED [get_runs axis_register_slice_fr_impl_1]
00:00:00
get_property STATUS [get_runs axis_register_slice_fr_synth_1]
synth_design Complete!
get_property NEEDS_REFRESH [get_runs axis_register_slice_fr_synth_1]
0
get_property PROGRESS [get_runs axis_register_slice_fr_synth_1]
100%
get_property STATS.ELAPSED [get_runs axis_register_slice_fr_synth_1]
00:03:43
get_property STATUS [get_runs crif_fifo_impl_1]
Not started
get_property NEEDS_REFRESH [get_runs crif_fifo_impl_1]
0
get_property PROGRESS [get_runs crif_fifo_impl_1]
0%
get_property STATS.ELAPSED [get_runs crif_fifo_impl_1]
00:00:00
get_property STATUS [get_runs crif_fifo_synth_1]
synth_design Complete!
get_property NEEDS_REFRESH [get_runs crif_fifo_synth_1]
0
get_property PROGRESS [get_runs crif_fifo_synth_1]
100%
get_property STATS.ELAPSED [get_runs crif_fifo_synth_1]
00:06:08
get_property STATUS [get_runs distRAM_64x12_impl_1]
Not started
get_property NEEDS_REFRESH [get_runs distRAM_64x12_impl_1]
0
get_property PROGRESS [get_runs distRAM_64x12_impl_1]
0%
get_property STATS.ELAPSED [get_runs distRAM_64x12_impl_1]
00:00:00
get_property STATUS [get_runs distRAM_64x12_synth_1]
synth_design Complete!
get_property NEEDS_REFRESH [get_runs distRAM_64x12_synth_1]
0
get_property PROGRESS [get_runs distRAM_64x12_synth_1]
100%
get_property STATS.ELAPSED [get_runs distRAM_64x12_synth_1]
00:03:46
get_property STATUS [get_runs fir_compiler_0_impl_1]
Not started
get_property NEEDS_REFRESH [get_runs fir_compiler_0_impl_1]
0
get_property PROGRESS [get_runs fir_compiler_0_impl_1]
0%
get_property STATS.ELAPSED [get_runs fir_compiler_0_impl_1]
00:00:00
get_property STATUS [get_runs fir_compiler_0_synth_1]
synth_design Complete!
get_property NEEDS_REFRESH [get_runs fir_compiler_0_synth_1]
0
get_property PROGRESS [get_runs fir_compiler_0_synth_1]
100%
get_property STATS.ELAPSED [get_runs fir_compiler_0_synth_1]
00:04:29
get_property STATUS [get_runs fmc0_8chan_9g6_impl_1]
Not started
get_property NEEDS_REFRESH [get_runs fmc0_8chan_9g6_impl_1]
0
get_property PROGRESS [get_runs fmc0_8chan_9g6_impl_1]
0%
get_property STATS.ELAPSED [get_runs fmc0_8chan_9g6_impl_1]
00:00:00
get_property STATUS [get_runs fmc0_8chan_9g6_synth_1]
synth_design Complete!
get_property NEEDS_REFRESH [get_runs fmc0_8chan_9g6_synth_1]
0
get_property PROGRESS [get_runs fmc0_8chan_9g6_synth_1]
100%
get_property STATS.ELAPSED [get_runs fmc0_8chan_9g6_synth_1]
00:04:58
get_property STATUS [get_runs fmc0_8chan_9g6_vio_0_impl_1]
Not started
get_property NEEDS_REFRESH [get_runs fmc0_8chan_9g6_vio_0_impl_1]
0
get_property PROGRESS [get_runs fmc0_8chan_9g6_vio_0_impl_1]
0%
get_property STATS.ELAPSED [get_runs fmc0_8chan_9g6_vio_0_impl_1]
00:00:00
get_property STATUS [get_runs fmc0_8chan_9g6_vio_0_synth_1]
synth_design Complete!
get_property NEEDS_REFRESH [get_runs fmc0_8chan_9g6_vio_0_synth_1]
0
get_property PROGRESS [get_runs fmc0_8chan_9g6_vio_0_synth_1]
100%
get_property STATS.ELAPSED [get_runs fmc0_8chan_9g6_vio_0_synth_1]
00:03:57
get_property STATUS [get_runs gig_ethernet_pcs_pma_basex_156_25_impl_1]
Not started
get_property NEEDS_REFRESH [get_runs gig_ethernet_pcs_pma_basex_156_25_impl_1]
0
get_property PROGRESS [get_runs gig_ethernet_pcs_pma_basex_156_25_impl_1]
0%
get_property STATS.ELAPSED [get_runs gig_ethernet_pcs_pma_basex_156_25_impl_1]
00:00:00
get_property STATUS [get_runs gig_ethernet_pcs_pma_basex_156_25_synth_1]
Running synth_design...
get_property NEEDS_REFRESH [get_runs gig_ethernet_pcs_pma_basex_156_25_synth_1]
0
get_property PROGRESS [get_runs gig_ethernet_pcs_pma_basex_156_25_synth_1]
0%
get_property STATS.ELAPSED [get_runs gig_ethernet_pcs_pma_basex_156_25_synth_1]
00:01:56
get_property STATUS [get_runs impl_1]
Not started
get_property NEEDS_REFRESH [get_runs impl_1]
0
get_property PROGRESS [get_runs impl_1]
0%
get_property STATS.ELAPSED [get_runs impl_1]
00:00:00
get_property STATUS [get_runs synth_1]
Queued...
get_property NEEDS_REFRESH [get_runs synth_1]
0
get_property PROGRESS [get_runs synth_1]
0%
get_property STATS.ELAPSED [get_runs synth_1]
00:00:00
get_property STATUS [get_runs temac_gbe_v9_0_impl_1]
Not started
get_property NEEDS_REFRESH [get_runs temac_gbe_v9_0_impl_1]
0
get_property PROGRESS [get_runs temac_gbe_v9_0_impl_1]
0%
get_property STATS.ELAPSED [get_runs temac_gbe_v9_0_impl_1]
00:00:00
get_property STATUS [get_runs temac_gbe_v9_0_synth_1]
Running synth_design...
get_property NEEDS_REFRESH [get_runs temac_gbe_v9_0_synth_1]
0
get_property PROGRESS [get_runs temac_gbe_v9_0_synth_1]
0%
get_property STATS.ELAPSED [get_runs temac_gbe_v9_0_synth_1]
00:00:51
get_property STATUS [get_runs thFMch_input_fifo_impl_1]
Not started
get_property NEEDS_REFRESH [get_runs thFMch_input_fifo_impl_1]
0
get_property PROGRESS [get_runs thFMch_input_fifo_impl_1]
0%
get_property STATS.ELAPSED [get_runs thFMch_input_fifo_impl_1]
00:00:00
get_property STATUS [get_runs thFMch_input_fifo_synth_1]
synth_design Complete!
get_property NEEDS_REFRESH [get_runs thFMch_input_fifo_synth_1]
0
get_property PROGRESS [get_runs thFMch_input_fifo_synth_1]
100%
get_property STATS.ELAPSED [get_runs thFMch_input_fifo_synth_1]
00:06:21
wait_on_run synth_1 -timeout 1
[Wed Jan 20 12:23:08 2021] Waiting for synth_1 to finish (timeout in 1 minute)...
[Wed Jan 20 12:24:08 2021] synth_1 timed out after 1 minute.
wait_on_run: Time (s): cpu = 00:00:00.08 ; elapsed = 00:01:00 . Memory (MB): peak = 2602.773 ; gain = 0.000 ; free physical = 6317 ; free virtual = 89220
get_runs
synth_1 thFMch_input_fifo_synth_1 fmc0_8chan_9g6_synth_1 fmc0_8chan_9g6_vio_0_synth_1 crif_fifo_synth_1 axis_register_slice_fr_synth_1 RAM_2048x12_synth_1 distRAM_64x12_synth_1 Median_distRAM_64x12_synth_1 fir_compiler_0_synth_1 axis_data_fifo_0_synth_1 address_LUT_synth_1 gig_ethernet_pcs_pma_basex_156_25_synth_1 temac_gbe_v9_0_synth_1 impl_1 thFMch_input_fifo_impl_1 fmc0_8chan_9g6_impl_1 fmc0_8chan_9g6_vio_0_impl_1 crif_fifo_impl_1 axis_register_slice_fr_impl_1 RAM_2048x12_impl_1 distRAM_64x12_impl_1 Median_distRAM_64x12_impl_1 fir_compiler_0_impl_1 axis_data_fifo_0_impl_1 address_LUT_impl_1 gig_ethernet_pcs_pma_basex_156_25_impl_1 temac_gbe_v9_0_impl_1
get_property STATUS [get_runs Median_distRAM_64x12_impl_1]
Not started
get_property NEEDS_REFRESH [get_runs Median_distRAM_64x12_impl_1]
0
get_property PROGRESS [get_runs Median_distRAM_64x12_impl_1]
0%
get_property STATS.ELAPSED [get_runs Median_distRAM_64x12_impl_1]
00:00:00
get_property STATUS [get_runs Median_distRAM_64x12_synth_1]
synth_design Complete!
get_property NEEDS_REFRESH [get_runs Median_distRAM_64x12_synth_1]
0
get_property PROGRESS [get_runs Median_distRAM_64x12_synth_1]
100%
get_property STATS.ELAPSED [get_runs Median_distRAM_64x12_synth_1]
00:03:45
get_property STATUS [get_runs RAM_2048x12_impl_1]
Not started
get_property NEEDS_REFRESH [get_runs RAM_2048x12_impl_1]
0
get_property PROGRESS [get_runs RAM_2048x12_impl_1]
0%
get_property STATS.ELAPSED [get_runs RAM_2048x12_impl_1]
00:00:00
get_property STATUS [get_runs RAM_2048x12_synth_1]
synth_design Complete!
get_property NEEDS_REFRESH [get_runs RAM_2048x12_synth_1]
0
get_property PROGRESS [get_runs RAM_2048x12_synth_1]
100%
get_property STATS.ELAPSED [get_runs RAM_2048x12_synth_1]
00:05:50
get_property STATUS [get_runs address_LUT_impl_1]
Not started
get_property NEEDS_REFRESH [get_runs address_LUT_impl_1]
0
get_property PROGRESS [get_runs address_LUT_impl_1]
0%
get_property STATS.ELAPSED [get_runs address_LUT_impl_1]
00:00:00
get_property STATUS [get_runs address_LUT_synth_1]
Running synth_design...
get_property NEEDS_REFRESH [get_runs address_LUT_synth_1]
0
get_property PROGRESS [get_runs address_LUT_synth_1]
0%
get_property STATS.ELAPSED [get_runs address_LUT_synth_1]
00:03:46
get_property STATUS [get_runs axis_data_fifo_0_impl_1]
Not started
get_property NEEDS_REFRESH [get_runs axis_data_fifo_0_impl_1]
0
get_property PROGRESS [get_runs axis_data_fifo_0_impl_1]
0%
get_property STATS.ELAPSED [get_runs axis_data_fifo_0_impl_1]
00:00:00
get_property STATUS [get_runs axis_data_fifo_0_synth_1]
synth_design Complete!
get_property NEEDS_REFRESH [get_runs axis_data_fifo_0_synth_1]
0
get_property PROGRESS [get_runs axis_data_fifo_0_synth_1]
100%
get_property STATS.ELAPSED [get_runs axis_data_fifo_0_synth_1]
00:03:53
get_property STATUS [get_runs axis_register_slice_fr_impl_1]
Not started
get_property NEEDS_REFRESH [get_runs axis_register_slice_fr_impl_1]
0
get_property PROGRESS [get_runs axis_register_slice_fr_impl_1]
0%
get_property STATS.ELAPSED [get_runs axis_register_slice_fr_impl_1]
00:00:00
get_property STATUS [get_runs axis_register_slice_fr_synth_1]
synth_design Complete!
get_property NEEDS_REFRESH [get_runs axis_register_slice_fr_synth_1]
0
get_property PROGRESS [get_runs axis_register_slice_fr_synth_1]
100%
get_property STATS.ELAPSED [get_runs axis_register_slice_fr_synth_1]
00:03:43
get_property STATUS [get_runs crif_fifo_impl_1]
Not started
get_property NEEDS_REFRESH [get_runs crif_fifo_impl_1]
0
get_property PROGRESS [get_runs crif_fifo_impl_1]
0%
get_property STATS.ELAPSED [get_runs crif_fifo_impl_1]
00:00:00
get_property STATUS [get_runs crif_fifo_synth_1]
synth_design Complete!
get_property NEEDS_REFRESH [get_runs crif_fifo_synth_1]
0
get_property PROGRESS [get_runs crif_fifo_synth_1]
100%
get_property STATS.ELAPSED [get_runs crif_fifo_synth_1]
00:06:08
get_property STATUS [get_runs distRAM_64x12_impl_1]
Not started
get_property NEEDS_REFRESH [get_runs distRAM_64x12_impl_1]
0
get_property PROGRESS [get_runs distRAM_64x12_impl_1]
0%
get_property STATS.ELAPSED [get_runs distRAM_64x12_impl_1]
00:00:00
get_property STATUS [get_runs distRAM_64x12_synth_1]
synth_design Complete!
get_property NEEDS_REFRESH [get_runs distRAM_64x12_synth_1]
0
get_property PROGRESS [get_runs distRAM_64x12_synth_1]
100%
get_property STATS.ELAPSED [get_runs distRAM_64x12_synth_1]
00:03:46
get_property STATUS [get_runs fir_compiler_0_impl_1]
Not started
get_property NEEDS_REFRESH [get_runs fir_compiler_0_impl_1]
0
get_property PROGRESS [get_runs fir_compiler_0_impl_1]
0%
get_property STATS.ELAPSED [get_runs fir_compiler_0_impl_1]
00:00:00
get_property STATUS [get_runs fir_compiler_0_synth_1]
synth_design Complete!
get_property NEEDS_REFRESH [get_runs fir_compiler_0_synth_1]
0
get_property PROGRESS [get_runs fir_compiler_0_synth_1]
100%
get_property STATS.ELAPSED [get_runs fir_compiler_0_synth_1]
00:04:29
get_property STATUS [get_runs fmc0_8chan_9g6_impl_1]
Not started
get_property NEEDS_REFRESH [get_runs fmc0_8chan_9g6_impl_1]
0
get_property PROGRESS [get_runs fmc0_8chan_9g6_impl_1]
0%
get_property STATS.ELAPSED [get_runs fmc0_8chan_9g6_impl_1]
00:00:00
get_property STATUS [get_runs fmc0_8chan_9g6_synth_1]
synth_design Complete!
get_property NEEDS_REFRESH [get_runs fmc0_8chan_9g6_synth_1]
0
get_property PROGRESS [get_runs fmc0_8chan_9g6_synth_1]
100%
get_property STATS.ELAPSED [get_runs fmc0_8chan_9g6_synth_1]
00:04:58
get_property STATUS [get_runs fmc0_8chan_9g6_vio_0_impl_1]
Not started
get_property NEEDS_REFRESH [get_runs fmc0_8chan_9g6_vio_0_impl_1]
0
get_property PROGRESS [get_runs fmc0_8chan_9g6_vio_0_impl_1]
0%
get_property STATS.ELAPSED [get_runs fmc0_8chan_9g6_vio_0_impl_1]
00:00:00
get_property STATUS [get_runs fmc0_8chan_9g6_vio_0_synth_1]
synth_design Complete!
get_property NEEDS_REFRESH [get_runs fmc0_8chan_9g6_vio_0_synth_1]
0
get_property PROGRESS [get_runs fmc0_8chan_9g6_vio_0_synth_1]
100%
get_property STATS.ELAPSED [get_runs fmc0_8chan_9g6_vio_0_synth_1]
00:03:57
get_property STATUS [get_runs gig_ethernet_pcs_pma_basex_156_25_impl_1]
Not started
get_property NEEDS_REFRESH [get_runs gig_ethernet_pcs_pma_basex_156_25_impl_1]
0
get_property PROGRESS [get_runs gig_ethernet_pcs_pma_basex_156_25_impl_1]
0%
get_property STATS.ELAPSED [get_runs gig_ethernet_pcs_pma_basex_156_25_impl_1]
00:00:00
get_property STATUS [get_runs gig_ethernet_pcs_pma_basex_156_25_synth_1]
Running synth_design...
get_property NEEDS_REFRESH [get_runs gig_ethernet_pcs_pma_basex_156_25_synth_1]
0
get_property PROGRESS [get_runs gig_ethernet_pcs_pma_basex_156_25_synth_1]
0%
get_property STATS.ELAPSED [get_runs gig_ethernet_pcs_pma_basex_156_25_synth_1]
00:01:56
get_property STATUS [get_runs impl_1]
Not started
get_property NEEDS_REFRESH [get_runs impl_1]
0
get_property PROGRESS [get_runs impl_1]
0%
get_property STATS.ELAPSED [get_runs impl_1]
00:00:00
get_property STATUS [get_runs synth_1]
Queued...
get_property NEEDS_REFRESH [get_runs synth_1]
0
get_property PROGRESS [get_runs synth_1]
0%
get_property STATS.ELAPSED [get_runs synth_1]
00:00:00
get_property STATUS [get_runs temac_gbe_v9_0_impl_1]
Not started
get_property NEEDS_REFRESH [get_runs temac_gbe_v9_0_impl_1]
0
get_property PROGRESS [get_runs temac_gbe_v9_0_impl_1]
0%
get_property STATS.ELAPSED [get_runs temac_gbe_v9_0_impl_1]
00:00:00
get_property STATUS [get_runs temac_gbe_v9_0_synth_1]
Running synth_design...
get_property NEEDS_REFRESH [get_runs temac_gbe_v9_0_synth_1]
0
get_property PROGRESS [get_runs temac_gbe_v9_0_synth_1]
0%
get_property STATS.ELAPSED [get_runs temac_gbe_v9_0_synth_1]
00:01:55
get_property STATUS [get_runs thFMch_input_fifo_impl_1]
Not started
get_property NEEDS_REFRESH [get_runs thFMch_input_fifo_impl_1]
0
get_property PROGRESS [get_runs thFMch_input_fifo_impl_1]
0%
get_property STATS.ELAPSED [get_runs thFMch_input_fifo_impl_1]
00:00:00
get_property STATUS [get_runs thFMch_input_fifo_synth_1]
synth_design Complete!
get_property NEEDS_REFRESH [get_runs thFMch_input_fifo_synth_1]
0
get_property PROGRESS [get_runs thFMch_input_fifo_synth_1]
100%
get_property STATS.ELAPSED [get_runs thFMch_input_fifo_synth_1]
00:06:21
wait_on_run synth_1 -timeout 1
[Wed Jan 20 12:24:08 2021] Waiting for synth_1 to finish (timeout in 1 minute)...
[Wed Jan 20 12:25:08 2021] synth_1 timed out after 1 minute.
wait_on_run: Time (s): cpu = 00:00:00.14 ; elapsed = 00:01:00 . Memory (MB): peak = 2602.773 ; gain = 0.000 ; free physical = 7129 ; free virtual = 90031
get_runs
synth_1 thFMch_input_fifo_synth_1 fmc0_8chan_9g6_synth_1 fmc0_8chan_9g6_vio_0_synth_1 crif_fifo_synth_1 axis_register_slice_fr_synth_1 RAM_2048x12_synth_1 distRAM_64x12_synth_1 Median_distRAM_64x12_synth_1 fir_compiler_0_synth_1 axis_data_fifo_0_synth_1 address_LUT_synth_1 gig_ethernet_pcs_pma_basex_156_25_synth_1 temac_gbe_v9_0_synth_1 impl_1 thFMch_input_fifo_impl_1 fmc0_8chan_9g6_impl_1 fmc0_8chan_9g6_vio_0_impl_1 crif_fifo_impl_1 axis_register_slice_fr_impl_1 RAM_2048x12_impl_1 distRAM_64x12_impl_1 Median_distRAM_64x12_impl_1 fir_compiler_0_impl_1 axis_data_fifo_0_impl_1 address_LUT_impl_1 gig_ethernet_pcs_pma_basex_156_25_impl_1 temac_gbe_v9_0_impl_1
get_property STATUS [get_runs Median_distRAM_64x12_impl_1]
Not started
get_property NEEDS_REFRESH [get_runs Median_distRAM_64x12_impl_1]
0
get_property PROGRESS [get_runs Median_distRAM_64x12_impl_1]
0%
get_property STATS.ELAPSED [get_runs Median_distRAM_64x12_impl_1]
00:00:00
get_property STATUS [get_runs Median_distRAM_64x12_synth_1]
synth_design Complete!
get_property NEEDS_REFRESH [get_runs Median_distRAM_64x12_synth_1]
0
get_property PROGRESS [get_runs Median_distRAM_64x12_synth_1]
100%
get_property STATS.ELAPSED [get_runs Median_distRAM_64x12_synth_1]
00:03:45
get_property STATUS [get_runs RAM_2048x12_impl_1]
Not started
get_property NEEDS_REFRESH [get_runs RAM_2048x12_impl_1]
0
get_property PROGRESS [get_runs RAM_2048x12_impl_1]
0%
get_property STATS.ELAPSED [get_runs RAM_2048x12_impl_1]
00:00:00
get_property STATUS [get_runs RAM_2048x12_synth_1]
synth_design Complete!
get_property NEEDS_REFRESH [get_runs RAM_2048x12_synth_1]
0
get_property PROGRESS [get_runs RAM_2048x12_synth_1]
100%
get_property STATS.ELAPSED [get_runs RAM_2048x12_synth_1]
00:05:50
get_property STATUS [get_runs address_LUT_impl_1]
Not started
get_property NEEDS_REFRESH [get_runs address_LUT_impl_1]
0
get_property PROGRESS [get_runs address_LUT_impl_1]
0%
get_property STATS.ELAPSED [get_runs address_LUT_impl_1]
00:00:00
get_property STATUS [get_runs address_LUT_synth_1]
Running synth_design...
get_property NEEDS_REFRESH [get_runs address_LUT_synth_1]
0
get_property PROGRESS [get_runs address_LUT_synth_1]
0%
get_property STATS.ELAPSED [get_runs address_LUT_synth_1]
00:03:46
get_property STATUS [get_runs axis_data_fifo_0_impl_1]
Not started
get_property NEEDS_REFRESH [get_runs axis_data_fifo_0_impl_1]
0
get_property PROGRESS [get_runs axis_data_fifo_0_impl_1]
0%
get_property STATS.ELAPSED [get_runs axis_data_fifo_0_impl_1]
00:00:00
get_property STATUS [get_runs axis_data_fifo_0_synth_1]
synth_design Complete!
get_property NEEDS_REFRESH [get_runs axis_data_fifo_0_synth_1]
0
get_property PROGRESS [get_runs axis_data_fifo_0_synth_1]
100%
get_property STATS.ELAPSED [get_runs axis_data_fifo_0_synth_1]
00:03:53
get_property STATUS [get_runs axis_register_slice_fr_impl_1]
Not started
get_property NEEDS_REFRESH [get_runs axis_register_slice_fr_impl_1]
0
get_property PROGRESS [get_runs axis_register_slice_fr_impl_1]
0%
get_property STATS.ELAPSED [get_runs axis_register_slice_fr_impl_1]
00:00:00
get_property STATUS [get_runs axis_register_slice_fr_synth_1]
synth_design Complete!
get_property NEEDS_REFRESH [get_runs axis_register_slice_fr_synth_1]
0
get_property PROGRESS [get_runs axis_register_slice_fr_synth_1]
100%
get_property STATS.ELAPSED [get_runs axis_register_slice_fr_synth_1]
00:03:43
get_property STATUS [get_runs crif_fifo_impl_1]
Not started
get_property NEEDS_REFRESH [get_runs crif_fifo_impl_1]
0
get_property PROGRESS [get_runs crif_fifo_impl_1]
0%
get_property STATS.ELAPSED [get_runs crif_fifo_impl_1]
00:00:00
get_property STATUS [get_runs crif_fifo_synth_1]
synth_design Complete!
get_property NEEDS_REFRESH [get_runs crif_fifo_synth_1]
0
get_property PROGRESS [get_runs crif_fifo_synth_1]
100%
get_property STATS.ELAPSED [get_runs crif_fifo_synth_1]
00:06:08
get_property STATUS [get_runs distRAM_64x12_impl_1]
Not started
get_property NEEDS_REFRESH [get_runs distRAM_64x12_impl_1]
0
get_property PROGRESS [get_runs distRAM_64x12_impl_1]
0%
get_property STATS.ELAPSED [get_runs distRAM_64x12_impl_1]
00:00:00
get_property STATUS [get_runs distRAM_64x12_synth_1]
synth_design Complete!
get_property NEEDS_REFRESH [get_runs distRAM_64x12_synth_1]
0
get_property PROGRESS [get_runs distRAM_64x12_synth_1]
100%
get_property STATS.ELAPSED [get_runs distRAM_64x12_synth_1]
00:03:46
get_property STATUS [get_runs fir_compiler_0_impl_1]
Not started
get_property NEEDS_REFRESH [get_runs fir_compiler_0_impl_1]
0
get_property PROGRESS [get_runs fir_compiler_0_impl_1]
0%
get_property STATS.ELAPSED [get_runs fir_compiler_0_impl_1]
00:00:00
get_property STATUS [get_runs fir_compiler_0_synth_1]
synth_design Complete!
get_property NEEDS_REFRESH [get_runs fir_compiler_0_synth_1]
0
get_property PROGRESS [get_runs fir_compiler_0_synth_1]
100%
get_property STATS.ELAPSED [get_runs fir_compiler_0_synth_1]
00:04:29
get_property STATUS [get_runs fmc0_8chan_9g6_impl_1]
Not started
get_property NEEDS_REFRESH [get_runs fmc0_8chan_9g6_impl_1]
0
get_property PROGRESS [get_runs fmc0_8chan_9g6_impl_1]
0%
get_property STATS.ELAPSED [get_runs fmc0_8chan_9g6_impl_1]
00:00:00
get_property STATUS [get_runs fmc0_8chan_9g6_synth_1]
synth_design Complete!
get_property NEEDS_REFRESH [get_runs fmc0_8chan_9g6_synth_1]
0
get_property PROGRESS [get_runs fmc0_8chan_9g6_synth_1]
100%
get_property STATS.ELAPSED [get_runs fmc0_8chan_9g6_synth_1]
00:04:58
get_property STATUS [get_runs fmc0_8chan_9g6_vio_0_impl_1]
Not started
get_property NEEDS_REFRESH [get_runs fmc0_8chan_9g6_vio_0_impl_1]
0
get_property PROGRESS [get_runs fmc0_8chan_9g6_vio_0_impl_1]
0%
get_property STATS.ELAPSED [get_runs fmc0_8chan_9g6_vio_0_impl_1]
00:00:00
get_property STATUS [get_runs fmc0_8chan_9g6_vio_0_synth_1]
synth_design Complete!
get_property NEEDS_REFRESH [get_runs fmc0_8chan_9g6_vio_0_synth_1]
0
get_property PROGRESS [get_runs fmc0_8chan_9g6_vio_0_synth_1]
100%
get_property STATS.ELAPSED [get_runs fmc0_8chan_9g6_vio_0_synth_1]
00:03:57
get_property STATUS [get_runs gig_ethernet_pcs_pma_basex_156_25_impl_1]
Not started
get_property NEEDS_REFRESH [get_runs gig_ethernet_pcs_pma_basex_156_25_impl_1]
0
get_property PROGRESS [get_runs gig_ethernet_pcs_pma_basex_156_25_impl_1]
0%
get_property STATS.ELAPSED [get_runs gig_ethernet_pcs_pma_basex_156_25_impl_1]
00:00:00
get_property STATUS [get_runs gig_ethernet_pcs_pma_basex_156_25_synth_1]
synth_design Complete!
get_property NEEDS_REFRESH [get_runs gig_ethernet_pcs_pma_basex_156_25_synth_1]
0
get_property PROGRESS [get_runs gig_ethernet_pcs_pma_basex_156_25_synth_1]
100%
get_property STATS.ELAPSED [get_runs gig_ethernet_pcs_pma_basex_156_25_synth_1]
00:04:08
get_property STATUS [get_runs impl_1]
Not started
get_property NEEDS_REFRESH [get_runs impl_1]
0
get_property PROGRESS [get_runs impl_1]
0%
get_property STATS.ELAPSED [get_runs impl_1]
00:00:00
get_property STATUS [get_runs synth_1]
Queued...
get_property NEEDS_REFRESH [get_runs synth_1]
0
get_property PROGRESS [get_runs synth_1]
0%
get_property STATS.ELAPSED [get_runs synth_1]
00:00:00
get_property STATUS [get_runs temac_gbe_v9_0_impl_1]
Not started
get_property NEEDS_REFRESH [get_runs temac_gbe_v9_0_impl_1]
0
get_property PROGRESS [get_runs temac_gbe_v9_0_impl_1]
0%
get_property STATS.ELAPSED [get_runs temac_gbe_v9_0_impl_1]
00:00:00
get_property STATUS [get_runs temac_gbe_v9_0_synth_1]
Running synth_design...
get_property NEEDS_REFRESH [get_runs temac_gbe_v9_0_synth_1]
0
get_property PROGRESS [get_runs temac_gbe_v9_0_synth_1]
0%
get_property STATS.ELAPSED [get_runs temac_gbe_v9_0_synth_1]
00:01:59
get_property STATUS [get_runs thFMch_input_fifo_impl_1]
Not started
get_property NEEDS_REFRESH [get_runs thFMch_input_fifo_impl_1]
0
get_property PROGRESS [get_runs thFMch_input_fifo_impl_1]
0%
get_property STATS.ELAPSED [get_runs thFMch_input_fifo_impl_1]
00:00:00
get_property STATUS [get_runs thFMch_input_fifo_synth_1]
synth_design Complete!
get_property NEEDS_REFRESH [get_runs thFMch_input_fifo_synth_1]
0
get_property PROGRESS [get_runs thFMch_input_fifo_synth_1]
100%
get_property STATS.ELAPSED [get_runs thFMch_input_fifo_synth_1]
00:06:21
wait_on_run synth_1 -timeout 1
[Wed Jan 20 12:25:08 2021] Waiting for synth_1 to finish (timeout in 1 minute)...
[Wed Jan 20 12:26:09 2021] synth_1 timed out after 1 minute.
wait_on_run: Time (s): cpu = 00:00:00.07 ; elapsed = 00:01:00 . Memory (MB): peak = 2602.773 ; gain = 0.000 ; free physical = 8281 ; free virtual = 91177
get_runs
synth_1 thFMch_input_fifo_synth_1 fmc0_8chan_9g6_synth_1 fmc0_8chan_9g6_vio_0_synth_1 crif_fifo_synth_1 axis_register_slice_fr_synth_1 RAM_2048x12_synth_1 distRAM_64x12_synth_1 Median_distRAM_64x12_synth_1 fir_compiler_0_synth_1 axis_data_fifo_0_synth_1 address_LUT_synth_1 gig_ethernet_pcs_pma_basex_156_25_synth_1 temac_gbe_v9_0_synth_1 impl_1 thFMch_input_fifo_impl_1 fmc0_8chan_9g6_impl_1 fmc0_8chan_9g6_vio_0_impl_1 crif_fifo_impl_1 axis_register_slice_fr_impl_1 RAM_2048x12_impl_1 distRAM_64x12_impl_1 Median_distRAM_64x12_impl_1 fir_compiler_0_impl_1 axis_data_fifo_0_impl_1 address_LUT_impl_1 gig_ethernet_pcs_pma_basex_156_25_impl_1 temac_gbe_v9_0_impl_1
get_property STATUS [get_runs Median_distRAM_64x12_impl_1]
Not started
get_property NEEDS_REFRESH [get_runs Median_distRAM_64x12_impl_1]
0
get_property PROGRESS [get_runs Median_distRAM_64x12_impl_1]
0%
get_property STATS.ELAPSED [get_runs Median_distRAM_64x12_impl_1]
00:00:00
get_property STATUS [get_runs Median_distRAM_64x12_synth_1]
synth_design Complete!
get_property NEEDS_REFRESH [get_runs Median_distRAM_64x12_synth_1]
0
get_property PROGRESS [get_runs Median_distRAM_64x12_synth_1]
100%
get_property STATS.ELAPSED [get_runs Median_distRAM_64x12_synth_1]
00:03:45
get_property STATUS [get_runs RAM_2048x12_impl_1]
Not started
get_property NEEDS_REFRESH [get_runs RAM_2048x12_impl_1]
0
get_property PROGRESS [get_runs RAM_2048x12_impl_1]
0%
get_property STATS.ELAPSED [get_runs RAM_2048x12_impl_1]
00:00:00
get_property STATUS [get_runs RAM_2048x12_synth_1]
synth_design Complete!
get_property NEEDS_REFRESH [get_runs RAM_2048x12_synth_1]
0
get_property PROGRESS [get_runs RAM_2048x12_synth_1]
100%
get_property STATS.ELAPSED [get_runs RAM_2048x12_synth_1]
00:05:50
get_property STATUS [get_runs address_LUT_impl_1]
Not started
get_property NEEDS_REFRESH [get_runs address_LUT_impl_1]
0
get_property PROGRESS [get_runs address_LUT_impl_1]
0%
get_property STATS.ELAPSED [get_runs address_LUT_impl_1]
00:00:00
get_property STATUS [get_runs address_LUT_synth_1]
synth_design Complete!
get_property NEEDS_REFRESH [get_runs address_LUT_synth_1]
0
get_property PROGRESS [get_runs address_LUT_synth_1]
100%
get_property STATS.ELAPSED [get_runs address_LUT_synth_1]
00:05:52
get_property STATUS [get_runs axis_data_fifo_0_impl_1]
Not started
get_property NEEDS_REFRESH [get_runs axis_data_fifo_0_impl_1]
0
get_property PROGRESS [get_runs axis_data_fifo_0_impl_1]
0%
get_property STATS.ELAPSED [get_runs axis_data_fifo_0_impl_1]
00:00:00
get_property STATUS [get_runs axis_data_fifo_0_synth_1]
synth_design Complete!
get_property NEEDS_REFRESH [get_runs axis_data_fifo_0_synth_1]
0
get_property PROGRESS [get_runs axis_data_fifo_0_synth_1]
100%
get_property STATS.ELAPSED [get_runs axis_data_fifo_0_synth_1]
00:03:53
get_property STATUS [get_runs axis_register_slice_fr_impl_1]
Not started
get_property NEEDS_REFRESH [get_runs axis_register_slice_fr_impl_1]
0
get_property PROGRESS [get_runs axis_register_slice_fr_impl_1]
0%
get_property STATS.ELAPSED [get_runs axis_register_slice_fr_impl_1]
00:00:00
get_property STATUS [get_runs axis_register_slice_fr_synth_1]
synth_design Complete!
get_property NEEDS_REFRESH [get_runs axis_register_slice_fr_synth_1]
0
get_property PROGRESS [get_runs axis_register_slice_fr_synth_1]
100%
get_property STATS.ELAPSED [get_runs axis_register_slice_fr_synth_1]
00:03:43
get_property STATUS [get_runs crif_fifo_impl_1]
Not started
get_property NEEDS_REFRESH [get_runs crif_fifo_impl_1]
0
get_property PROGRESS [get_runs crif_fifo_impl_1]
0%
get_property STATS.ELAPSED [get_runs crif_fifo_impl_1]
00:00:00
get_property STATUS [get_runs crif_fifo_synth_1]
synth_design Complete!
get_property NEEDS_REFRESH [get_runs crif_fifo_synth_1]
0
get_property PROGRESS [get_runs crif_fifo_synth_1]
100%
get_property STATS.ELAPSED [get_runs crif_fifo_synth_1]
00:06:08
get_property STATUS [get_runs distRAM_64x12_impl_1]
Not started
get_property NEEDS_REFRESH [get_runs distRAM_64x12_impl_1]
0
get_property PROGRESS [get_runs distRAM_64x12_impl_1]
0%
get_property STATS.ELAPSED [get_runs distRAM_64x12_impl_1]
00:00:00
get_property STATUS [get_runs distRAM_64x12_synth_1]
synth_design Complete!
get_property NEEDS_REFRESH [get_runs distRAM_64x12_synth_1]
0
get_property PROGRESS [get_runs distRAM_64x12_synth_1]
100%
get_property STATS.ELAPSED [get_runs distRAM_64x12_synth_1]
00:03:46
get_property STATUS [get_runs fir_compiler_0_impl_1]
Not started
get_property NEEDS_REFRESH [get_runs fir_compiler_0_impl_1]
0
get_property PROGRESS [get_runs fir_compiler_0_impl_1]
0%
get_property STATS.ELAPSED [get_runs fir_compiler_0_impl_1]
00:00:00
get_property STATUS [get_runs fir_compiler_0_synth_1]
synth_design Complete!
get_property NEEDS_REFRESH [get_runs fir_compiler_0_synth_1]
0
get_property PROGRESS [get_runs fir_compiler_0_synth_1]
100%
get_property STATS.ELAPSED [get_runs fir_compiler_0_synth_1]
00:04:29
get_property STATUS [get_runs fmc0_8chan_9g6_impl_1]
Not started
get_property NEEDS_REFRESH [get_runs fmc0_8chan_9g6_impl_1]
0
get_property PROGRESS [get_runs fmc0_8chan_9g6_impl_1]
0%
get_property STATS.ELAPSED [get_runs fmc0_8chan_9g6_impl_1]
00:00:00
get_property STATUS [get_runs fmc0_8chan_9g6_synth_1]
synth_design Complete!
get_property NEEDS_REFRESH [get_runs fmc0_8chan_9g6_synth_1]
0
get_property PROGRESS [get_runs fmc0_8chan_9g6_synth_1]
100%
get_property STATS.ELAPSED [get_runs fmc0_8chan_9g6_synth_1]
00:04:58
get_property STATUS [get_runs fmc0_8chan_9g6_vio_0_impl_1]
Not started
get_property NEEDS_REFRESH [get_runs fmc0_8chan_9g6_vio_0_impl_1]
0
get_property PROGRESS [get_runs fmc0_8chan_9g6_vio_0_impl_1]
0%
get_property STATS.ELAPSED [get_runs fmc0_8chan_9g6_vio_0_impl_1]
00:00:00
get_property STATUS [get_runs fmc0_8chan_9g6_vio_0_synth_1]
synth_design Complete!
get_property NEEDS_REFRESH [get_runs fmc0_8chan_9g6_vio_0_synth_1]
0
get_property PROGRESS [get_runs fmc0_8chan_9g6_vio_0_synth_1]
100%
get_property STATS.ELAPSED [get_runs fmc0_8chan_9g6_vio_0_synth_1]
00:03:57
get_property STATUS [get_runs gig_ethernet_pcs_pma_basex_156_25_impl_1]
Not started
get_property NEEDS_REFRESH [get_runs gig_ethernet_pcs_pma_basex_156_25_impl_1]
0
get_property PROGRESS [get_runs gig_ethernet_pcs_pma_basex_156_25_impl_1]
0%
get_property STATS.ELAPSED [get_runs gig_ethernet_pcs_pma_basex_156_25_impl_1]
00:00:00
get_property STATUS [get_runs gig_ethernet_pcs_pma_basex_156_25_synth_1]
synth_design Complete!
get_property NEEDS_REFRESH [get_runs gig_ethernet_pcs_pma_basex_156_25_synth_1]
0
get_property PROGRESS [get_runs gig_ethernet_pcs_pma_basex_156_25_synth_1]
100%
get_property STATS.ELAPSED [get_runs gig_ethernet_pcs_pma_basex_156_25_synth_1]
00:04:08
get_property STATUS [get_runs impl_1]
Not started
get_property NEEDS_REFRESH [get_runs impl_1]
0
get_property PROGRESS [get_runs impl_1]
0%
get_property STATS.ELAPSED [get_runs impl_1]
00:00:00
get_property STATUS [get_runs synth_1]
Queued...
get_property NEEDS_REFRESH [get_runs synth_1]
0
get_property PROGRESS [get_runs synth_1]
0%
get_property STATS.ELAPSED [get_runs synth_1]
00:00:00
get_property STATUS [get_runs temac_gbe_v9_0_impl_1]
Not started
get_property NEEDS_REFRESH [get_runs temac_gbe_v9_0_impl_1]
0
get_property PROGRESS [get_runs temac_gbe_v9_0_impl_1]
0%
get_property STATS.ELAPSED [get_runs temac_gbe_v9_0_impl_1]
00:00:00
get_property STATUS [get_runs temac_gbe_v9_0_synth_1]
Running synth_design...
get_property NEEDS_REFRESH [get_runs temac_gbe_v9_0_synth_1]
0
get_property PROGRESS [get_runs temac_gbe_v9_0_synth_1]
0%
get_property STATS.ELAPSED [get_runs temac_gbe_v9_0_synth_1]
00:01:59
get_property STATUS [get_runs thFMch_input_fifo_impl_1]
Not started
get_property NEEDS_REFRESH [get_runs thFMch_input_fifo_impl_1]
0
get_property PROGRESS [get_runs thFMch_input_fifo_impl_1]
0%
get_property STATS.ELAPSED [get_runs thFMch_input_fifo_impl_1]
00:00:00
get_property STATUS [get_runs thFMch_input_fifo_synth_1]
synth_design Complete!
get_property NEEDS_REFRESH [get_runs thFMch_input_fifo_synth_1]
0
get_property PROGRESS [get_runs thFMch_input_fifo_synth_1]
100%
get_property STATS.ELAPSED [get_runs thFMch_input_fifo_synth_1]
00:06:21
wait_on_run synth_1 -timeout 1
[Wed Jan 20 12:26:09 2021] Waiting for synth_1 to finish (timeout in 1 minute)...

*** Running vivado
    with args -log top.vds -m64 -product Vivado -mode batch -messageDb vivado.pb -notrace -source top.tcl


****** Vivado v2018.3 (64-bit)
  **** SW Build 2405991 on Thu Dec  6 23:36:41 MST 2018
  **** IP Build 2404404 on Fri Dec  7 01:43:56 MST 2018
    ** Copyright 1986-2018 Xilinx, Inc. All Rights Reserved.

source top.tcl -notrace
Command: synth_design -top top -part xczu9eg-ffvb1156-2-e -flatten_hierarchy none
Starting synth_design
Attempting to get a license for feature 'Synthesis' and/or device 'xczu9eg'
INFO: [Common 17-349] Got license for feature 'Synthesis' and/or device 'xczu9eg'
INFO: Launching helper process for spawning children vivado processes
INFO: Helper process launched with PID 7172 
---------------------------------------------------------------------------------
Starting RTL Elaboration : Time (s): cpu = 00:00:02 ; elapsed = 00:00:04 . Memory (MB): peak = 1590.672 ; gain = 91.969 ; free physical = 9591 ; free virtual = 92486
---------------------------------------------------------------------------------
ERROR: [Synth 8-2032] formal tdata_i is not declared [/data2/hmo31799/dune_project/ped_sub/tpg_core/src/dataflow-firmware/components/processing/firmware/hdl/PedSub_HLS_wrapper.vhd:89]
ERROR: [Synth 8-2029] formal tdata has no actual or default value [/data2/hmo31799/dune_project/ped_sub/tpg_core/src/dataflow-firmware/components/processing/firmware/hdl/PedSub_HLS_wrapper.vhd:76]
INFO: [Synth 8-994] tdata is declared here [/data2/hmo31799/dune_project/ped_sub/tpg_core/src/dataflow-firmware/components/processing/firmware/hdl/ped_alg.vhd:28]
INFO: [Synth 8-994] gen_count_i is declared here [/data2/hmo31799/dune_project/ped_sub/tpg_core/src/dataflow-firmware/components/processing/firmware/hdl/ped_alg.vhd:29]
INFO: [Synth 8-994] accum_count_i is declared here [/data2/hmo31799/dune_project/ped_sub/tpg_core/src/dataflow-firmware/components/processing/firmware/hdl/ped_alg.vhd:32]
INFO: [Synth 8-994] ped_count_i is declared here [/data2/hmo31799/dune_project/ped_sub/tpg_core/src/dataflow-firmware/components/processing/firmware/hdl/ped_alg.vhd:35]
INFO: [Synth 8-994] tvalid_i is declared here [/data2/hmo31799/dune_project/ped_sub/tpg_core/src/dataflow-firmware/components/processing/firmware/hdl/ped_alg.vhd:38]
INFO: [Synth 8-994] tkeep0_i is declared here [/data2/hmo31799/dune_project/ped_sub/tpg_core/src/dataflow-firmware/components/processing/firmware/hdl/ped_alg.vhd:39]
INFO: [Synth 8-994] tkeep1_i is declared here [/data2/hmo31799/dune_project/ped_sub/tpg_core/src/dataflow-firmware/components/processing/firmware/hdl/ped_alg.vhd:40]
INFO: [Synth 8-994] tready_i is declared here [/data2/hmo31799/dune_project/ped_sub/tpg_core/src/dataflow-firmware/components/processing/firmware/hdl/ped_alg.vhd:41]
INFO: [Synth 8-994] treset_i is declared here [/data2/hmo31799/dune_project/ped_sub/tpg_core/src/dataflow-firmware/components/processing/firmware/hdl/ped_alg.vhd:42]
INFO: [Synth 8-994] tlast_i is declared here [/data2/hmo31799/dune_project/ped_sub/tpg_core/src/dataflow-firmware/components/processing/firmware/hdl/ped_alg.vhd:43]
INFO: [Synth 8-994] tvalid_o is declared here [/data2/hmo31799/dune_project/ped_sub/tpg_core/src/dataflow-firmware/components/processing/firmware/hdl/ped_alg.vhd:44]
INFO: [Synth 8-994] tkeep0_o is declared here [/data2/hmo31799/dune_project/ped_sub/tpg_core/src/dataflow-firmware/components/processing/firmware/hdl/ped_alg.vhd:45]
INFO: [Synth 8-994] tkeep1_o is declared here [/data2/hmo31799/dune_project/ped_sub/tpg_core/src/dataflow-firmware/components/processing/firmware/hdl/ped_alg.vhd:46]
INFO: [Synth 8-994] tready_o is declared here [/data2/hmo31799/dune_project/ped_sub/tpg_core/src/dataflow-firmware/components/processing/firmware/hdl/ped_alg.vhd:47]
INFO: [Synth 8-994] treset_o is declared here [/data2/hmo31799/dune_project/ped_sub/tpg_core/src/dataflow-firmware/components/processing/firmware/hdl/ped_alg.vhd:48]
INFO: [Synth 8-994] tlast_o is declared here [/data2/hmo31799/dune_project/ped_sub/tpg_core/src/dataflow-firmware/components/processing/firmware/hdl/ped_alg.vhd:49]
ERROR: [Synth 8-1779] cannot read from 'out' object m_axis_data_w ; use 'buffer' or 'inout' [/data2/hmo31799/dune_project/ped_sub/tpg_core/src/dataflow-firmware/components/processing/firmware/hdl/PedSub_HLS_wrapper.vhd:133]
WARNING: [Synth 8-2040] formal port tlast of mode in cannot be associated with actual port m_axis_data_w of mode out [/data2/hmo31799/dune_project/ped_sub/tpg_core/src/dataflow-firmware/components/processing/firmware/hdl/PedSub_HLS_wrapper.vhd:133]
ERROR: [Synth 8-1085] m_axis_data_w with mode 'out' cannot be read [/data2/hmo31799/dune_project/ped_sub/tpg_core/src/dataflow-firmware/components/processing/firmware/hdl/PedSub_HLS_wrapper.vhd:133]
INFO: [Synth 8-2810] unit behavioral ignored due to previous errors [/data2/hmo31799/dune_project/ped_sub/tpg_core/src/dataflow-firmware/components/processing/firmware/hdl/PedSub_HLS_wrapper.vhd:45]
---------------------------------------------------------------------------------
Finished RTL Elaboration : Time (s): cpu = 00:00:03 ; elapsed = 00:00:07 . Memory (MB): peak = 1638.422 ; gain = 139.719 ; free physical = 9603 ; free virtual = 92500
---------------------------------------------------------------------------------
RTL Elaboration failed
INFO: [Common 17-83] Releasing license: Synthesis
19 Infos, 1 Warnings, 0 Critical Warnings and 5 Errors encountered.
synth_design failed
ERROR: [Common 17-69] Command failed: Synthesis failed - please see the console or run log file for details
INFO: [Common 17-206] Exiting Vivado at Wed Jan 20 12:27:01 2021...
[Wed Jan 20 12:27:01 2021] synth_1 finished
wait_on_run: Time (s): cpu = 00:25:08 ; elapsed = 00:00:52 . Memory (MB): peak = 2602.773 ; gain = 0.000 ; free physical = 9992 ; free virtual = 92889
quit
INFO: [Common 17-206] Exiting Vivado at Wed Jan 20 12:27:01 2021...
