#-----------------------------------------------------------
# Vivado v2018.3 (64-bit)
# SW Build 2405991 on Thu Dec  6 23:36:41 MST 2018
# IP Build 2404404 on Fri Dec  7 01:43:56 MST 2018
# Start of session at: Wed Jan 20 14:30:16 2021
# Process ID: 24403
# Current directory: /data2/hmo31799/dune_project/ped_sub/tpg_core/proj/dataflowZCU102/dataflowZCU102
# Command line: vivado -mode tcl -log vivado_synth.log -journal vivado_synth.jou
# Log file: /data2/hmo31799/dune_project/ped_sub/tpg_core/proj/dataflowZCU102/dataflowZCU102/vivado_synth.log
# Journal file: /data2/hmo31799/dune_project/ped_sub/tpg_core/proj/dataflowZCU102/dataflowZCU102/vivado_synth.jou
#-----------------------------------------------------------
current_project -quiet
open_project /data2/hmo31799/dune_project/ped_sub/tpg_core/proj/dataflowZCU102/dataflowZCU102/dataflowZCU102.xpr
Scanning sources...
Finished scanning sources
INFO: [IP_Flow 19-234] Refreshing IP repositories
INFO: [IP_Flow 19-1704] No user IP repositories specified
INFO: [IP_Flow 19-2313] Loaded Vivado IP repository '/opt/ppd/tools/xilinx/Vivado/2018.3/data/ip'.
INFO: [Device 21-403] Loading part xczu9eg-ffvb1156-2-e
open_project: Time (s): cpu = 00:00:26 ; elapsed = 00:01:10 . Memory (MB): peak = 2490.750 ; gain = 1012.930 ; free physical = 9269 ; free virtual = 92922
dataflowZCU102
get_runs
synth_1 thFMch_input_fifo_synth_1 fmc0_8chan_9g6_synth_1 fmc0_8chan_9g6_vio_0_synth_1 crif_fifo_synth_1 axis_register_slice_fr_synth_1 RAM_2048x12_synth_1 distRAM_64x12_synth_1 Median_distRAM_64x12_synth_1 fir_compiler_0_synth_1 axis_data_fifo_0_synth_1 address_LUT_synth_1 gig_ethernet_pcs_pma_basex_156_25_synth_1 temac_gbe_v9_0_synth_1 impl_1 thFMch_input_fifo_impl_1 fmc0_8chan_9g6_impl_1 fmc0_8chan_9g6_vio_0_impl_1 crif_fifo_impl_1 axis_register_slice_fr_impl_1 RAM_2048x12_impl_1 distRAM_64x12_impl_1 Median_distRAM_64x12_impl_1 fir_compiler_0_impl_1 axis_data_fifo_0_impl_1 address_LUT_impl_1 gig_ethernet_pcs_pma_basex_156_25_impl_1 temac_gbe_v9_0_impl_1
get_property STATUS [get_runs Median_distRAM_64x12_impl_1]
Not started
get_property NEEDS_REFRESH [get_runs Median_distRAM_64x12_impl_1]
0
get_property PROGRESS [get_runs Median_distRAM_64x12_impl_1]
0%
get_property STATS.ELAPSED [get_runs Median_distRAM_64x12_impl_1]
00:00:00
get_property STATUS [get_runs Median_distRAM_64x12_synth_1]
Not started
get_property NEEDS_REFRESH [get_runs Median_distRAM_64x12_synth_1]
0
get_property PROGRESS [get_runs Median_distRAM_64x12_synth_1]
0%
get_property STATS.ELAPSED [get_runs Median_distRAM_64x12_synth_1]
00:00:00
get_property STATUS [get_runs RAM_2048x12_impl_1]
Not started
get_property NEEDS_REFRESH [get_runs RAM_2048x12_impl_1]
0
get_property PROGRESS [get_runs RAM_2048x12_impl_1]
0%
get_property STATS.ELAPSED [get_runs RAM_2048x12_impl_1]
00:00:00
get_property STATUS [get_runs RAM_2048x12_synth_1]
Not started
get_property NEEDS_REFRESH [get_runs RAM_2048x12_synth_1]
0
get_property PROGRESS [get_runs RAM_2048x12_synth_1]
0%
get_property STATS.ELAPSED [get_runs RAM_2048x12_synth_1]
00:00:00
get_property STATUS [get_runs address_LUT_impl_1]
Not started
get_property NEEDS_REFRESH [get_runs address_LUT_impl_1]
0
get_property PROGRESS [get_runs address_LUT_impl_1]
0%
get_property STATS.ELAPSED [get_runs address_LUT_impl_1]
00:00:00
get_property STATUS [get_runs address_LUT_synth_1]
Not started
get_property NEEDS_REFRESH [get_runs address_LUT_synth_1]
0
get_property PROGRESS [get_runs address_LUT_synth_1]
0%
get_property STATS.ELAPSED [get_runs address_LUT_synth_1]
00:00:00
get_property STATUS [get_runs axis_data_fifo_0_impl_1]
Not started
get_property NEEDS_REFRESH [get_runs axis_data_fifo_0_impl_1]
0
get_property PROGRESS [get_runs axis_data_fifo_0_impl_1]
0%
get_property STATS.ELAPSED [get_runs axis_data_fifo_0_impl_1]
00:00:00
get_property STATUS [get_runs axis_data_fifo_0_synth_1]
Not started
get_property NEEDS_REFRESH [get_runs axis_data_fifo_0_synth_1]
0
get_property PROGRESS [get_runs axis_data_fifo_0_synth_1]
0%
get_property STATS.ELAPSED [get_runs axis_data_fifo_0_synth_1]
00:00:00
get_property STATUS [get_runs axis_register_slice_fr_impl_1]
Not started
get_property NEEDS_REFRESH [get_runs axis_register_slice_fr_impl_1]
0
get_property PROGRESS [get_runs axis_register_slice_fr_impl_1]
0%
get_property STATS.ELAPSED [get_runs axis_register_slice_fr_impl_1]
00:00:00
get_property STATUS [get_runs axis_register_slice_fr_synth_1]
Not started
get_property NEEDS_REFRESH [get_runs axis_register_slice_fr_synth_1]
0
get_property PROGRESS [get_runs axis_register_slice_fr_synth_1]
0%
get_property STATS.ELAPSED [get_runs axis_register_slice_fr_synth_1]
00:00:00
get_property STATUS [get_runs crif_fifo_impl_1]
Not started
get_property NEEDS_REFRESH [get_runs crif_fifo_impl_1]
0
get_property PROGRESS [get_runs crif_fifo_impl_1]
0%
get_property STATS.ELAPSED [get_runs crif_fifo_impl_1]
00:00:00
get_property STATUS [get_runs crif_fifo_synth_1]
Not started
get_property NEEDS_REFRESH [get_runs crif_fifo_synth_1]
0
get_property PROGRESS [get_runs crif_fifo_synth_1]
0%
get_property STATS.ELAPSED [get_runs crif_fifo_synth_1]
00:00:00
get_property STATUS [get_runs distRAM_64x12_impl_1]
Not started
get_property NEEDS_REFRESH [get_runs distRAM_64x12_impl_1]
0
get_property PROGRESS [get_runs distRAM_64x12_impl_1]
0%
get_property STATS.ELAPSED [get_runs distRAM_64x12_impl_1]
00:00:00
get_property STATUS [get_runs distRAM_64x12_synth_1]
Not started
get_property NEEDS_REFRESH [get_runs distRAM_64x12_synth_1]
0
get_property PROGRESS [get_runs distRAM_64x12_synth_1]
0%
get_property STATS.ELAPSED [get_runs distRAM_64x12_synth_1]
00:00:00
get_property STATUS [get_runs fir_compiler_0_impl_1]
Not started
get_property NEEDS_REFRESH [get_runs fir_compiler_0_impl_1]
0
get_property PROGRESS [get_runs fir_compiler_0_impl_1]
0%
get_property STATS.ELAPSED [get_runs fir_compiler_0_impl_1]
00:00:00
get_property STATUS [get_runs fir_compiler_0_synth_1]
Not started
get_property NEEDS_REFRESH [get_runs fir_compiler_0_synth_1]
0
get_property PROGRESS [get_runs fir_compiler_0_synth_1]
0%
get_property STATS.ELAPSED [get_runs fir_compiler_0_synth_1]
00:00:00
get_property STATUS [get_runs fmc0_8chan_9g6_impl_1]
Not started
get_property NEEDS_REFRESH [get_runs fmc0_8chan_9g6_impl_1]
0
get_property PROGRESS [get_runs fmc0_8chan_9g6_impl_1]
0%
get_property STATS.ELAPSED [get_runs fmc0_8chan_9g6_impl_1]
00:00:00
get_property STATUS [get_runs fmc0_8chan_9g6_synth_1]
Not started
get_property NEEDS_REFRESH [get_runs fmc0_8chan_9g6_synth_1]
0
get_property PROGRESS [get_runs fmc0_8chan_9g6_synth_1]
0%
get_property STATS.ELAPSED [get_runs fmc0_8chan_9g6_synth_1]
00:00:00
get_property STATUS [get_runs fmc0_8chan_9g6_vio_0_impl_1]
Not started
get_property NEEDS_REFRESH [get_runs fmc0_8chan_9g6_vio_0_impl_1]
0
get_property PROGRESS [get_runs fmc0_8chan_9g6_vio_0_impl_1]
0%
get_property STATS.ELAPSED [get_runs fmc0_8chan_9g6_vio_0_impl_1]
00:00:00
get_property STATUS [get_runs fmc0_8chan_9g6_vio_0_synth_1]
Not started
get_property NEEDS_REFRESH [get_runs fmc0_8chan_9g6_vio_0_synth_1]
0
get_property PROGRESS [get_runs fmc0_8chan_9g6_vio_0_synth_1]
0%
get_property STATS.ELAPSED [get_runs fmc0_8chan_9g6_vio_0_synth_1]
00:00:00
get_property STATUS [get_runs gig_ethernet_pcs_pma_basex_156_25_impl_1]
Not started
get_property NEEDS_REFRESH [get_runs gig_ethernet_pcs_pma_basex_156_25_impl_1]
0
get_property PROGRESS [get_runs gig_ethernet_pcs_pma_basex_156_25_impl_1]
0%
get_property STATS.ELAPSED [get_runs gig_ethernet_pcs_pma_basex_156_25_impl_1]
00:00:00
get_property STATUS [get_runs gig_ethernet_pcs_pma_basex_156_25_synth_1]
Not started
get_property NEEDS_REFRESH [get_runs gig_ethernet_pcs_pma_basex_156_25_synth_1]
0
get_property PROGRESS [get_runs gig_ethernet_pcs_pma_basex_156_25_synth_1]
0%
get_property STATS.ELAPSED [get_runs gig_ethernet_pcs_pma_basex_156_25_synth_1]
00:00:00
get_property STATUS [get_runs impl_1]
Not started
get_property NEEDS_REFRESH [get_runs impl_1]
0
get_property PROGRESS [get_runs impl_1]
0%
get_property STATS.ELAPSED [get_runs impl_1]
00:00:00
get_property STATUS [get_runs synth_1]
Not started
get_property NEEDS_REFRESH [get_runs synth_1]
0
get_property PROGRESS [get_runs synth_1]
0%
get_property STATS.ELAPSED [get_runs synth_1]
00:00:00
get_property STATUS [get_runs temac_gbe_v9_0_impl_1]
Not started
get_property NEEDS_REFRESH [get_runs temac_gbe_v9_0_impl_1]
0
get_property PROGRESS [get_runs temac_gbe_v9_0_impl_1]
0%
get_property STATS.ELAPSED [get_runs temac_gbe_v9_0_impl_1]
00:00:00
get_property STATUS [get_runs temac_gbe_v9_0_synth_1]
Not started
get_property NEEDS_REFRESH [get_runs temac_gbe_v9_0_synth_1]
0
get_property PROGRESS [get_runs temac_gbe_v9_0_synth_1]
0%
get_property STATS.ELAPSED [get_runs temac_gbe_v9_0_synth_1]
00:00:00
get_property STATUS [get_runs thFMch_input_fifo_impl_1]
Not started
get_property NEEDS_REFRESH [get_runs thFMch_input_fifo_impl_1]
0
get_property PROGRESS [get_runs thFMch_input_fifo_impl_1]
0%
get_property STATS.ELAPSED [get_runs thFMch_input_fifo_impl_1]
00:00:00
get_property STATUS [get_runs thFMch_input_fifo_synth_1]
Not started
get_property NEEDS_REFRESH [get_runs thFMch_input_fifo_synth_1]
0
get_property PROGRESS [get_runs thFMch_input_fifo_synth_1]
0%
get_property STATS.ELAPSED [get_runs thFMch_input_fifo_synth_1]
00:00:00
reset_run synth_1
launch_runs synth_1 -jobs 4
INFO: [IP_Flow 19-1686] Generating 'Synthesis' target for IP 'thFMch_input_fifo'...
INFO: [IP_Flow 19-1686] Generating 'Synthesis' target for IP 'fmc0_8chan_9g6'...
INFO: [IP_Flow 19-1686] Generating 'Synthesis' target for IP 'fmc0_8chan_9g6_vio_0'...
INFO: [IP_Flow 19-1686] Generating 'Synthesis' target for IP 'crif_fifo'...
INFO: [IP_Flow 19-1686] Generating 'Synthesis' target for IP 'axis_register_slice_fr'...
INFO: [IP_Flow 19-1686] Generating 'Implementation' target for IP 'axis_register_slice_fr'...
INFO: [IP_Flow 19-1686] Generating 'Synthesis' target for IP 'RAM_2048x12'...
INFO: [IP_Flow 19-1686] Generating 'Synthesis' target for IP 'distRAM_64x12'...
INFO: [IP_Flow 19-1686] Generating 'Synthesis' target for IP 'Median_distRAM_64x12'...
INFO: [IP_Flow 19-1686] Generating 'Synthesis' target for IP 'fir_compiler_0'...
INFO: [IP_Flow 19-1686] Generating 'Synthesis' target for IP 'axis_data_fifo_0'...
INFO: [IP_Flow 19-1686] Generating 'Synthesis' target for IP 'address_LUT'...
INFO: [IP_Flow 19-1686] Generating 'Synthesis' target for IP 'gig_ethernet_pcs_pma_basex_156_25'...
INFO: [IP_Flow 19-1686] Generating 'Implementation' target for IP 'gig_ethernet_pcs_pma_basex_156_25'...
INFO: [IP_Flow 19-1686] Generating 'Synthesis' target for IP 'temac_gbe_v9_0'...
WARNING: [IP_Flow 19-650] IP license key 'eth_avb_endpoint@2015.04' is enabled with a Design_Linking license.
WARNING: [IP_Flow 19-650] IP license key 'eth_avb_endpoint@2015.04' is enabled with a Design_Linking license.
INFO: [IP_Flow 19-1686] Generating 'Implementation' target for IP 'temac_gbe_v9_0'...
[Wed Jan 20 14:31:57 2021] Launched thFMch_input_fifo_synth_1, fmc0_8chan_9g6_synth_1, fmc0_8chan_9g6_vio_0_synth_1, crif_fifo_synth_1, axis_register_slice_fr_synth_1, RAM_2048x12_synth_1, distRAM_64x12_synth_1, Median_distRAM_64x12_synth_1, fir_compiler_0_synth_1, axis_data_fifo_0_synth_1, address_LUT_synth_1, gig_ethernet_pcs_pma_basex_156_25_synth_1, temac_gbe_v9_0_synth_1...
Run output will be captured here:
thFMch_input_fifo_synth_1: /data2/hmo31799/dune_project/ped_sub/tpg_core/proj/dataflowZCU102/dataflowZCU102/dataflowZCU102.runs/thFMch_input_fifo_synth_1/runme.log
fmc0_8chan_9g6_synth_1: /data2/hmo31799/dune_project/ped_sub/tpg_core/proj/dataflowZCU102/dataflowZCU102/dataflowZCU102.runs/fmc0_8chan_9g6_synth_1/runme.log
fmc0_8chan_9g6_vio_0_synth_1: /data2/hmo31799/dune_project/ped_sub/tpg_core/proj/dataflowZCU102/dataflowZCU102/dataflowZCU102.runs/fmc0_8chan_9g6_vio_0_synth_1/runme.log
crif_fifo_synth_1: /data2/hmo31799/dune_project/ped_sub/tpg_core/proj/dataflowZCU102/dataflowZCU102/dataflowZCU102.runs/crif_fifo_synth_1/runme.log
axis_register_slice_fr_synth_1: /data2/hmo31799/dune_project/ped_sub/tpg_core/proj/dataflowZCU102/dataflowZCU102/dataflowZCU102.runs/axis_register_slice_fr_synth_1/runme.log
RAM_2048x12_synth_1: /data2/hmo31799/dune_project/ped_sub/tpg_core/proj/dataflowZCU102/dataflowZCU102/dataflowZCU102.runs/RAM_2048x12_synth_1/runme.log
distRAM_64x12_synth_1: /data2/hmo31799/dune_project/ped_sub/tpg_core/proj/dataflowZCU102/dataflowZCU102/dataflowZCU102.runs/distRAM_64x12_synth_1/runme.log
Median_distRAM_64x12_synth_1: /data2/hmo31799/dune_project/ped_sub/tpg_core/proj/dataflowZCU102/dataflowZCU102/dataflowZCU102.runs/Median_distRAM_64x12_synth_1/runme.log
fir_compiler_0_synth_1: /data2/hmo31799/dune_project/ped_sub/tpg_core/proj/dataflowZCU102/dataflowZCU102/dataflowZCU102.runs/fir_compiler_0_synth_1/runme.log
axis_data_fifo_0_synth_1: /data2/hmo31799/dune_project/ped_sub/tpg_core/proj/dataflowZCU102/dataflowZCU102/dataflowZCU102.runs/axis_data_fifo_0_synth_1/runme.log
address_LUT_synth_1: /data2/hmo31799/dune_project/ped_sub/tpg_core/proj/dataflowZCU102/dataflowZCU102/dataflowZCU102.runs/address_LUT_synth_1/runme.log
gig_ethernet_pcs_pma_basex_156_25_synth_1: /data2/hmo31799/dune_project/ped_sub/tpg_core/proj/dataflowZCU102/dataflowZCU102/dataflowZCU102.runs/gig_ethernet_pcs_pma_basex_156_25_synth_1/runme.log
temac_gbe_v9_0_synth_1: /data2/hmo31799/dune_project/ped_sub/tpg_core/proj/dataflowZCU102/dataflowZCU102/dataflowZCU102.runs/temac_gbe_v9_0_synth_1/runme.log
[Wed Jan 20 14:31:57 2021] Launched synth_1...
Run output will be captured here: /data2/hmo31799/dune_project/ped_sub/tpg_core/proj/dataflowZCU102/dataflowZCU102/dataflowZCU102.runs/synth_1/runme.log
launch_runs: Time (s): cpu = 00:00:16 ; elapsed = 00:00:20 . Memory (MB): peak = 2602.773 ; gain = 112.023 ; free physical = 9153 ; free virtual = 92881
get_runs
synth_1 thFMch_input_fifo_synth_1 fmc0_8chan_9g6_synth_1 fmc0_8chan_9g6_vio_0_synth_1 crif_fifo_synth_1 axis_register_slice_fr_synth_1 RAM_2048x12_synth_1 distRAM_64x12_synth_1 Median_distRAM_64x12_synth_1 fir_compiler_0_synth_1 axis_data_fifo_0_synth_1 address_LUT_synth_1 gig_ethernet_pcs_pma_basex_156_25_synth_1 temac_gbe_v9_0_synth_1 impl_1 thFMch_input_fifo_impl_1 fmc0_8chan_9g6_impl_1 fmc0_8chan_9g6_vio_0_impl_1 crif_fifo_impl_1 axis_register_slice_fr_impl_1 RAM_2048x12_impl_1 distRAM_64x12_impl_1 Median_distRAM_64x12_impl_1 fir_compiler_0_impl_1 axis_data_fifo_0_impl_1 address_LUT_impl_1 gig_ethernet_pcs_pma_basex_156_25_impl_1 temac_gbe_v9_0_impl_1
get_property STATUS [get_runs Median_distRAM_64x12_impl_1]
Not started
get_property NEEDS_REFRESH [get_runs Median_distRAM_64x12_impl_1]
0
get_property PROGRESS [get_runs Median_distRAM_64x12_impl_1]
0%
get_property STATS.ELAPSED [get_runs Median_distRAM_64x12_impl_1]
00:00:00
get_property STATUS [get_runs Median_distRAM_64x12_synth_1]
Queued...
get_property NEEDS_REFRESH [get_runs Median_distRAM_64x12_synth_1]
0
get_property PROGRESS [get_runs Median_distRAM_64x12_synth_1]
0%
get_property STATS.ELAPSED [get_runs Median_distRAM_64x12_synth_1]
00:00:00
get_property STATUS [get_runs RAM_2048x12_impl_1]
Not started
get_property NEEDS_REFRESH [get_runs RAM_2048x12_impl_1]
0
get_property PROGRESS [get_runs RAM_2048x12_impl_1]
0%
get_property STATS.ELAPSED [get_runs RAM_2048x12_impl_1]
00:00:00
get_property STATUS [get_runs RAM_2048x12_synth_1]
Queued...
get_property NEEDS_REFRESH [get_runs RAM_2048x12_synth_1]
0
get_property PROGRESS [get_runs RAM_2048x12_synth_1]
0%
get_property STATS.ELAPSED [get_runs RAM_2048x12_synth_1]
00:00:00
get_property STATUS [get_runs address_LUT_impl_1]
Not started
get_property NEEDS_REFRESH [get_runs address_LUT_impl_1]
0
get_property PROGRESS [get_runs address_LUT_impl_1]
0%
get_property STATS.ELAPSED [get_runs address_LUT_impl_1]
00:00:00
get_property STATUS [get_runs address_LUT_synth_1]
Queued...
get_property NEEDS_REFRESH [get_runs address_LUT_synth_1]
0
get_property PROGRESS [get_runs address_LUT_synth_1]
0%
get_property STATS.ELAPSED [get_runs address_LUT_synth_1]
00:00:00
get_property STATUS [get_runs axis_data_fifo_0_impl_1]
Not started
get_property NEEDS_REFRESH [get_runs axis_data_fifo_0_impl_1]
0
get_property PROGRESS [get_runs axis_data_fifo_0_impl_1]
0%
get_property STATS.ELAPSED [get_runs axis_data_fifo_0_impl_1]
00:00:00
get_property STATUS [get_runs axis_data_fifo_0_synth_1]
Queued...
get_property NEEDS_REFRESH [get_runs axis_data_fifo_0_synth_1]
0
get_property PROGRESS [get_runs axis_data_fifo_0_synth_1]
0%
get_property STATS.ELAPSED [get_runs axis_data_fifo_0_synth_1]
00:00:00
get_property STATUS [get_runs axis_register_slice_fr_impl_1]
Not started
get_property NEEDS_REFRESH [get_runs axis_register_slice_fr_impl_1]
0
get_property PROGRESS [get_runs axis_register_slice_fr_impl_1]
0%
get_property STATS.ELAPSED [get_runs axis_register_slice_fr_impl_1]
00:00:00
get_property STATUS [get_runs axis_register_slice_fr_synth_1]
Queued...
get_property NEEDS_REFRESH [get_runs axis_register_slice_fr_synth_1]
0
get_property PROGRESS [get_runs axis_register_slice_fr_synth_1]
0%
get_property STATS.ELAPSED [get_runs axis_register_slice_fr_synth_1]
00:00:00
get_property STATUS [get_runs crif_fifo_impl_1]
Not started
get_property NEEDS_REFRESH [get_runs crif_fifo_impl_1]
0
get_property PROGRESS [get_runs crif_fifo_impl_1]
0%
get_property STATS.ELAPSED [get_runs crif_fifo_impl_1]
00:00:00
get_property STATUS [get_runs crif_fifo_synth_1]
Queued...
get_property NEEDS_REFRESH [get_runs crif_fifo_synth_1]
0
get_property PROGRESS [get_runs crif_fifo_synth_1]
0%
get_property STATS.ELAPSED [get_runs crif_fifo_synth_1]
00:00:00
get_property STATUS [get_runs distRAM_64x12_impl_1]
Not started
get_property NEEDS_REFRESH [get_runs distRAM_64x12_impl_1]
0
get_property PROGRESS [get_runs distRAM_64x12_impl_1]
0%
get_property STATS.ELAPSED [get_runs distRAM_64x12_impl_1]
00:00:00
get_property STATUS [get_runs distRAM_64x12_synth_1]
Queued...
get_property NEEDS_REFRESH [get_runs distRAM_64x12_synth_1]
0
get_property PROGRESS [get_runs distRAM_64x12_synth_1]
0%
get_property STATS.ELAPSED [get_runs distRAM_64x12_synth_1]
00:00:00
get_property STATUS [get_runs fir_compiler_0_impl_1]
Not started
get_property NEEDS_REFRESH [get_runs fir_compiler_0_impl_1]
0
get_property PROGRESS [get_runs fir_compiler_0_impl_1]
0%
get_property STATS.ELAPSED [get_runs fir_compiler_0_impl_1]
00:00:00
get_property STATUS [get_runs fir_compiler_0_synth_1]
Queued...
get_property NEEDS_REFRESH [get_runs fir_compiler_0_synth_1]
0
get_property PROGRESS [get_runs fir_compiler_0_synth_1]
0%
get_property STATS.ELAPSED [get_runs fir_compiler_0_synth_1]
00:00:00
get_property STATUS [get_runs fmc0_8chan_9g6_impl_1]
Not started
get_property NEEDS_REFRESH [get_runs fmc0_8chan_9g6_impl_1]
0
get_property PROGRESS [get_runs fmc0_8chan_9g6_impl_1]
0%
get_property STATS.ELAPSED [get_runs fmc0_8chan_9g6_impl_1]
00:00:00
get_property STATUS [get_runs fmc0_8chan_9g6_synth_1]
Queued...
get_property NEEDS_REFRESH [get_runs fmc0_8chan_9g6_synth_1]
0
get_property PROGRESS [get_runs fmc0_8chan_9g6_synth_1]
0%
get_property STATS.ELAPSED [get_runs fmc0_8chan_9g6_synth_1]
00:00:00
get_property STATUS [get_runs fmc0_8chan_9g6_vio_0_impl_1]
Not started
get_property NEEDS_REFRESH [get_runs fmc0_8chan_9g6_vio_0_impl_1]
0
get_property PROGRESS [get_runs fmc0_8chan_9g6_vio_0_impl_1]
0%
get_property STATS.ELAPSED [get_runs fmc0_8chan_9g6_vio_0_impl_1]
00:00:00
get_property STATUS [get_runs fmc0_8chan_9g6_vio_0_synth_1]
Queued...
get_property NEEDS_REFRESH [get_runs fmc0_8chan_9g6_vio_0_synth_1]
0
get_property PROGRESS [get_runs fmc0_8chan_9g6_vio_0_synth_1]
0%
get_property STATS.ELAPSED [get_runs fmc0_8chan_9g6_vio_0_synth_1]
00:00:00
get_property STATUS [get_runs gig_ethernet_pcs_pma_basex_156_25_impl_1]
Not started
get_property NEEDS_REFRESH [get_runs gig_ethernet_pcs_pma_basex_156_25_impl_1]
0
get_property PROGRESS [get_runs gig_ethernet_pcs_pma_basex_156_25_impl_1]
0%
get_property STATS.ELAPSED [get_runs gig_ethernet_pcs_pma_basex_156_25_impl_1]
00:00:00
get_property STATUS [get_runs gig_ethernet_pcs_pma_basex_156_25_synth_1]
Queued...
get_property NEEDS_REFRESH [get_runs gig_ethernet_pcs_pma_basex_156_25_synth_1]
0
get_property PROGRESS [get_runs gig_ethernet_pcs_pma_basex_156_25_synth_1]
0%
get_property STATS.ELAPSED [get_runs gig_ethernet_pcs_pma_basex_156_25_synth_1]
00:00:00
get_property STATUS [get_runs impl_1]
Not started
get_property NEEDS_REFRESH [get_runs impl_1]
0
get_property PROGRESS [get_runs impl_1]
0%
get_property STATS.ELAPSED [get_runs impl_1]
00:00:00
get_property STATUS [get_runs synth_1]
Queued...
get_property NEEDS_REFRESH [get_runs synth_1]
0
get_property PROGRESS [get_runs synth_1]
0%
get_property STATS.ELAPSED [get_runs synth_1]
00:00:00
get_property STATUS [get_runs temac_gbe_v9_0_impl_1]
Not started
get_property NEEDS_REFRESH [get_runs temac_gbe_v9_0_impl_1]
0
get_property PROGRESS [get_runs temac_gbe_v9_0_impl_1]
0%
get_property STATS.ELAPSED [get_runs temac_gbe_v9_0_impl_1]
00:00:00
get_property STATUS [get_runs temac_gbe_v9_0_synth_1]
Queued...
get_property NEEDS_REFRESH [get_runs temac_gbe_v9_0_synth_1]
0
get_property PROGRESS [get_runs temac_gbe_v9_0_synth_1]
0%
get_property STATS.ELAPSED [get_runs temac_gbe_v9_0_synth_1]
00:00:00
get_property STATUS [get_runs thFMch_input_fifo_impl_1]
Not started
get_property NEEDS_REFRESH [get_runs thFMch_input_fifo_impl_1]
0
get_property PROGRESS [get_runs thFMch_input_fifo_impl_1]
0%
get_property STATS.ELAPSED [get_runs thFMch_input_fifo_impl_1]
00:00:00
get_property STATUS [get_runs thFMch_input_fifo_synth_1]
Queued...
get_property NEEDS_REFRESH [get_runs thFMch_input_fifo_synth_1]
0
get_property PROGRESS [get_runs thFMch_input_fifo_synth_1]
0%
get_property STATS.ELAPSED [get_runs thFMch_input_fifo_synth_1]
00:00:00
wait_on_run synth_1 -timeout 1
[Wed Jan 20 14:31:58 2021] Waiting for synth_1 to finish (timeout in 1 minute)...
[Wed Jan 20 14:32:58 2021] synth_1 timed out after 1 minute.
wait_on_run: Time (s): cpu = 00:00:00.12 ; elapsed = 00:01:00 . Memory (MB): peak = 2602.773 ; gain = 0.000 ; free physical = 7410 ; free virtual = 91140
get_runs
synth_1 thFMch_input_fifo_synth_1 fmc0_8chan_9g6_synth_1 fmc0_8chan_9g6_vio_0_synth_1 crif_fifo_synth_1 axis_register_slice_fr_synth_1 RAM_2048x12_synth_1 distRAM_64x12_synth_1 Median_distRAM_64x12_synth_1 fir_compiler_0_synth_1 axis_data_fifo_0_synth_1 address_LUT_synth_1 gig_ethernet_pcs_pma_basex_156_25_synth_1 temac_gbe_v9_0_synth_1 impl_1 thFMch_input_fifo_impl_1 fmc0_8chan_9g6_impl_1 fmc0_8chan_9g6_vio_0_impl_1 crif_fifo_impl_1 axis_register_slice_fr_impl_1 RAM_2048x12_impl_1 distRAM_64x12_impl_1 Median_distRAM_64x12_impl_1 fir_compiler_0_impl_1 axis_data_fifo_0_impl_1 address_LUT_impl_1 gig_ethernet_pcs_pma_basex_156_25_impl_1 temac_gbe_v9_0_impl_1
get_property STATUS [get_runs Median_distRAM_64x12_impl_1]
Not started
get_property NEEDS_REFRESH [get_runs Median_distRAM_64x12_impl_1]
0
get_property PROGRESS [get_runs Median_distRAM_64x12_impl_1]
0%
get_property STATS.ELAPSED [get_runs Median_distRAM_64x12_impl_1]
00:00:00
get_property STATUS [get_runs Median_distRAM_64x12_synth_1]
Queued...
get_property NEEDS_REFRESH [get_runs Median_distRAM_64x12_synth_1]
0
get_property PROGRESS [get_runs Median_distRAM_64x12_synth_1]
0%
get_property STATS.ELAPSED [get_runs Median_distRAM_64x12_synth_1]
00:00:00
get_property STATUS [get_runs RAM_2048x12_impl_1]
Not started
get_property NEEDS_REFRESH [get_runs RAM_2048x12_impl_1]
0
get_property PROGRESS [get_runs RAM_2048x12_impl_1]
0%
get_property STATS.ELAPSED [get_runs RAM_2048x12_impl_1]
00:00:00
get_property STATUS [get_runs RAM_2048x12_synth_1]
Queued...
get_property NEEDS_REFRESH [get_runs RAM_2048x12_synth_1]
0
get_property PROGRESS [get_runs RAM_2048x12_synth_1]
0%
get_property STATS.ELAPSED [get_runs RAM_2048x12_synth_1]
00:00:00
get_property STATUS [get_runs address_LUT_impl_1]
Not started
get_property NEEDS_REFRESH [get_runs address_LUT_impl_1]
0
get_property PROGRESS [get_runs address_LUT_impl_1]
0%
get_property STATS.ELAPSED [get_runs address_LUT_impl_1]
00:00:00
get_property STATUS [get_runs address_LUT_synth_1]
Queued...
get_property NEEDS_REFRESH [get_runs address_LUT_synth_1]
0
get_property PROGRESS [get_runs address_LUT_synth_1]
0%
get_property STATS.ELAPSED [get_runs address_LUT_synth_1]
00:00:00
get_property STATUS [get_runs axis_data_fifo_0_impl_1]
Not started
get_property NEEDS_REFRESH [get_runs axis_data_fifo_0_impl_1]
0
get_property PROGRESS [get_runs axis_data_fifo_0_impl_1]
0%
get_property STATS.ELAPSED [get_runs axis_data_fifo_0_impl_1]
00:00:00
get_property STATUS [get_runs axis_data_fifo_0_synth_1]
Queued...
get_property NEEDS_REFRESH [get_runs axis_data_fifo_0_synth_1]
0
get_property PROGRESS [get_runs axis_data_fifo_0_synth_1]
0%
get_property STATS.ELAPSED [get_runs axis_data_fifo_0_synth_1]
00:00:00
get_property STATUS [get_runs axis_register_slice_fr_impl_1]
Not started
get_property NEEDS_REFRESH [get_runs axis_register_slice_fr_impl_1]
0
get_property PROGRESS [get_runs axis_register_slice_fr_impl_1]
0%
get_property STATS.ELAPSED [get_runs axis_register_slice_fr_impl_1]
00:00:00
get_property STATUS [get_runs axis_register_slice_fr_synth_1]
Queued...
get_property NEEDS_REFRESH [get_runs axis_register_slice_fr_synth_1]
0
get_property PROGRESS [get_runs axis_register_slice_fr_synth_1]
0%
get_property STATS.ELAPSED [get_runs axis_register_slice_fr_synth_1]
00:00:00
get_property STATUS [get_runs crif_fifo_impl_1]
Not started
get_property NEEDS_REFRESH [get_runs crif_fifo_impl_1]
0
get_property PROGRESS [get_runs crif_fifo_impl_1]
0%
get_property STATS.ELAPSED [get_runs crif_fifo_impl_1]
00:00:00
get_property STATUS [get_runs crif_fifo_synth_1]
Running synth_design...
get_property NEEDS_REFRESH [get_runs crif_fifo_synth_1]
0
get_property PROGRESS [get_runs crif_fifo_synth_1]
0%
get_property STATS.ELAPSED [get_runs crif_fifo_synth_1]
00:00:40
get_property STATUS [get_runs distRAM_64x12_impl_1]
Not started
get_property NEEDS_REFRESH [get_runs distRAM_64x12_impl_1]
0
get_property PROGRESS [get_runs distRAM_64x12_impl_1]
0%
get_property STATS.ELAPSED [get_runs distRAM_64x12_impl_1]
00:00:00
get_property STATUS [get_runs distRAM_64x12_synth_1]
Queued...
get_property NEEDS_REFRESH [get_runs distRAM_64x12_synth_1]
0
get_property PROGRESS [get_runs distRAM_64x12_synth_1]
0%
get_property STATS.ELAPSED [get_runs distRAM_64x12_synth_1]
00:00:00
get_property STATUS [get_runs fir_compiler_0_impl_1]
Not started
get_property NEEDS_REFRESH [get_runs fir_compiler_0_impl_1]
0
get_property PROGRESS [get_runs fir_compiler_0_impl_1]
0%
get_property STATS.ELAPSED [get_runs fir_compiler_0_impl_1]
00:00:00
get_property STATUS [get_runs fir_compiler_0_synth_1]
Queued...
get_property NEEDS_REFRESH [get_runs fir_compiler_0_synth_1]
0
get_property PROGRESS [get_runs fir_compiler_0_synth_1]
0%
get_property STATS.ELAPSED [get_runs fir_compiler_0_synth_1]
00:00:00
get_property STATUS [get_runs fmc0_8chan_9g6_impl_1]
Not started
get_property NEEDS_REFRESH [get_runs fmc0_8chan_9g6_impl_1]
0
get_property PROGRESS [get_runs fmc0_8chan_9g6_impl_1]
0%
get_property STATS.ELAPSED [get_runs fmc0_8chan_9g6_impl_1]
00:00:00
get_property STATUS [get_runs fmc0_8chan_9g6_synth_1]
Running synth_design...
get_property NEEDS_REFRESH [get_runs fmc0_8chan_9g6_synth_1]
0
get_property PROGRESS [get_runs fmc0_8chan_9g6_synth_1]
0%
get_property STATS.ELAPSED [get_runs fmc0_8chan_9g6_synth_1]
00:00:44
get_property STATUS [get_runs fmc0_8chan_9g6_vio_0_impl_1]
Not started
get_property NEEDS_REFRESH [get_runs fmc0_8chan_9g6_vio_0_impl_1]
0
get_property PROGRESS [get_runs fmc0_8chan_9g6_vio_0_impl_1]
0%
get_property STATS.ELAPSED [get_runs fmc0_8chan_9g6_vio_0_impl_1]
00:00:00
get_property STATUS [get_runs fmc0_8chan_9g6_vio_0_synth_1]
Running synth_design...
get_property NEEDS_REFRESH [get_runs fmc0_8chan_9g6_vio_0_synth_1]
0
get_property PROGRESS [get_runs fmc0_8chan_9g6_vio_0_synth_1]
0%
get_property STATS.ELAPSED [get_runs fmc0_8chan_9g6_vio_0_synth_1]
00:00:50
get_property STATUS [get_runs gig_ethernet_pcs_pma_basex_156_25_impl_1]
Not started
get_property NEEDS_REFRESH [get_runs gig_ethernet_pcs_pma_basex_156_25_impl_1]
0
get_property PROGRESS [get_runs gig_ethernet_pcs_pma_basex_156_25_impl_1]
0%
get_property STATS.ELAPSED [get_runs gig_ethernet_pcs_pma_basex_156_25_impl_1]
00:00:00
get_property STATUS [get_runs gig_ethernet_pcs_pma_basex_156_25_synth_1]
Queued...
get_property NEEDS_REFRESH [get_runs gig_ethernet_pcs_pma_basex_156_25_synth_1]
0
get_property PROGRESS [get_runs gig_ethernet_pcs_pma_basex_156_25_synth_1]
0%
get_property STATS.ELAPSED [get_runs gig_ethernet_pcs_pma_basex_156_25_synth_1]
00:00:00
get_property STATUS [get_runs impl_1]
Not started
get_property NEEDS_REFRESH [get_runs impl_1]
0
get_property PROGRESS [get_runs impl_1]
0%
get_property STATS.ELAPSED [get_runs impl_1]
00:00:00
get_property STATUS [get_runs synth_1]
Queued...
get_property NEEDS_REFRESH [get_runs synth_1]
0
get_property PROGRESS [get_runs synth_1]
0%
get_property STATS.ELAPSED [get_runs synth_1]
00:00:00
get_property STATUS [get_runs temac_gbe_v9_0_impl_1]
Not started
get_property NEEDS_REFRESH [get_runs temac_gbe_v9_0_impl_1]
0
get_property PROGRESS [get_runs temac_gbe_v9_0_impl_1]
0%
get_property STATS.ELAPSED [get_runs temac_gbe_v9_0_impl_1]
00:00:00
get_property STATUS [get_runs temac_gbe_v9_0_synth_1]
Queued...
get_property NEEDS_REFRESH [get_runs temac_gbe_v9_0_synth_1]
0
get_property PROGRESS [get_runs temac_gbe_v9_0_synth_1]
0%
get_property STATS.ELAPSED [get_runs temac_gbe_v9_0_synth_1]
00:00:00
get_property STATUS [get_runs thFMch_input_fifo_impl_1]
Not started
get_property NEEDS_REFRESH [get_runs thFMch_input_fifo_impl_1]
0
get_property PROGRESS [get_runs thFMch_input_fifo_impl_1]
0%
get_property STATS.ELAPSED [get_runs thFMch_input_fifo_impl_1]
00:00:00
get_property STATUS [get_runs thFMch_input_fifo_synth_1]
Running synth_design...
get_property NEEDS_REFRESH [get_runs thFMch_input_fifo_synth_1]
0
get_property PROGRESS [get_runs thFMch_input_fifo_synth_1]
0%
get_property STATS.ELAPSED [get_runs thFMch_input_fifo_synth_1]
00:00:40
wait_on_run synth_1 -timeout 1
[Wed Jan 20 14:32:58 2021] Waiting for synth_1 to finish (timeout in 1 minute)...
[Wed Jan 20 14:33:58 2021] synth_1 timed out after 1 minute.
wait_on_run: Time (s): cpu = 00:00:00.08 ; elapsed = 00:01:00 . Memory (MB): peak = 2602.773 ; gain = 0.000 ; free physical = 6458 ; free virtual = 90193
get_runs
synth_1 thFMch_input_fifo_synth_1 fmc0_8chan_9g6_synth_1 fmc0_8chan_9g6_vio_0_synth_1 crif_fifo_synth_1 axis_register_slice_fr_synth_1 RAM_2048x12_synth_1 distRAM_64x12_synth_1 Median_distRAM_64x12_synth_1 fir_compiler_0_synth_1 axis_data_fifo_0_synth_1 address_LUT_synth_1 gig_ethernet_pcs_pma_basex_156_25_synth_1 temac_gbe_v9_0_synth_1 impl_1 thFMch_input_fifo_impl_1 fmc0_8chan_9g6_impl_1 fmc0_8chan_9g6_vio_0_impl_1 crif_fifo_impl_1 axis_register_slice_fr_impl_1 RAM_2048x12_impl_1 distRAM_64x12_impl_1 Median_distRAM_64x12_impl_1 fir_compiler_0_impl_1 axis_data_fifo_0_impl_1 address_LUT_impl_1 gig_ethernet_pcs_pma_basex_156_25_impl_1 temac_gbe_v9_0_impl_1
get_property STATUS [get_runs Median_distRAM_64x12_impl_1]
Not started
get_property NEEDS_REFRESH [get_runs Median_distRAM_64x12_impl_1]
0
get_property PROGRESS [get_runs Median_distRAM_64x12_impl_1]
0%
get_property STATS.ELAPSED [get_runs Median_distRAM_64x12_impl_1]
00:00:00
get_property STATUS [get_runs Median_distRAM_64x12_synth_1]
Queued...
get_property NEEDS_REFRESH [get_runs Median_distRAM_64x12_synth_1]
0
get_property PROGRESS [get_runs Median_distRAM_64x12_synth_1]
0%
get_property STATS.ELAPSED [get_runs Median_distRAM_64x12_synth_1]
00:00:00
get_property STATUS [get_runs RAM_2048x12_impl_1]
Not started
get_property NEEDS_REFRESH [get_runs RAM_2048x12_impl_1]
0
get_property PROGRESS [get_runs RAM_2048x12_impl_1]
0%
get_property STATS.ELAPSED [get_runs RAM_2048x12_impl_1]
00:00:00
get_property STATUS [get_runs RAM_2048x12_synth_1]
Queued...
get_property NEEDS_REFRESH [get_runs RAM_2048x12_synth_1]
0
get_property PROGRESS [get_runs RAM_2048x12_synth_1]
0%
get_property STATS.ELAPSED [get_runs RAM_2048x12_synth_1]
00:00:00
get_property STATUS [get_runs address_LUT_impl_1]
Not started
get_property NEEDS_REFRESH [get_runs address_LUT_impl_1]
0
get_property PROGRESS [get_runs address_LUT_impl_1]
0%
get_property STATS.ELAPSED [get_runs address_LUT_impl_1]
00:00:00
get_property STATUS [get_runs address_LUT_synth_1]
Queued...
get_property NEEDS_REFRESH [get_runs address_LUT_synth_1]
0
get_property PROGRESS [get_runs address_LUT_synth_1]
0%
get_property STATS.ELAPSED [get_runs address_LUT_synth_1]
00:00:00
get_property STATUS [get_runs axis_data_fifo_0_impl_1]
Not started
get_property NEEDS_REFRESH [get_runs axis_data_fifo_0_impl_1]
0
get_property PROGRESS [get_runs axis_data_fifo_0_impl_1]
0%
get_property STATS.ELAPSED [get_runs axis_data_fifo_0_impl_1]
00:00:00
get_property STATUS [get_runs axis_data_fifo_0_synth_1]
Queued...
get_property NEEDS_REFRESH [get_runs axis_data_fifo_0_synth_1]
0
get_property PROGRESS [get_runs axis_data_fifo_0_synth_1]
0%
get_property STATS.ELAPSED [get_runs axis_data_fifo_0_synth_1]
00:00:00
get_property STATUS [get_runs axis_register_slice_fr_impl_1]
Not started
get_property NEEDS_REFRESH [get_runs axis_register_slice_fr_impl_1]
0
get_property PROGRESS [get_runs axis_register_slice_fr_impl_1]
0%
get_property STATS.ELAPSED [get_runs axis_register_slice_fr_impl_1]
00:00:00
get_property STATUS [get_runs axis_register_slice_fr_synth_1]
Queued...
get_property NEEDS_REFRESH [get_runs axis_register_slice_fr_synth_1]
0
get_property PROGRESS [get_runs axis_register_slice_fr_synth_1]
0%
get_property STATS.ELAPSED [get_runs axis_register_slice_fr_synth_1]
00:00:00
get_property STATUS [get_runs crif_fifo_impl_1]
Not started
get_property NEEDS_REFRESH [get_runs crif_fifo_impl_1]
0
get_property PROGRESS [get_runs crif_fifo_impl_1]
0%
get_property STATS.ELAPSED [get_runs crif_fifo_impl_1]
00:00:00
get_property STATUS [get_runs crif_fifo_synth_1]
Running synth_design...
get_property NEEDS_REFRESH [get_runs crif_fifo_synth_1]
0
get_property PROGRESS [get_runs crif_fifo_synth_1]
0%
get_property STATS.ELAPSED [get_runs crif_fifo_synth_1]
00:01:17
get_property STATUS [get_runs distRAM_64x12_impl_1]
Not started
get_property NEEDS_REFRESH [get_runs distRAM_64x12_impl_1]
0
get_property PROGRESS [get_runs distRAM_64x12_impl_1]
0%
get_property STATS.ELAPSED [get_runs distRAM_64x12_impl_1]
00:00:00
get_property STATUS [get_runs distRAM_64x12_synth_1]
Queued...
get_property NEEDS_REFRESH [get_runs distRAM_64x12_synth_1]
0
get_property PROGRESS [get_runs distRAM_64x12_synth_1]
0%
get_property STATS.ELAPSED [get_runs distRAM_64x12_synth_1]
00:00:00
get_property STATUS [get_runs fir_compiler_0_impl_1]
Not started
get_property NEEDS_REFRESH [get_runs fir_compiler_0_impl_1]
0
get_property PROGRESS [get_runs fir_compiler_0_impl_1]
0%
get_property STATS.ELAPSED [get_runs fir_compiler_0_impl_1]
00:00:00
get_property STATUS [get_runs fir_compiler_0_synth_1]
Queued...
get_property NEEDS_REFRESH [get_runs fir_compiler_0_synth_1]
0
get_property PROGRESS [get_runs fir_compiler_0_synth_1]
0%
get_property STATS.ELAPSED [get_runs fir_compiler_0_synth_1]
00:00:00
get_property STATUS [get_runs fmc0_8chan_9g6_impl_1]
Not started
get_property NEEDS_REFRESH [get_runs fmc0_8chan_9g6_impl_1]
0
get_property PROGRESS [get_runs fmc0_8chan_9g6_impl_1]
0%
get_property STATS.ELAPSED [get_runs fmc0_8chan_9g6_impl_1]
00:00:00
get_property STATUS [get_runs fmc0_8chan_9g6_synth_1]
Running synth_design...
get_property NEEDS_REFRESH [get_runs fmc0_8chan_9g6_synth_1]
0
get_property PROGRESS [get_runs fmc0_8chan_9g6_synth_1]
0%
get_property STATS.ELAPSED [get_runs fmc0_8chan_9g6_synth_1]
00:01:44
get_property STATUS [get_runs fmc0_8chan_9g6_vio_0_impl_1]
Not started
get_property NEEDS_REFRESH [get_runs fmc0_8chan_9g6_vio_0_impl_1]
0
get_property PROGRESS [get_runs fmc0_8chan_9g6_vio_0_impl_1]
0%
get_property STATS.ELAPSED [get_runs fmc0_8chan_9g6_vio_0_impl_1]
00:00:00
get_property STATUS [get_runs fmc0_8chan_9g6_vio_0_synth_1]
Running synth_design...
get_property NEEDS_REFRESH [get_runs fmc0_8chan_9g6_vio_0_synth_1]
0
get_property PROGRESS [get_runs fmc0_8chan_9g6_vio_0_synth_1]
0%
get_property STATS.ELAPSED [get_runs fmc0_8chan_9g6_vio_0_synth_1]
00:01:55
get_property STATUS [get_runs gig_ethernet_pcs_pma_basex_156_25_impl_1]
Not started
get_property NEEDS_REFRESH [get_runs gig_ethernet_pcs_pma_basex_156_25_impl_1]
0
get_property PROGRESS [get_runs gig_ethernet_pcs_pma_basex_156_25_impl_1]
0%
get_property STATS.ELAPSED [get_runs gig_ethernet_pcs_pma_basex_156_25_impl_1]
00:00:00
get_property STATUS [get_runs gig_ethernet_pcs_pma_basex_156_25_synth_1]
Queued...
get_property NEEDS_REFRESH [get_runs gig_ethernet_pcs_pma_basex_156_25_synth_1]
0
get_property PROGRESS [get_runs gig_ethernet_pcs_pma_basex_156_25_synth_1]
0%
get_property STATS.ELAPSED [get_runs gig_ethernet_pcs_pma_basex_156_25_synth_1]
00:00:00
get_property STATUS [get_runs impl_1]
Not started
get_property NEEDS_REFRESH [get_runs impl_1]
0
get_property PROGRESS [get_runs impl_1]
0%
get_property STATS.ELAPSED [get_runs impl_1]
00:00:00
get_property STATUS [get_runs synth_1]
Queued...
get_property NEEDS_REFRESH [get_runs synth_1]
0
get_property PROGRESS [get_runs synth_1]
0%
get_property STATS.ELAPSED [get_runs synth_1]
00:00:00
get_property STATUS [get_runs temac_gbe_v9_0_impl_1]
Not started
get_property NEEDS_REFRESH [get_runs temac_gbe_v9_0_impl_1]
0
get_property PROGRESS [get_runs temac_gbe_v9_0_impl_1]
0%
get_property STATS.ELAPSED [get_runs temac_gbe_v9_0_impl_1]
00:00:00
get_property STATUS [get_runs temac_gbe_v9_0_synth_1]
Queued...
get_property NEEDS_REFRESH [get_runs temac_gbe_v9_0_synth_1]
0
get_property PROGRESS [get_runs temac_gbe_v9_0_synth_1]
0%
get_property STATS.ELAPSED [get_runs temac_gbe_v9_0_synth_1]
00:00:00
get_property STATUS [get_runs thFMch_input_fifo_impl_1]
Not started
get_property NEEDS_REFRESH [get_runs thFMch_input_fifo_impl_1]
0
get_property PROGRESS [get_runs thFMch_input_fifo_impl_1]
0%
get_property STATS.ELAPSED [get_runs thFMch_input_fifo_impl_1]
00:00:00
get_property STATUS [get_runs thFMch_input_fifo_synth_1]
Running synth_design...
get_property NEEDS_REFRESH [get_runs thFMch_input_fifo_synth_1]
0
get_property PROGRESS [get_runs thFMch_input_fifo_synth_1]
0%
get_property STATS.ELAPSED [get_runs thFMch_input_fifo_synth_1]
00:01:17
wait_on_run synth_1 -timeout 1
[Wed Jan 20 14:33:59 2021] Waiting for synth_1 to finish (timeout in 1 minute)...
[Wed Jan 20 14:34:59 2021] synth_1 timed out after 1 minute.
wait_on_run: Time (s): cpu = 00:00:00.07 ; elapsed = 00:01:00 . Memory (MB): peak = 2602.773 ; gain = 0.000 ; free physical = 5375 ; free virtual = 89115
get_runs
synth_1 thFMch_input_fifo_synth_1 fmc0_8chan_9g6_synth_1 fmc0_8chan_9g6_vio_0_synth_1 crif_fifo_synth_1 axis_register_slice_fr_synth_1 RAM_2048x12_synth_1 distRAM_64x12_synth_1 Median_distRAM_64x12_synth_1 fir_compiler_0_synth_1 axis_data_fifo_0_synth_1 address_LUT_synth_1 gig_ethernet_pcs_pma_basex_156_25_synth_1 temac_gbe_v9_0_synth_1 impl_1 thFMch_input_fifo_impl_1 fmc0_8chan_9g6_impl_1 fmc0_8chan_9g6_vio_0_impl_1 crif_fifo_impl_1 axis_register_slice_fr_impl_1 RAM_2048x12_impl_1 distRAM_64x12_impl_1 Median_distRAM_64x12_impl_1 fir_compiler_0_impl_1 axis_data_fifo_0_impl_1 address_LUT_impl_1 gig_ethernet_pcs_pma_basex_156_25_impl_1 temac_gbe_v9_0_impl_1
get_property STATUS [get_runs Median_distRAM_64x12_impl_1]
Not started
get_property NEEDS_REFRESH [get_runs Median_distRAM_64x12_impl_1]
0
get_property PROGRESS [get_runs Median_distRAM_64x12_impl_1]
0%
get_property STATS.ELAPSED [get_runs Median_distRAM_64x12_impl_1]
00:00:00
get_property STATUS [get_runs Median_distRAM_64x12_synth_1]
Queued...
get_property NEEDS_REFRESH [get_runs Median_distRAM_64x12_synth_1]
0
get_property PROGRESS [get_runs Median_distRAM_64x12_synth_1]
0%
get_property STATS.ELAPSED [get_runs Median_distRAM_64x12_synth_1]
00:00:00
get_property STATUS [get_runs RAM_2048x12_impl_1]
Not started
get_property NEEDS_REFRESH [get_runs RAM_2048x12_impl_1]
0
get_property PROGRESS [get_runs RAM_2048x12_impl_1]
0%
get_property STATS.ELAPSED [get_runs RAM_2048x12_impl_1]
00:00:00
get_property STATUS [get_runs RAM_2048x12_synth_1]
Queued...
get_property NEEDS_REFRESH [get_runs RAM_2048x12_synth_1]
0
get_property PROGRESS [get_runs RAM_2048x12_synth_1]
0%
get_property STATS.ELAPSED [get_runs RAM_2048x12_synth_1]
00:00:00
get_property STATUS [get_runs address_LUT_impl_1]
Not started
get_property NEEDS_REFRESH [get_runs address_LUT_impl_1]
0
get_property PROGRESS [get_runs address_LUT_impl_1]
0%
get_property STATS.ELAPSED [get_runs address_LUT_impl_1]
00:00:00
get_property STATUS [get_runs address_LUT_synth_1]
Queued...
get_property NEEDS_REFRESH [get_runs address_LUT_synth_1]
0
get_property PROGRESS [get_runs address_LUT_synth_1]
0%
get_property STATS.ELAPSED [get_runs address_LUT_synth_1]
00:00:00
get_property STATUS [get_runs axis_data_fifo_0_impl_1]
Not started
get_property NEEDS_REFRESH [get_runs axis_data_fifo_0_impl_1]
0
get_property PROGRESS [get_runs axis_data_fifo_0_impl_1]
0%
get_property STATS.ELAPSED [get_runs axis_data_fifo_0_impl_1]
00:00:00
get_property STATUS [get_runs axis_data_fifo_0_synth_1]
Queued...
get_property NEEDS_REFRESH [get_runs axis_data_fifo_0_synth_1]
0
get_property PROGRESS [get_runs axis_data_fifo_0_synth_1]
0%
get_property STATS.ELAPSED [get_runs axis_data_fifo_0_synth_1]
00:00:00
get_property STATUS [get_runs axis_register_slice_fr_impl_1]
Not started
get_property NEEDS_REFRESH [get_runs axis_register_slice_fr_impl_1]
0
get_property PROGRESS [get_runs axis_register_slice_fr_impl_1]
0%
get_property STATS.ELAPSED [get_runs axis_register_slice_fr_impl_1]
00:00:00
get_property STATUS [get_runs axis_register_slice_fr_synth_1]
Queued...
get_property NEEDS_REFRESH [get_runs axis_register_slice_fr_synth_1]
0
get_property PROGRESS [get_runs axis_register_slice_fr_synth_1]
0%
get_property STATS.ELAPSED [get_runs axis_register_slice_fr_synth_1]
00:00:00
get_property STATUS [get_runs crif_fifo_impl_1]
Not started
get_property NEEDS_REFRESH [get_runs crif_fifo_impl_1]
0
get_property PROGRESS [get_runs crif_fifo_impl_1]
0%
get_property STATS.ELAPSED [get_runs crif_fifo_impl_1]
00:00:00
get_property STATUS [get_runs crif_fifo_synth_1]
Running synth_design...
get_property NEEDS_REFRESH [get_runs crif_fifo_synth_1]
0
get_property PROGRESS [get_runs crif_fifo_synth_1]
0%
get_property STATS.ELAPSED [get_runs crif_fifo_synth_1]
00:02:27
get_property STATUS [get_runs distRAM_64x12_impl_1]
Not started
get_property NEEDS_REFRESH [get_runs distRAM_64x12_impl_1]
0
get_property PROGRESS [get_runs distRAM_64x12_impl_1]
0%
get_property STATS.ELAPSED [get_runs distRAM_64x12_impl_1]
00:00:00
get_property STATUS [get_runs distRAM_64x12_synth_1]
Queued...
get_property NEEDS_REFRESH [get_runs distRAM_64x12_synth_1]
0
get_property PROGRESS [get_runs distRAM_64x12_synth_1]
0%
get_property STATS.ELAPSED [get_runs distRAM_64x12_synth_1]
00:00:00
get_property STATUS [get_runs fir_compiler_0_impl_1]
Not started
get_property NEEDS_REFRESH [get_runs fir_compiler_0_impl_1]
0
get_property PROGRESS [get_runs fir_compiler_0_impl_1]
0%
get_property STATS.ELAPSED [get_runs fir_compiler_0_impl_1]
00:00:00
get_property STATUS [get_runs fir_compiler_0_synth_1]
Queued...
get_property NEEDS_REFRESH [get_runs fir_compiler_0_synth_1]
0
get_property PROGRESS [get_runs fir_compiler_0_synth_1]
0%
get_property STATS.ELAPSED [get_runs fir_compiler_0_synth_1]
00:00:00
get_property STATUS [get_runs fmc0_8chan_9g6_impl_1]
Not started
get_property NEEDS_REFRESH [get_runs fmc0_8chan_9g6_impl_1]
0
get_property PROGRESS [get_runs fmc0_8chan_9g6_impl_1]
0%
get_property STATS.ELAPSED [get_runs fmc0_8chan_9g6_impl_1]
00:00:00
get_property STATUS [get_runs fmc0_8chan_9g6_synth_1]
Running synth_design...
get_property NEEDS_REFRESH [get_runs fmc0_8chan_9g6_synth_1]
0
get_property PROGRESS [get_runs fmc0_8chan_9g6_synth_1]
0%
get_property STATS.ELAPSED [get_runs fmc0_8chan_9g6_synth_1]
00:02:48
get_property STATUS [get_runs fmc0_8chan_9g6_vio_0_impl_1]
Not started
get_property NEEDS_REFRESH [get_runs fmc0_8chan_9g6_vio_0_impl_1]
0
get_property PROGRESS [get_runs fmc0_8chan_9g6_vio_0_impl_1]
0%
get_property STATS.ELAPSED [get_runs fmc0_8chan_9g6_vio_0_impl_1]
00:00:00
get_property STATUS [get_runs fmc0_8chan_9g6_vio_0_synth_1]
Running synth_design...
get_property NEEDS_REFRESH [get_runs fmc0_8chan_9g6_vio_0_synth_1]
0
get_property PROGRESS [get_runs fmc0_8chan_9g6_vio_0_synth_1]
0%
get_property STATS.ELAPSED [get_runs fmc0_8chan_9g6_vio_0_synth_1]
00:01:55
get_property STATUS [get_runs gig_ethernet_pcs_pma_basex_156_25_impl_1]
Not started
get_property NEEDS_REFRESH [get_runs gig_ethernet_pcs_pma_basex_156_25_impl_1]
0
get_property PROGRESS [get_runs gig_ethernet_pcs_pma_basex_156_25_impl_1]
0%
get_property STATS.ELAPSED [get_runs gig_ethernet_pcs_pma_basex_156_25_impl_1]
00:00:00
get_property STATUS [get_runs gig_ethernet_pcs_pma_basex_156_25_synth_1]
Queued...
get_property NEEDS_REFRESH [get_runs gig_ethernet_pcs_pma_basex_156_25_synth_1]
0
get_property PROGRESS [get_runs gig_ethernet_pcs_pma_basex_156_25_synth_1]
0%
get_property STATS.ELAPSED [get_runs gig_ethernet_pcs_pma_basex_156_25_synth_1]
00:00:00
get_property STATUS [get_runs impl_1]
Not started
get_property NEEDS_REFRESH [get_runs impl_1]
0
get_property PROGRESS [get_runs impl_1]
0%
get_property STATS.ELAPSED [get_runs impl_1]
00:00:00
get_property STATUS [get_runs synth_1]
Queued...
get_property NEEDS_REFRESH [get_runs synth_1]
0
get_property PROGRESS [get_runs synth_1]
0%
get_property STATS.ELAPSED [get_runs synth_1]
00:00:00
get_property STATUS [get_runs temac_gbe_v9_0_impl_1]
Not started
get_property NEEDS_REFRESH [get_runs temac_gbe_v9_0_impl_1]
0
get_property PROGRESS [get_runs temac_gbe_v9_0_impl_1]
0%
get_property STATS.ELAPSED [get_runs temac_gbe_v9_0_impl_1]
00:00:00
get_property STATUS [get_runs temac_gbe_v9_0_synth_1]
Queued...
get_property NEEDS_REFRESH [get_runs temac_gbe_v9_0_synth_1]
0
get_property PROGRESS [get_runs temac_gbe_v9_0_synth_1]
0%
get_property STATS.ELAPSED [get_runs temac_gbe_v9_0_synth_1]
00:00:00
get_property STATUS [get_runs thFMch_input_fifo_impl_1]
Not started
get_property NEEDS_REFRESH [get_runs thFMch_input_fifo_impl_1]
0
get_property PROGRESS [get_runs thFMch_input_fifo_impl_1]
0%
get_property STATS.ELAPSED [get_runs thFMch_input_fifo_impl_1]
00:00:00
get_property STATUS [get_runs thFMch_input_fifo_synth_1]
Running synth_design...
get_property NEEDS_REFRESH [get_runs thFMch_input_fifo_synth_1]
0
get_property PROGRESS [get_runs thFMch_input_fifo_synth_1]
0%
get_property STATS.ELAPSED [get_runs thFMch_input_fifo_synth_1]
00:02:28
wait_on_run synth_1 -timeout 1
[Wed Jan 20 14:34:59 2021] Waiting for synth_1 to finish (timeout in 1 minute)...
[Wed Jan 20 14:35:59 2021] synth_1 timed out after 1 minute.
wait_on_run: Time (s): cpu = 00:00:00.09 ; elapsed = 00:01:00 . Memory (MB): peak = 2602.773 ; gain = 0.000 ; free physical = 3978 ; free virtual = 87720
get_runs
synth_1 thFMch_input_fifo_synth_1 fmc0_8chan_9g6_synth_1 fmc0_8chan_9g6_vio_0_synth_1 crif_fifo_synth_1 axis_register_slice_fr_synth_1 RAM_2048x12_synth_1 distRAM_64x12_synth_1 Median_distRAM_64x12_synth_1 fir_compiler_0_synth_1 axis_data_fifo_0_synth_1 address_LUT_synth_1 gig_ethernet_pcs_pma_basex_156_25_synth_1 temac_gbe_v9_0_synth_1 impl_1 thFMch_input_fifo_impl_1 fmc0_8chan_9g6_impl_1 fmc0_8chan_9g6_vio_0_impl_1 crif_fifo_impl_1 axis_register_slice_fr_impl_1 RAM_2048x12_impl_1 distRAM_64x12_impl_1 Median_distRAM_64x12_impl_1 fir_compiler_0_impl_1 axis_data_fifo_0_impl_1 address_LUT_impl_1 gig_ethernet_pcs_pma_basex_156_25_impl_1 temac_gbe_v9_0_impl_1
get_property STATUS [get_runs Median_distRAM_64x12_impl_1]
Not started
get_property NEEDS_REFRESH [get_runs Median_distRAM_64x12_impl_1]
0
get_property PROGRESS [get_runs Median_distRAM_64x12_impl_1]
0%
get_property STATS.ELAPSED [get_runs Median_distRAM_64x12_impl_1]
00:00:00
get_property STATUS [get_runs Median_distRAM_64x12_synth_1]
Queued...
get_property NEEDS_REFRESH [get_runs Median_distRAM_64x12_synth_1]
0
get_property PROGRESS [get_runs Median_distRAM_64x12_synth_1]
0%
get_property STATS.ELAPSED [get_runs Median_distRAM_64x12_synth_1]
00:00:00
get_property STATUS [get_runs RAM_2048x12_impl_1]
Not started
get_property NEEDS_REFRESH [get_runs RAM_2048x12_impl_1]
0
get_property PROGRESS [get_runs RAM_2048x12_impl_1]
0%
get_property STATS.ELAPSED [get_runs RAM_2048x12_impl_1]
00:00:00
get_property STATUS [get_runs RAM_2048x12_synth_1]
Queued...
get_property NEEDS_REFRESH [get_runs RAM_2048x12_synth_1]
0
get_property PROGRESS [get_runs RAM_2048x12_synth_1]
0%
get_property STATS.ELAPSED [get_runs RAM_2048x12_synth_1]
00:00:00
get_property STATUS [get_runs address_LUT_impl_1]
Not started
get_property NEEDS_REFRESH [get_runs address_LUT_impl_1]
0
get_property PROGRESS [get_runs address_LUT_impl_1]
0%
get_property STATS.ELAPSED [get_runs address_LUT_impl_1]
00:00:00
get_property STATUS [get_runs address_LUT_synth_1]
Queued...
get_property NEEDS_REFRESH [get_runs address_LUT_synth_1]
0
get_property PROGRESS [get_runs address_LUT_synth_1]
0%
get_property STATS.ELAPSED [get_runs address_LUT_synth_1]
00:00:00
get_property STATUS [get_runs axis_data_fifo_0_impl_1]
Not started
get_property NEEDS_REFRESH [get_runs axis_data_fifo_0_impl_1]
0
get_property PROGRESS [get_runs axis_data_fifo_0_impl_1]
0%
get_property STATS.ELAPSED [get_runs axis_data_fifo_0_impl_1]
00:00:00
get_property STATUS [get_runs axis_data_fifo_0_synth_1]
Queued...
get_property NEEDS_REFRESH [get_runs axis_data_fifo_0_synth_1]
0
get_property PROGRESS [get_runs axis_data_fifo_0_synth_1]
0%
get_property STATS.ELAPSED [get_runs axis_data_fifo_0_synth_1]
00:00:00
get_property STATUS [get_runs axis_register_slice_fr_impl_1]
Not started
get_property NEEDS_REFRESH [get_runs axis_register_slice_fr_impl_1]
0
get_property PROGRESS [get_runs axis_register_slice_fr_impl_1]
0%
get_property STATS.ELAPSED [get_runs axis_register_slice_fr_impl_1]
00:00:00
get_property STATUS [get_runs axis_register_slice_fr_synth_1]
Queued...
get_property NEEDS_REFRESH [get_runs axis_register_slice_fr_synth_1]
0
get_property PROGRESS [get_runs axis_register_slice_fr_synth_1]
0%
get_property STATS.ELAPSED [get_runs axis_register_slice_fr_synth_1]
00:00:00
get_property STATUS [get_runs crif_fifo_impl_1]
Not started
get_property NEEDS_REFRESH [get_runs crif_fifo_impl_1]
0
get_property PROGRESS [get_runs crif_fifo_impl_1]
0%
get_property STATS.ELAPSED [get_runs crif_fifo_impl_1]
00:00:00
get_property STATUS [get_runs crif_fifo_synth_1]
Running synth_design...
get_property NEEDS_REFRESH [get_runs crif_fifo_synth_1]
0
get_property PROGRESS [get_runs crif_fifo_synth_1]
0%
get_property STATS.ELAPSED [get_runs crif_fifo_synth_1]
00:03:07
get_property STATUS [get_runs distRAM_64x12_impl_1]
Not started
get_property NEEDS_REFRESH [get_runs distRAM_64x12_impl_1]
0
get_property PROGRESS [get_runs distRAM_64x12_impl_1]
0%
get_property STATS.ELAPSED [get_runs distRAM_64x12_impl_1]
00:00:00
get_property STATUS [get_runs distRAM_64x12_synth_1]
Queued...
get_property NEEDS_REFRESH [get_runs distRAM_64x12_synth_1]
0
get_property PROGRESS [get_runs distRAM_64x12_synth_1]
0%
get_property STATS.ELAPSED [get_runs distRAM_64x12_synth_1]
00:00:00
get_property STATUS [get_runs fir_compiler_0_impl_1]
Not started
get_property NEEDS_REFRESH [get_runs fir_compiler_0_impl_1]
0
get_property PROGRESS [get_runs fir_compiler_0_impl_1]
0%
get_property STATS.ELAPSED [get_runs fir_compiler_0_impl_1]
00:00:00
get_property STATUS [get_runs fir_compiler_0_synth_1]
Queued...
get_property NEEDS_REFRESH [get_runs fir_compiler_0_synth_1]
0
get_property PROGRESS [get_runs fir_compiler_0_synth_1]
0%
get_property STATS.ELAPSED [get_runs fir_compiler_0_synth_1]
00:00:00
get_property STATUS [get_runs fmc0_8chan_9g6_impl_1]
Not started
get_property NEEDS_REFRESH [get_runs fmc0_8chan_9g6_impl_1]
0
get_property PROGRESS [get_runs fmc0_8chan_9g6_impl_1]
0%
get_property STATS.ELAPSED [get_runs fmc0_8chan_9g6_impl_1]
00:00:00
get_property STATUS [get_runs fmc0_8chan_9g6_synth_1]
Running synth_design...
get_property NEEDS_REFRESH [get_runs fmc0_8chan_9g6_synth_1]
0
get_property PROGRESS [get_runs fmc0_8chan_9g6_synth_1]
0%
get_property STATS.ELAPSED [get_runs fmc0_8chan_9g6_synth_1]
00:02:48
get_property STATUS [get_runs fmc0_8chan_9g6_vio_0_impl_1]
Not started
get_property NEEDS_REFRESH [get_runs fmc0_8chan_9g6_vio_0_impl_1]
0
get_property PROGRESS [get_runs fmc0_8chan_9g6_vio_0_impl_1]
0%
get_property STATS.ELAPSED [get_runs fmc0_8chan_9g6_vio_0_impl_1]
00:00:00
get_property STATUS [get_runs fmc0_8chan_9g6_vio_0_synth_1]
Running synth_design...
get_property NEEDS_REFRESH [get_runs fmc0_8chan_9g6_vio_0_synth_1]
0
get_property PROGRESS [get_runs fmc0_8chan_9g6_vio_0_synth_1]
0%
get_property STATS.ELAPSED [get_runs fmc0_8chan_9g6_vio_0_synth_1]
00:04:01
get_property STATUS [get_runs gig_ethernet_pcs_pma_basex_156_25_impl_1]
Not started
get_property NEEDS_REFRESH [get_runs gig_ethernet_pcs_pma_basex_156_25_impl_1]
0
get_property PROGRESS [get_runs gig_ethernet_pcs_pma_basex_156_25_impl_1]
0%
get_property STATS.ELAPSED [get_runs gig_ethernet_pcs_pma_basex_156_25_impl_1]
00:00:00
get_property STATUS [get_runs gig_ethernet_pcs_pma_basex_156_25_synth_1]
Queued...
get_property NEEDS_REFRESH [get_runs gig_ethernet_pcs_pma_basex_156_25_synth_1]
0
get_property PROGRESS [get_runs gig_ethernet_pcs_pma_basex_156_25_synth_1]
0%
get_property STATS.ELAPSED [get_runs gig_ethernet_pcs_pma_basex_156_25_synth_1]
00:00:00
get_property STATUS [get_runs impl_1]
Not started
get_property NEEDS_REFRESH [get_runs impl_1]
0
get_property PROGRESS [get_runs impl_1]
0%
get_property STATS.ELAPSED [get_runs impl_1]
00:00:00
get_property STATUS [get_runs synth_1]
Queued...
get_property NEEDS_REFRESH [get_runs synth_1]
0
get_property PROGRESS [get_runs synth_1]
0%
get_property STATS.ELAPSED [get_runs synth_1]
00:00:00
get_property STATUS [get_runs temac_gbe_v9_0_impl_1]
Not started
get_property NEEDS_REFRESH [get_runs temac_gbe_v9_0_impl_1]
0
get_property PROGRESS [get_runs temac_gbe_v9_0_impl_1]
0%
get_property STATS.ELAPSED [get_runs temac_gbe_v9_0_impl_1]
00:00:00
get_property STATUS [get_runs temac_gbe_v9_0_synth_1]
Queued...
get_property NEEDS_REFRESH [get_runs temac_gbe_v9_0_synth_1]
0
get_property PROGRESS [get_runs temac_gbe_v9_0_synth_1]
0%
get_property STATS.ELAPSED [get_runs temac_gbe_v9_0_synth_1]
00:00:00
get_property STATUS [get_runs thFMch_input_fifo_impl_1]
Not started
get_property NEEDS_REFRESH [get_runs thFMch_input_fifo_impl_1]
0
get_property PROGRESS [get_runs thFMch_input_fifo_impl_1]
0%
get_property STATS.ELAPSED [get_runs thFMch_input_fifo_impl_1]
00:00:00
get_property STATUS [get_runs thFMch_input_fifo_synth_1]
Running synth_design...
get_property NEEDS_REFRESH [get_runs thFMch_input_fifo_synth_1]
0
get_property PROGRESS [get_runs thFMch_input_fifo_synth_1]
0%
get_property STATS.ELAPSED [get_runs thFMch_input_fifo_synth_1]
00:03:08
wait_on_run synth_1 -timeout 1
[Wed Jan 20 14:35:59 2021] Waiting for synth_1 to finish (timeout in 1 minute)...
[Wed Jan 20 14:37:00 2021] synth_1 timed out after 1 minute.
wait_on_run: Time (s): cpu = 00:00:00.17 ; elapsed = 00:01:00 . Memory (MB): peak = 2602.773 ; gain = 0.000 ; free physical = 4242 ; free virtual = 88012
get_runs
synth_1 thFMch_input_fifo_synth_1 fmc0_8chan_9g6_synth_1 fmc0_8chan_9g6_vio_0_synth_1 crif_fifo_synth_1 axis_register_slice_fr_synth_1 RAM_2048x12_synth_1 distRAM_64x12_synth_1 Median_distRAM_64x12_synth_1 fir_compiler_0_synth_1 axis_data_fifo_0_synth_1 address_LUT_synth_1 gig_ethernet_pcs_pma_basex_156_25_synth_1 temac_gbe_v9_0_synth_1 impl_1 thFMch_input_fifo_impl_1 fmc0_8chan_9g6_impl_1 fmc0_8chan_9g6_vio_0_impl_1 crif_fifo_impl_1 axis_register_slice_fr_impl_1 RAM_2048x12_impl_1 distRAM_64x12_impl_1 Median_distRAM_64x12_impl_1 fir_compiler_0_impl_1 axis_data_fifo_0_impl_1 address_LUT_impl_1 gig_ethernet_pcs_pma_basex_156_25_impl_1 temac_gbe_v9_0_impl_1
get_property STATUS [get_runs Median_distRAM_64x12_impl_1]
Not started
get_property NEEDS_REFRESH [get_runs Median_distRAM_64x12_impl_1]
0
get_property PROGRESS [get_runs Median_distRAM_64x12_impl_1]
0%
get_property STATS.ELAPSED [get_runs Median_distRAM_64x12_impl_1]
00:00:00
get_property STATUS [get_runs Median_distRAM_64x12_synth_1]
Queued...
get_property NEEDS_REFRESH [get_runs Median_distRAM_64x12_synth_1]
0
get_property PROGRESS [get_runs Median_distRAM_64x12_synth_1]
0%
get_property STATS.ELAPSED [get_runs Median_distRAM_64x12_synth_1]
00:00:00
get_property STATUS [get_runs RAM_2048x12_impl_1]
Not started
get_property NEEDS_REFRESH [get_runs RAM_2048x12_impl_1]
0
get_property PROGRESS [get_runs RAM_2048x12_impl_1]
0%
get_property STATS.ELAPSED [get_runs RAM_2048x12_impl_1]
00:00:00
get_property STATUS [get_runs RAM_2048x12_synth_1]
Queued...
get_property NEEDS_REFRESH [get_runs RAM_2048x12_synth_1]
0
get_property PROGRESS [get_runs RAM_2048x12_synth_1]
0%
get_property STATS.ELAPSED [get_runs RAM_2048x12_synth_1]
00:00:00
get_property STATUS [get_runs address_LUT_impl_1]
Not started
get_property NEEDS_REFRESH [get_runs address_LUT_impl_1]
0
get_property PROGRESS [get_runs address_LUT_impl_1]
0%
get_property STATS.ELAPSED [get_runs address_LUT_impl_1]
00:00:00
get_property STATUS [get_runs address_LUT_synth_1]
Queued...
get_property NEEDS_REFRESH [get_runs address_LUT_synth_1]
0
get_property PROGRESS [get_runs address_LUT_synth_1]
0%
get_property STATS.ELAPSED [get_runs address_LUT_synth_1]
00:00:00
get_property STATUS [get_runs axis_data_fifo_0_impl_1]
Not started
get_property NEEDS_REFRESH [get_runs axis_data_fifo_0_impl_1]
0
get_property PROGRESS [get_runs axis_data_fifo_0_impl_1]
0%
get_property STATS.ELAPSED [get_runs axis_data_fifo_0_impl_1]
00:00:00
get_property STATUS [get_runs axis_data_fifo_0_synth_1]
Queued...
get_property NEEDS_REFRESH [get_runs axis_data_fifo_0_synth_1]
0
get_property PROGRESS [get_runs axis_data_fifo_0_synth_1]
0%
get_property STATS.ELAPSED [get_runs axis_data_fifo_0_synth_1]
00:00:00
get_property STATUS [get_runs axis_register_slice_fr_impl_1]
Not started
get_property NEEDS_REFRESH [get_runs axis_register_slice_fr_impl_1]
0
get_property PROGRESS [get_runs axis_register_slice_fr_impl_1]
0%
get_property STATS.ELAPSED [get_runs axis_register_slice_fr_impl_1]
00:00:00
get_property STATUS [get_runs axis_register_slice_fr_synth_1]
Running synth_design...
get_property NEEDS_REFRESH [get_runs axis_register_slice_fr_synth_1]
0
get_property PROGRESS [get_runs axis_register_slice_fr_synth_1]
0%
get_property STATS.ELAPSED [get_runs axis_register_slice_fr_synth_1]
00:00:36
get_property STATUS [get_runs crif_fifo_impl_1]
Not started
get_property NEEDS_REFRESH [get_runs crif_fifo_impl_1]
0
get_property PROGRESS [get_runs crif_fifo_impl_1]
0%
get_property STATS.ELAPSED [get_runs crif_fifo_impl_1]
00:00:00
get_property STATUS [get_runs crif_fifo_synth_1]
Running synth_design...
get_property NEEDS_REFRESH [get_runs crif_fifo_synth_1]
0
get_property PROGRESS [get_runs crif_fifo_synth_1]
0%
get_property STATS.ELAPSED [get_runs crif_fifo_synth_1]
00:04:10
get_property STATUS [get_runs distRAM_64x12_impl_1]
Not started
get_property NEEDS_REFRESH [get_runs distRAM_64x12_impl_1]
0
get_property PROGRESS [get_runs distRAM_64x12_impl_1]
0%
get_property STATS.ELAPSED [get_runs distRAM_64x12_impl_1]
00:00:00
get_property STATUS [get_runs distRAM_64x12_synth_1]
Queued...
get_property NEEDS_REFRESH [get_runs distRAM_64x12_synth_1]
0
get_property PROGRESS [get_runs distRAM_64x12_synth_1]
0%
get_property STATS.ELAPSED [get_runs distRAM_64x12_synth_1]
00:00:00
get_property STATUS [get_runs fir_compiler_0_impl_1]
Not started
get_property NEEDS_REFRESH [get_runs fir_compiler_0_impl_1]
0
get_property PROGRESS [get_runs fir_compiler_0_impl_1]
0%
get_property STATS.ELAPSED [get_runs fir_compiler_0_impl_1]
00:00:00
get_property STATUS [get_runs fir_compiler_0_synth_1]
Queued...
get_property NEEDS_REFRESH [get_runs fir_compiler_0_synth_1]
0
get_property PROGRESS [get_runs fir_compiler_0_synth_1]
0%
get_property STATS.ELAPSED [get_runs fir_compiler_0_synth_1]
00:00:00
get_property STATUS [get_runs fmc0_8chan_9g6_impl_1]
Not started
get_property NEEDS_REFRESH [get_runs fmc0_8chan_9g6_impl_1]
0
get_property PROGRESS [get_runs fmc0_8chan_9g6_impl_1]
0%
get_property STATS.ELAPSED [get_runs fmc0_8chan_9g6_impl_1]
00:00:00
get_property STATUS [get_runs fmc0_8chan_9g6_synth_1]
Running synth_design...
get_property NEEDS_REFRESH [get_runs fmc0_8chan_9g6_synth_1]
0
get_property PROGRESS [get_runs fmc0_8chan_9g6_synth_1]
0%
get_property STATS.ELAPSED [get_runs fmc0_8chan_9g6_synth_1]
00:05:01
get_property STATUS [get_runs fmc0_8chan_9g6_vio_0_impl_1]
Not started
get_property NEEDS_REFRESH [get_runs fmc0_8chan_9g6_vio_0_impl_1]
0
get_property PROGRESS [get_runs fmc0_8chan_9g6_vio_0_impl_1]
0%
get_property STATS.ELAPSED [get_runs fmc0_8chan_9g6_vio_0_impl_1]
00:00:00
get_property STATUS [get_runs fmc0_8chan_9g6_vio_0_synth_1]
synth_design Complete!
get_property NEEDS_REFRESH [get_runs fmc0_8chan_9g6_vio_0_synth_1]
0
get_property PROGRESS [get_runs fmc0_8chan_9g6_vio_0_synth_1]
100%
get_property STATS.ELAPSED [get_runs fmc0_8chan_9g6_vio_0_synth_1]
00:04:05
get_property STATUS [get_runs gig_ethernet_pcs_pma_basex_156_25_impl_1]
Not started
get_property NEEDS_REFRESH [get_runs gig_ethernet_pcs_pma_basex_156_25_impl_1]
0
get_property PROGRESS [get_runs gig_ethernet_pcs_pma_basex_156_25_impl_1]
0%
get_property STATS.ELAPSED [get_runs gig_ethernet_pcs_pma_basex_156_25_impl_1]
00:00:00
get_property STATUS [get_runs gig_ethernet_pcs_pma_basex_156_25_synth_1]
Queued...
get_property NEEDS_REFRESH [get_runs gig_ethernet_pcs_pma_basex_156_25_synth_1]
0
get_property PROGRESS [get_runs gig_ethernet_pcs_pma_basex_156_25_synth_1]
0%
get_property STATS.ELAPSED [get_runs gig_ethernet_pcs_pma_basex_156_25_synth_1]
00:00:00
get_property STATUS [get_runs impl_1]
Not started
get_property NEEDS_REFRESH [get_runs impl_1]
0
get_property PROGRESS [get_runs impl_1]
0%
get_property STATS.ELAPSED [get_runs impl_1]
00:00:00
get_property STATUS [get_runs synth_1]
Queued...
get_property NEEDS_REFRESH [get_runs synth_1]
0
get_property PROGRESS [get_runs synth_1]
0%
get_property STATS.ELAPSED [get_runs synth_1]
00:00:00
get_property STATUS [get_runs temac_gbe_v9_0_impl_1]
Not started
get_property NEEDS_REFRESH [get_runs temac_gbe_v9_0_impl_1]
0
get_property PROGRESS [get_runs temac_gbe_v9_0_impl_1]
0%
get_property STATS.ELAPSED [get_runs temac_gbe_v9_0_impl_1]
00:00:00
get_property STATUS [get_runs temac_gbe_v9_0_synth_1]
Queued...
get_property NEEDS_REFRESH [get_runs temac_gbe_v9_0_synth_1]
0
get_property PROGRESS [get_runs temac_gbe_v9_0_synth_1]
0%
get_property STATS.ELAPSED [get_runs temac_gbe_v9_0_synth_1]
00:00:00
get_property STATUS [get_runs thFMch_input_fifo_impl_1]
Not started
get_property NEEDS_REFRESH [get_runs thFMch_input_fifo_impl_1]
0
get_property PROGRESS [get_runs thFMch_input_fifo_impl_1]
0%
get_property STATS.ELAPSED [get_runs thFMch_input_fifo_impl_1]
00:00:00
get_property STATUS [get_runs thFMch_input_fifo_synth_1]
Running synth_design...
get_property NEEDS_REFRESH [get_runs thFMch_input_fifo_synth_1]
0
get_property PROGRESS [get_runs thFMch_input_fifo_synth_1]
0%
get_property STATS.ELAPSED [get_runs thFMch_input_fifo_synth_1]
00:04:12
wait_on_run synth_1 -timeout 1
[Wed Jan 20 14:37:00 2021] Waiting for synth_1 to finish (timeout in 1 minute)...
[Wed Jan 20 14:38:00 2021] synth_1 timed out after 1 minute.
wait_on_run: Time (s): cpu = 00:00:00.17 ; elapsed = 00:01:00 . Memory (MB): peak = 2602.773 ; gain = 0.000 ; free physical = 4575 ; free virtual = 88335
get_runs
synth_1 thFMch_input_fifo_synth_1 fmc0_8chan_9g6_synth_1 fmc0_8chan_9g6_vio_0_synth_1 crif_fifo_synth_1 axis_register_slice_fr_synth_1 RAM_2048x12_synth_1 distRAM_64x12_synth_1 Median_distRAM_64x12_synth_1 fir_compiler_0_synth_1 axis_data_fifo_0_synth_1 address_LUT_synth_1 gig_ethernet_pcs_pma_basex_156_25_synth_1 temac_gbe_v9_0_synth_1 impl_1 thFMch_input_fifo_impl_1 fmc0_8chan_9g6_impl_1 fmc0_8chan_9g6_vio_0_impl_1 crif_fifo_impl_1 axis_register_slice_fr_impl_1 RAM_2048x12_impl_1 distRAM_64x12_impl_1 Median_distRAM_64x12_impl_1 fir_compiler_0_impl_1 axis_data_fifo_0_impl_1 address_LUT_impl_1 gig_ethernet_pcs_pma_basex_156_25_impl_1 temac_gbe_v9_0_impl_1
get_property STATUS [get_runs Median_distRAM_64x12_impl_1]
Not started
get_property NEEDS_REFRESH [get_runs Median_distRAM_64x12_impl_1]
0
get_property PROGRESS [get_runs Median_distRAM_64x12_impl_1]
0%
get_property STATS.ELAPSED [get_runs Median_distRAM_64x12_impl_1]
00:00:00
get_property STATUS [get_runs Median_distRAM_64x12_synth_1]
Queued...
get_property NEEDS_REFRESH [get_runs Median_distRAM_64x12_synth_1]
0
get_property PROGRESS [get_runs Median_distRAM_64x12_synth_1]
0%
get_property STATS.ELAPSED [get_runs Median_distRAM_64x12_synth_1]
00:00:00
get_property STATUS [get_runs RAM_2048x12_impl_1]
Not started
get_property NEEDS_REFRESH [get_runs RAM_2048x12_impl_1]
0
get_property PROGRESS [get_runs RAM_2048x12_impl_1]
0%
get_property STATS.ELAPSED [get_runs RAM_2048x12_impl_1]
00:00:00
get_property STATUS [get_runs RAM_2048x12_synth_1]
Running synth_design...
get_property NEEDS_REFRESH [get_runs RAM_2048x12_synth_1]
0
get_property PROGRESS [get_runs RAM_2048x12_synth_1]
0%
get_property STATS.ELAPSED [get_runs RAM_2048x12_synth_1]
00:00:27
get_property STATUS [get_runs address_LUT_impl_1]
Not started
get_property NEEDS_REFRESH [get_runs address_LUT_impl_1]
0
get_property PROGRESS [get_runs address_LUT_impl_1]
0%
get_property STATS.ELAPSED [get_runs address_LUT_impl_1]
00:00:00
get_property STATUS [get_runs address_LUT_synth_1]
Queued...
get_property NEEDS_REFRESH [get_runs address_LUT_synth_1]
0
get_property PROGRESS [get_runs address_LUT_synth_1]
0%
get_property STATS.ELAPSED [get_runs address_LUT_synth_1]
00:00:00
get_property STATUS [get_runs axis_data_fifo_0_impl_1]
Not started
get_property NEEDS_REFRESH [get_runs axis_data_fifo_0_impl_1]
0
get_property PROGRESS [get_runs axis_data_fifo_0_impl_1]
0%
get_property STATS.ELAPSED [get_runs axis_data_fifo_0_impl_1]
00:00:00
get_property STATUS [get_runs axis_data_fifo_0_synth_1]
Queued...
get_property NEEDS_REFRESH [get_runs axis_data_fifo_0_synth_1]
0
get_property PROGRESS [get_runs axis_data_fifo_0_synth_1]
0%
get_property STATS.ELAPSED [get_runs axis_data_fifo_0_synth_1]
00:00:00
get_property STATUS [get_runs axis_register_slice_fr_impl_1]
Not started
get_property NEEDS_REFRESH [get_runs axis_register_slice_fr_impl_1]
0
get_property PROGRESS [get_runs axis_register_slice_fr_impl_1]
0%
get_property STATS.ELAPSED [get_runs axis_register_slice_fr_impl_1]
00:00:00
get_property STATUS [get_runs axis_register_slice_fr_synth_1]
Running synth_design...
get_property NEEDS_REFRESH [get_runs axis_register_slice_fr_synth_1]
0
get_property PROGRESS [get_runs axis_register_slice_fr_synth_1]
0%
get_property STATS.ELAPSED [get_runs axis_register_slice_fr_synth_1]
00:01:38
get_property STATUS [get_runs crif_fifo_impl_1]
Not started
get_property NEEDS_REFRESH [get_runs crif_fifo_impl_1]
0
get_property PROGRESS [get_runs crif_fifo_impl_1]
0%
get_property STATS.ELAPSED [get_runs crif_fifo_impl_1]
00:00:00
get_property STATUS [get_runs crif_fifo_synth_1]
Running synth_design...
get_property NEEDS_REFRESH [get_runs crif_fifo_synth_1]
0
get_property PROGRESS [get_runs crif_fifo_synth_1]
0%
get_property STATS.ELAPSED [get_runs crif_fifo_synth_1]
00:04:10
get_property STATUS [get_runs distRAM_64x12_impl_1]
Not started
get_property NEEDS_REFRESH [get_runs distRAM_64x12_impl_1]
0
get_property PROGRESS [get_runs distRAM_64x12_impl_1]
0%
get_property STATS.ELAPSED [get_runs distRAM_64x12_impl_1]
00:00:00
get_property STATUS [get_runs distRAM_64x12_synth_1]
Queued...
get_property NEEDS_REFRESH [get_runs distRAM_64x12_synth_1]
0
get_property PROGRESS [get_runs distRAM_64x12_synth_1]
0%
get_property STATS.ELAPSED [get_runs distRAM_64x12_synth_1]
00:00:00
get_property STATUS [get_runs fir_compiler_0_impl_1]
Not started
get_property NEEDS_REFRESH [get_runs fir_compiler_0_impl_1]
0
get_property PROGRESS [get_runs fir_compiler_0_impl_1]
0%
get_property STATS.ELAPSED [get_runs fir_compiler_0_impl_1]
00:00:00
get_property STATUS [get_runs fir_compiler_0_synth_1]
Queued...
get_property NEEDS_REFRESH [get_runs fir_compiler_0_synth_1]
0
get_property PROGRESS [get_runs fir_compiler_0_synth_1]
0%
get_property STATS.ELAPSED [get_runs fir_compiler_0_synth_1]
00:00:00
get_property STATUS [get_runs fmc0_8chan_9g6_impl_1]
Not started
get_property NEEDS_REFRESH [get_runs fmc0_8chan_9g6_impl_1]
0
get_property PROGRESS [get_runs fmc0_8chan_9g6_impl_1]
0%
get_property STATS.ELAPSED [get_runs fmc0_8chan_9g6_impl_1]
00:00:00
get_property STATUS [get_runs fmc0_8chan_9g6_synth_1]
synth_design Complete!
get_property NEEDS_REFRESH [get_runs fmc0_8chan_9g6_synth_1]
0
get_property PROGRESS [get_runs fmc0_8chan_9g6_synth_1]
100%
get_property STATS.ELAPSED [get_runs fmc0_8chan_9g6_synth_1]
00:05:07
get_property STATUS [get_runs fmc0_8chan_9g6_vio_0_impl_1]
Not started
get_property NEEDS_REFRESH [get_runs fmc0_8chan_9g6_vio_0_impl_1]
0
get_property PROGRESS [get_runs fmc0_8chan_9g6_vio_0_impl_1]
0%
get_property STATS.ELAPSED [get_runs fmc0_8chan_9g6_vio_0_impl_1]
00:00:00
get_property STATUS [get_runs fmc0_8chan_9g6_vio_0_synth_1]
synth_design Complete!
get_property NEEDS_REFRESH [get_runs fmc0_8chan_9g6_vio_0_synth_1]
0
get_property PROGRESS [get_runs fmc0_8chan_9g6_vio_0_synth_1]
100%
get_property STATS.ELAPSED [get_runs fmc0_8chan_9g6_vio_0_synth_1]
00:04:05
get_property STATUS [get_runs gig_ethernet_pcs_pma_basex_156_25_impl_1]
Not started
get_property NEEDS_REFRESH [get_runs gig_ethernet_pcs_pma_basex_156_25_impl_1]
0
get_property PROGRESS [get_runs gig_ethernet_pcs_pma_basex_156_25_impl_1]
0%
get_property STATS.ELAPSED [get_runs gig_ethernet_pcs_pma_basex_156_25_impl_1]
00:00:00
get_property STATUS [get_runs gig_ethernet_pcs_pma_basex_156_25_synth_1]
Queued...
get_property NEEDS_REFRESH [get_runs gig_ethernet_pcs_pma_basex_156_25_synth_1]
0
get_property PROGRESS [get_runs gig_ethernet_pcs_pma_basex_156_25_synth_1]
0%
get_property STATS.ELAPSED [get_runs gig_ethernet_pcs_pma_basex_156_25_synth_1]
00:00:00
get_property STATUS [get_runs impl_1]
Not started
get_property NEEDS_REFRESH [get_runs impl_1]
0
get_property PROGRESS [get_runs impl_1]
0%
get_property STATS.ELAPSED [get_runs impl_1]
00:00:00
get_property STATUS [get_runs synth_1]
Queued...
get_property NEEDS_REFRESH [get_runs synth_1]
0
get_property PROGRESS [get_runs synth_1]
0%
get_property STATS.ELAPSED [get_runs synth_1]
00:00:00
get_property STATUS [get_runs temac_gbe_v9_0_impl_1]
Not started
get_property NEEDS_REFRESH [get_runs temac_gbe_v9_0_impl_1]
0
get_property PROGRESS [get_runs temac_gbe_v9_0_impl_1]
0%
get_property STATS.ELAPSED [get_runs temac_gbe_v9_0_impl_1]
00:00:00
get_property STATUS [get_runs temac_gbe_v9_0_synth_1]
Queued...
get_property NEEDS_REFRESH [get_runs temac_gbe_v9_0_synth_1]
0
get_property PROGRESS [get_runs temac_gbe_v9_0_synth_1]
0%
get_property STATS.ELAPSED [get_runs temac_gbe_v9_0_synth_1]
00:00:00
get_property STATUS [get_runs thFMch_input_fifo_impl_1]
Not started
get_property NEEDS_REFRESH [get_runs thFMch_input_fifo_impl_1]
0
get_property PROGRESS [get_runs thFMch_input_fifo_impl_1]
0%
get_property STATS.ELAPSED [get_runs thFMch_input_fifo_impl_1]
00:00:00
get_property STATUS [get_runs thFMch_input_fifo_synth_1]
Running synth_design...
get_property NEEDS_REFRESH [get_runs thFMch_input_fifo_synth_1]
0
get_property PROGRESS [get_runs thFMch_input_fifo_synth_1]
0%
get_property STATS.ELAPSED [get_runs thFMch_input_fifo_synth_1]
00:04:12
wait_on_run synth_1 -timeout 1
[Wed Jan 20 14:38:00 2021] Waiting for synth_1 to finish (timeout in 1 minute)...
[Wed Jan 20 14:39:01 2021] synth_1 timed out after 1 minute.
wait_on_run: Time (s): cpu = 00:00:00.16 ; elapsed = 00:01:00 . Memory (MB): peak = 2602.773 ; gain = 0.000 ; free physical = 6112 ; free virtual = 89861
get_runs
synth_1 thFMch_input_fifo_synth_1 fmc0_8chan_9g6_synth_1 fmc0_8chan_9g6_vio_0_synth_1 crif_fifo_synth_1 axis_register_slice_fr_synth_1 RAM_2048x12_synth_1 distRAM_64x12_synth_1 Median_distRAM_64x12_synth_1 fir_compiler_0_synth_1 axis_data_fifo_0_synth_1 address_LUT_synth_1 gig_ethernet_pcs_pma_basex_156_25_synth_1 temac_gbe_v9_0_synth_1 impl_1 thFMch_input_fifo_impl_1 fmc0_8chan_9g6_impl_1 fmc0_8chan_9g6_vio_0_impl_1 crif_fifo_impl_1 axis_register_slice_fr_impl_1 RAM_2048x12_impl_1 distRAM_64x12_impl_1 Median_distRAM_64x12_impl_1 fir_compiler_0_impl_1 axis_data_fifo_0_impl_1 address_LUT_impl_1 gig_ethernet_pcs_pma_basex_156_25_impl_1 temac_gbe_v9_0_impl_1
get_property STATUS [get_runs Median_distRAM_64x12_impl_1]
Not started
get_property NEEDS_REFRESH [get_runs Median_distRAM_64x12_impl_1]
0
get_property PROGRESS [get_runs Median_distRAM_64x12_impl_1]
0%
get_property STATS.ELAPSED [get_runs Median_distRAM_64x12_impl_1]
00:00:00
get_property STATUS [get_runs Median_distRAM_64x12_synth_1]
Running synth_design...
get_property NEEDS_REFRESH [get_runs Median_distRAM_64x12_synth_1]
0
get_property PROGRESS [get_runs Median_distRAM_64x12_synth_1]
0%
get_property STATS.ELAPSED [get_runs Median_distRAM_64x12_synth_1]
00:00:35
get_property STATUS [get_runs RAM_2048x12_impl_1]
Not started
get_property NEEDS_REFRESH [get_runs RAM_2048x12_impl_1]
0
get_property PROGRESS [get_runs RAM_2048x12_impl_1]
0%
get_property STATS.ELAPSED [get_runs RAM_2048x12_impl_1]
00:00:00
get_property STATUS [get_runs RAM_2048x12_synth_1]
Running synth_design...
get_property NEEDS_REFRESH [get_runs RAM_2048x12_synth_1]
0
get_property PROGRESS [get_runs RAM_2048x12_synth_1]
0%
get_property STATS.ELAPSED [get_runs RAM_2048x12_synth_1]
00:01:01
get_property STATUS [get_runs address_LUT_impl_1]
Not started
get_property NEEDS_REFRESH [get_runs address_LUT_impl_1]
0
get_property PROGRESS [get_runs address_LUT_impl_1]
0%
get_property STATS.ELAPSED [get_runs address_LUT_impl_1]
00:00:00
get_property STATUS [get_runs address_LUT_synth_1]
Queued...
get_property NEEDS_REFRESH [get_runs address_LUT_synth_1]
0
get_property PROGRESS [get_runs address_LUT_synth_1]
0%
get_property STATS.ELAPSED [get_runs address_LUT_synth_1]
00:00:00
get_property STATUS [get_runs axis_data_fifo_0_impl_1]
Not started
get_property NEEDS_REFRESH [get_runs axis_data_fifo_0_impl_1]
0
get_property PROGRESS [get_runs axis_data_fifo_0_impl_1]
0%
get_property STATS.ELAPSED [get_runs axis_data_fifo_0_impl_1]
00:00:00
get_property STATUS [get_runs axis_data_fifo_0_synth_1]
Queued...
get_property NEEDS_REFRESH [get_runs axis_data_fifo_0_synth_1]
0
get_property PROGRESS [get_runs axis_data_fifo_0_synth_1]
0%
get_property STATS.ELAPSED [get_runs axis_data_fifo_0_synth_1]
00:00:00
get_property STATUS [get_runs axis_register_slice_fr_impl_1]
Not started
get_property NEEDS_REFRESH [get_runs axis_register_slice_fr_impl_1]
0
get_property PROGRESS [get_runs axis_register_slice_fr_impl_1]
0%
get_property STATS.ELAPSED [get_runs axis_register_slice_fr_impl_1]
00:00:00
get_property STATUS [get_runs axis_register_slice_fr_synth_1]
Running synth_design...
get_property NEEDS_REFRESH [get_runs axis_register_slice_fr_synth_1]
0
get_property PROGRESS [get_runs axis_register_slice_fr_synth_1]
0%
get_property STATS.ELAPSED [get_runs axis_register_slice_fr_synth_1]
00:01:38
get_property STATUS [get_runs crif_fifo_impl_1]
Not started
get_property NEEDS_REFRESH [get_runs crif_fifo_impl_1]
0
get_property PROGRESS [get_runs crif_fifo_impl_1]
0%
get_property STATS.ELAPSED [get_runs crif_fifo_impl_1]
00:00:00
get_property STATUS [get_runs crif_fifo_synth_1]
synth_design Complete!
get_property NEEDS_REFRESH [get_runs crif_fifo_synth_1]
0
get_property PROGRESS [get_runs crif_fifo_synth_1]
100%
get_property STATS.ELAPSED [get_runs crif_fifo_synth_1]
00:06:18
get_property STATUS [get_runs distRAM_64x12_impl_1]
Not started
get_property NEEDS_REFRESH [get_runs distRAM_64x12_impl_1]
0
get_property PROGRESS [get_runs distRAM_64x12_impl_1]
0%
get_property STATS.ELAPSED [get_runs distRAM_64x12_impl_1]
00:00:00
get_property STATUS [get_runs distRAM_64x12_synth_1]
Running synth_design...
get_property NEEDS_REFRESH [get_runs distRAM_64x12_synth_1]
0
get_property PROGRESS [get_runs distRAM_64x12_synth_1]
0%
get_property STATS.ELAPSED [get_runs distRAM_64x12_synth_1]
00:00:37
get_property STATUS [get_runs fir_compiler_0_impl_1]
Not started
get_property NEEDS_REFRESH [get_runs fir_compiler_0_impl_1]
0
get_property PROGRESS [get_runs fir_compiler_0_impl_1]
0%
get_property STATS.ELAPSED [get_runs fir_compiler_0_impl_1]
00:00:00
get_property STATUS [get_runs fir_compiler_0_synth_1]
Queued...
get_property NEEDS_REFRESH [get_runs fir_compiler_0_synth_1]
0
get_property PROGRESS [get_runs fir_compiler_0_synth_1]
0%
get_property STATS.ELAPSED [get_runs fir_compiler_0_synth_1]
00:00:00
get_property STATUS [get_runs fmc0_8chan_9g6_impl_1]
Not started
get_property NEEDS_REFRESH [get_runs fmc0_8chan_9g6_impl_1]
0
get_property PROGRESS [get_runs fmc0_8chan_9g6_impl_1]
0%
get_property STATS.ELAPSED [get_runs fmc0_8chan_9g6_impl_1]
00:00:00
get_property STATUS [get_runs fmc0_8chan_9g6_synth_1]
synth_design Complete!
get_property NEEDS_REFRESH [get_runs fmc0_8chan_9g6_synth_1]
0
get_property PROGRESS [get_runs fmc0_8chan_9g6_synth_1]
100%
get_property STATS.ELAPSED [get_runs fmc0_8chan_9g6_synth_1]
00:05:07
get_property STATUS [get_runs fmc0_8chan_9g6_vio_0_impl_1]
Not started
get_property NEEDS_REFRESH [get_runs fmc0_8chan_9g6_vio_0_impl_1]
0
get_property PROGRESS [get_runs fmc0_8chan_9g6_vio_0_impl_1]
0%
get_property STATS.ELAPSED [get_runs fmc0_8chan_9g6_vio_0_impl_1]
00:00:00
get_property STATUS [get_runs fmc0_8chan_9g6_vio_0_synth_1]
synth_design Complete!
get_property NEEDS_REFRESH [get_runs fmc0_8chan_9g6_vio_0_synth_1]
0
get_property PROGRESS [get_runs fmc0_8chan_9g6_vio_0_synth_1]
100%
get_property STATS.ELAPSED [get_runs fmc0_8chan_9g6_vio_0_synth_1]
00:04:05
get_property STATUS [get_runs gig_ethernet_pcs_pma_basex_156_25_impl_1]
Not started
get_property NEEDS_REFRESH [get_runs gig_ethernet_pcs_pma_basex_156_25_impl_1]
0
get_property PROGRESS [get_runs gig_ethernet_pcs_pma_basex_156_25_impl_1]
0%
get_property STATS.ELAPSED [get_runs gig_ethernet_pcs_pma_basex_156_25_impl_1]
00:00:00
get_property STATUS [get_runs gig_ethernet_pcs_pma_basex_156_25_synth_1]
Queued...
get_property NEEDS_REFRESH [get_runs gig_ethernet_pcs_pma_basex_156_25_synth_1]
0
get_property PROGRESS [get_runs gig_ethernet_pcs_pma_basex_156_25_synth_1]
0%
get_property STATS.ELAPSED [get_runs gig_ethernet_pcs_pma_basex_156_25_synth_1]
00:00:00
get_property STATUS [get_runs impl_1]
Not started
get_property NEEDS_REFRESH [get_runs impl_1]
0
get_property PROGRESS [get_runs impl_1]
0%
get_property STATS.ELAPSED [get_runs impl_1]
00:00:00
get_property STATUS [get_runs synth_1]
Queued...
get_property NEEDS_REFRESH [get_runs synth_1]
0
get_property PROGRESS [get_runs synth_1]
0%
get_property STATS.ELAPSED [get_runs synth_1]
00:00:00
get_property STATUS [get_runs temac_gbe_v9_0_impl_1]
Not started
get_property NEEDS_REFRESH [get_runs temac_gbe_v9_0_impl_1]
0
get_property PROGRESS [get_runs temac_gbe_v9_0_impl_1]
0%
get_property STATS.ELAPSED [get_runs temac_gbe_v9_0_impl_1]
00:00:00
get_property STATUS [get_runs temac_gbe_v9_0_synth_1]
Queued...
get_property NEEDS_REFRESH [get_runs temac_gbe_v9_0_synth_1]
0
get_property PROGRESS [get_runs temac_gbe_v9_0_synth_1]
0%
get_property STATS.ELAPSED [get_runs temac_gbe_v9_0_synth_1]
00:00:00
get_property STATUS [get_runs thFMch_input_fifo_impl_1]
Not started
get_property NEEDS_REFRESH [get_runs thFMch_input_fifo_impl_1]
0
get_property PROGRESS [get_runs thFMch_input_fifo_impl_1]
0%
get_property STATS.ELAPSED [get_runs thFMch_input_fifo_impl_1]
00:00:00
get_property STATUS [get_runs thFMch_input_fifo_synth_1]
synth_design Complete!
get_property NEEDS_REFRESH [get_runs thFMch_input_fifo_synth_1]
0
get_property PROGRESS [get_runs thFMch_input_fifo_synth_1]
100%
get_property STATS.ELAPSED [get_runs thFMch_input_fifo_synth_1]
00:06:21
wait_on_run synth_1 -timeout 1
[Wed Jan 20 14:39:01 2021] Waiting for synth_1 to finish (timeout in 1 minute)...
[Wed Jan 20 14:40:01 2021] synth_1 timed out after 1 minute.
wait_on_run: Time (s): cpu = 00:00:00.09 ; elapsed = 00:01:00 . Memory (MB): peak = 2602.773 ; gain = 0.000 ; free physical = 6232 ; free virtual = 89983
get_runs
synth_1 thFMch_input_fifo_synth_1 fmc0_8chan_9g6_synth_1 fmc0_8chan_9g6_vio_0_synth_1 crif_fifo_synth_1 axis_register_slice_fr_synth_1 RAM_2048x12_synth_1 distRAM_64x12_synth_1 Median_distRAM_64x12_synth_1 fir_compiler_0_synth_1 axis_data_fifo_0_synth_1 address_LUT_synth_1 gig_ethernet_pcs_pma_basex_156_25_synth_1 temac_gbe_v9_0_synth_1 impl_1 thFMch_input_fifo_impl_1 fmc0_8chan_9g6_impl_1 fmc0_8chan_9g6_vio_0_impl_1 crif_fifo_impl_1 axis_register_slice_fr_impl_1 RAM_2048x12_impl_1 distRAM_64x12_impl_1 Median_distRAM_64x12_impl_1 fir_compiler_0_impl_1 axis_data_fifo_0_impl_1 address_LUT_impl_1 gig_ethernet_pcs_pma_basex_156_25_impl_1 temac_gbe_v9_0_impl_1
get_property STATUS [get_runs Median_distRAM_64x12_impl_1]
Not started
get_property NEEDS_REFRESH [get_runs Median_distRAM_64x12_impl_1]
0
get_property PROGRESS [get_runs Median_distRAM_64x12_impl_1]
0%
get_property STATS.ELAPSED [get_runs Median_distRAM_64x12_impl_1]
00:00:00
get_property STATUS [get_runs Median_distRAM_64x12_synth_1]
Running synth_design...
get_property NEEDS_REFRESH [get_runs Median_distRAM_64x12_synth_1]
0
get_property PROGRESS [get_runs Median_distRAM_64x12_synth_1]
0%
get_property STATS.ELAPSED [get_runs Median_distRAM_64x12_synth_1]
00:01:36
get_property STATUS [get_runs RAM_2048x12_impl_1]
Not started
get_property NEEDS_REFRESH [get_runs RAM_2048x12_impl_1]
0
get_property PROGRESS [get_runs RAM_2048x12_impl_1]
0%
get_property STATS.ELAPSED [get_runs RAM_2048x12_impl_1]
00:00:00
get_property STATUS [get_runs RAM_2048x12_synth_1]
Running synth_design...
get_property NEEDS_REFRESH [get_runs RAM_2048x12_synth_1]
0
get_property PROGRESS [get_runs RAM_2048x12_synth_1]
0%
get_property STATS.ELAPSED [get_runs RAM_2048x12_synth_1]
00:02:45
get_property STATUS [get_runs address_LUT_impl_1]
Not started
get_property NEEDS_REFRESH [get_runs address_LUT_impl_1]
0
get_property PROGRESS [get_runs address_LUT_impl_1]
0%
get_property STATS.ELAPSED [get_runs address_LUT_impl_1]
00:00:00
get_property STATUS [get_runs address_LUT_synth_1]
Queued...
get_property NEEDS_REFRESH [get_runs address_LUT_synth_1]
0
get_property PROGRESS [get_runs address_LUT_synth_1]
0%
get_property STATS.ELAPSED [get_runs address_LUT_synth_1]
00:00:00
get_property STATUS [get_runs axis_data_fifo_0_impl_1]
Not started
get_property NEEDS_REFRESH [get_runs axis_data_fifo_0_impl_1]
0
get_property PROGRESS [get_runs axis_data_fifo_0_impl_1]
0%
get_property STATS.ELAPSED [get_runs axis_data_fifo_0_impl_1]
00:00:00
get_property STATUS [get_runs axis_data_fifo_0_synth_1]
Queued...
get_property NEEDS_REFRESH [get_runs axis_data_fifo_0_synth_1]
0
get_property PROGRESS [get_runs axis_data_fifo_0_synth_1]
0%
get_property STATS.ELAPSED [get_runs axis_data_fifo_0_synth_1]
00:00:00
get_property STATUS [get_runs axis_register_slice_fr_impl_1]
Not started
get_property NEEDS_REFRESH [get_runs axis_register_slice_fr_impl_1]
0
get_property PROGRESS [get_runs axis_register_slice_fr_impl_1]
0%
get_property STATS.ELAPSED [get_runs axis_register_slice_fr_impl_1]
00:00:00
get_property STATUS [get_runs axis_register_slice_fr_synth_1]
synth_design Complete!
get_property NEEDS_REFRESH [get_runs axis_register_slice_fr_synth_1]
0
get_property PROGRESS [get_runs axis_register_slice_fr_synth_1]
100%
get_property STATS.ELAPSED [get_runs axis_register_slice_fr_synth_1]
00:03:46
get_property STATUS [get_runs crif_fifo_impl_1]
Not started
get_property NEEDS_REFRESH [get_runs crif_fifo_impl_1]
0
get_property PROGRESS [get_runs crif_fifo_impl_1]
0%
get_property STATS.ELAPSED [get_runs crif_fifo_impl_1]
00:00:00
get_property STATUS [get_runs crif_fifo_synth_1]
synth_design Complete!
get_property NEEDS_REFRESH [get_runs crif_fifo_synth_1]
0
get_property PROGRESS [get_runs crif_fifo_synth_1]
100%
get_property STATS.ELAPSED [get_runs crif_fifo_synth_1]
00:06:18
get_property STATUS [get_runs distRAM_64x12_impl_1]
Not started
get_property NEEDS_REFRESH [get_runs distRAM_64x12_impl_1]
0
get_property PROGRESS [get_runs distRAM_64x12_impl_1]
0%
get_property STATS.ELAPSED [get_runs distRAM_64x12_impl_1]
00:00:00
get_property STATUS [get_runs distRAM_64x12_synth_1]
Running synth_design...
get_property NEEDS_REFRESH [get_runs distRAM_64x12_synth_1]
0
get_property PROGRESS [get_runs distRAM_64x12_synth_1]
0%
get_property STATS.ELAPSED [get_runs distRAM_64x12_synth_1]
00:01:38
get_property STATUS [get_runs fir_compiler_0_impl_1]
Not started
get_property NEEDS_REFRESH [get_runs fir_compiler_0_impl_1]
0
get_property PROGRESS [get_runs fir_compiler_0_impl_1]
0%
get_property STATS.ELAPSED [get_runs fir_compiler_0_impl_1]
00:00:00
get_property STATUS [get_runs fir_compiler_0_synth_1]
Running synth_design...
get_property NEEDS_REFRESH [get_runs fir_compiler_0_synth_1]
0
get_property PROGRESS [get_runs fir_compiler_0_synth_1]
0%
get_property STATS.ELAPSED [get_runs fir_compiler_0_synth_1]
00:00:12
get_property STATUS [get_runs fmc0_8chan_9g6_impl_1]
Not started
get_property NEEDS_REFRESH [get_runs fmc0_8chan_9g6_impl_1]
0
get_property PROGRESS [get_runs fmc0_8chan_9g6_impl_1]
0%
get_property STATS.ELAPSED [get_runs fmc0_8chan_9g6_impl_1]
00:00:00
get_property STATUS [get_runs fmc0_8chan_9g6_synth_1]
synth_design Complete!
get_property NEEDS_REFRESH [get_runs fmc0_8chan_9g6_synth_1]
0
get_property PROGRESS [get_runs fmc0_8chan_9g6_synth_1]
100%
get_property STATS.ELAPSED [get_runs fmc0_8chan_9g6_synth_1]
00:05:07
get_property STATUS [get_runs fmc0_8chan_9g6_vio_0_impl_1]
Not started
get_property NEEDS_REFRESH [get_runs fmc0_8chan_9g6_vio_0_impl_1]
0
get_property PROGRESS [get_runs fmc0_8chan_9g6_vio_0_impl_1]
0%
get_property STATS.ELAPSED [get_runs fmc0_8chan_9g6_vio_0_impl_1]
00:00:00
get_property STATUS [get_runs fmc0_8chan_9g6_vio_0_synth_1]
synth_design Complete!
get_property NEEDS_REFRESH [get_runs fmc0_8chan_9g6_vio_0_synth_1]
0
get_property PROGRESS [get_runs fmc0_8chan_9g6_vio_0_synth_1]
100%
get_property STATS.ELAPSED [get_runs fmc0_8chan_9g6_vio_0_synth_1]
00:04:05
get_property STATUS [get_runs gig_ethernet_pcs_pma_basex_156_25_impl_1]
Not started
get_property NEEDS_REFRESH [get_runs gig_ethernet_pcs_pma_basex_156_25_impl_1]
0
get_property PROGRESS [get_runs gig_ethernet_pcs_pma_basex_156_25_impl_1]
0%
get_property STATS.ELAPSED [get_runs gig_ethernet_pcs_pma_basex_156_25_impl_1]
00:00:00
get_property STATUS [get_runs gig_ethernet_pcs_pma_basex_156_25_synth_1]
Queued...
get_property NEEDS_REFRESH [get_runs gig_ethernet_pcs_pma_basex_156_25_synth_1]
0
get_property PROGRESS [get_runs gig_ethernet_pcs_pma_basex_156_25_synth_1]
0%
get_property STATS.ELAPSED [get_runs gig_ethernet_pcs_pma_basex_156_25_synth_1]
00:00:00
get_property STATUS [get_runs impl_1]
Not started
get_property NEEDS_REFRESH [get_runs impl_1]
0
get_property PROGRESS [get_runs impl_1]
0%
get_property STATS.ELAPSED [get_runs impl_1]
00:00:00
get_property STATUS [get_runs synth_1]
Queued...
get_property NEEDS_REFRESH [get_runs synth_1]
0
get_property PROGRESS [get_runs synth_1]
0%
get_property STATS.ELAPSED [get_runs synth_1]
00:00:00
get_property STATUS [get_runs temac_gbe_v9_0_impl_1]
Not started
get_property NEEDS_REFRESH [get_runs temac_gbe_v9_0_impl_1]
0
get_property PROGRESS [get_runs temac_gbe_v9_0_impl_1]
0%
get_property STATS.ELAPSED [get_runs temac_gbe_v9_0_impl_1]
00:00:00
get_property STATUS [get_runs temac_gbe_v9_0_synth_1]
Queued...
get_property NEEDS_REFRESH [get_runs temac_gbe_v9_0_synth_1]
0
get_property PROGRESS [get_runs temac_gbe_v9_0_synth_1]
0%
get_property STATS.ELAPSED [get_runs temac_gbe_v9_0_synth_1]
00:00:00
get_property STATUS [get_runs thFMch_input_fifo_impl_1]
Not started
get_property NEEDS_REFRESH [get_runs thFMch_input_fifo_impl_1]
0
get_property PROGRESS [get_runs thFMch_input_fifo_impl_1]
0%
get_property STATS.ELAPSED [get_runs thFMch_input_fifo_impl_1]
00:00:00
get_property STATUS [get_runs thFMch_input_fifo_synth_1]
synth_design Complete!
get_property NEEDS_REFRESH [get_runs thFMch_input_fifo_synth_1]
0
get_property PROGRESS [get_runs thFMch_input_fifo_synth_1]
100%
get_property STATS.ELAPSED [get_runs thFMch_input_fifo_synth_1]
00:06:21
wait_on_run synth_1 -timeout 1
[Wed Jan 20 14:40:01 2021] Waiting for synth_1 to finish (timeout in 1 minute)...
[Wed Jan 20 14:41:02 2021] synth_1 timed out after 1 minute.
wait_on_run: Time (s): cpu = 00:00:00.08 ; elapsed = 00:01:00 . Memory (MB): peak = 2602.773 ; gain = 0.000 ; free physical = 4715 ; free virtual = 88473
get_runs
synth_1 thFMch_input_fifo_synth_1 fmc0_8chan_9g6_synth_1 fmc0_8chan_9g6_vio_0_synth_1 crif_fifo_synth_1 axis_register_slice_fr_synth_1 RAM_2048x12_synth_1 distRAM_64x12_synth_1 Median_distRAM_64x12_synth_1 fir_compiler_0_synth_1 axis_data_fifo_0_synth_1 address_LUT_synth_1 gig_ethernet_pcs_pma_basex_156_25_synth_1 temac_gbe_v9_0_synth_1 impl_1 thFMch_input_fifo_impl_1 fmc0_8chan_9g6_impl_1 fmc0_8chan_9g6_vio_0_impl_1 crif_fifo_impl_1 axis_register_slice_fr_impl_1 RAM_2048x12_impl_1 distRAM_64x12_impl_1 Median_distRAM_64x12_impl_1 fir_compiler_0_impl_1 axis_data_fifo_0_impl_1 address_LUT_impl_1 gig_ethernet_pcs_pma_basex_156_25_impl_1 temac_gbe_v9_0_impl_1
get_property STATUS [get_runs Median_distRAM_64x12_impl_1]
Not started
get_property NEEDS_REFRESH [get_runs Median_distRAM_64x12_impl_1]
0
get_property PROGRESS [get_runs Median_distRAM_64x12_impl_1]
0%
get_property STATS.ELAPSED [get_runs Median_distRAM_64x12_impl_1]
00:00:00
get_property STATUS [get_runs Median_distRAM_64x12_synth_1]
Running synth_design...
get_property NEEDS_REFRESH [get_runs Median_distRAM_64x12_synth_1]
0
get_property PROGRESS [get_runs Median_distRAM_64x12_synth_1]
0%
get_property STATS.ELAPSED [get_runs Median_distRAM_64x12_synth_1]
00:01:36
get_property STATUS [get_runs RAM_2048x12_impl_1]
Not started
get_property NEEDS_REFRESH [get_runs RAM_2048x12_impl_1]
0
get_property PROGRESS [get_runs RAM_2048x12_impl_1]
0%
get_property STATS.ELAPSED [get_runs RAM_2048x12_impl_1]
00:00:00
get_property STATUS [get_runs RAM_2048x12_synth_1]
Running synth_design...
get_property NEEDS_REFRESH [get_runs RAM_2048x12_synth_1]
0
get_property PROGRESS [get_runs RAM_2048x12_synth_1]
0%
get_property STATS.ELAPSED [get_runs RAM_2048x12_synth_1]
00:03:48
get_property STATUS [get_runs address_LUT_impl_1]
Not started
get_property NEEDS_REFRESH [get_runs address_LUT_impl_1]
0
get_property PROGRESS [get_runs address_LUT_impl_1]
0%
get_property STATS.ELAPSED [get_runs address_LUT_impl_1]
00:00:00
get_property STATUS [get_runs address_LUT_synth_1]
Queued...
get_property NEEDS_REFRESH [get_runs address_LUT_synth_1]
0
get_property PROGRESS [get_runs address_LUT_synth_1]
0%
get_property STATS.ELAPSED [get_runs address_LUT_synth_1]
00:00:00
get_property STATUS [get_runs axis_data_fifo_0_impl_1]
Not started
get_property NEEDS_REFRESH [get_runs axis_data_fifo_0_impl_1]
0
get_property PROGRESS [get_runs axis_data_fifo_0_impl_1]
0%
get_property STATS.ELAPSED [get_runs axis_data_fifo_0_impl_1]
00:00:00
get_property STATUS [get_runs axis_data_fifo_0_synth_1]
Queued...
get_property NEEDS_REFRESH [get_runs axis_data_fifo_0_synth_1]
0
get_property PROGRESS [get_runs axis_data_fifo_0_synth_1]
0%
get_property STATS.ELAPSED [get_runs axis_data_fifo_0_synth_1]
00:00:00
get_property STATUS [get_runs axis_register_slice_fr_impl_1]
Not started
get_property NEEDS_REFRESH [get_runs axis_register_slice_fr_impl_1]
0
get_property PROGRESS [get_runs axis_register_slice_fr_impl_1]
0%
get_property STATS.ELAPSED [get_runs axis_register_slice_fr_impl_1]
00:00:00
get_property STATUS [get_runs axis_register_slice_fr_synth_1]
synth_design Complete!
get_property NEEDS_REFRESH [get_runs axis_register_slice_fr_synth_1]
0
get_property PROGRESS [get_runs axis_register_slice_fr_synth_1]
100%
get_property STATS.ELAPSED [get_runs axis_register_slice_fr_synth_1]
00:03:46
get_property STATUS [get_runs crif_fifo_impl_1]
Not started
get_property NEEDS_REFRESH [get_runs crif_fifo_impl_1]
0
get_property PROGRESS [get_runs crif_fifo_impl_1]
0%
get_property STATS.ELAPSED [get_runs crif_fifo_impl_1]
00:00:00
get_property STATUS [get_runs crif_fifo_synth_1]
synth_design Complete!
get_property NEEDS_REFRESH [get_runs crif_fifo_synth_1]
0
get_property PROGRESS [get_runs crif_fifo_synth_1]
100%
get_property STATS.ELAPSED [get_runs crif_fifo_synth_1]
00:06:18
get_property STATUS [get_runs distRAM_64x12_impl_1]
Not started
get_property NEEDS_REFRESH [get_runs distRAM_64x12_impl_1]
0
get_property PROGRESS [get_runs distRAM_64x12_impl_1]
0%
get_property STATS.ELAPSED [get_runs distRAM_64x12_impl_1]
00:00:00
get_property STATUS [get_runs distRAM_64x12_synth_1]
Running synth_design...
get_property NEEDS_REFRESH [get_runs distRAM_64x12_synth_1]
0
get_property PROGRESS [get_runs distRAM_64x12_synth_1]
0%
get_property STATS.ELAPSED [get_runs distRAM_64x12_synth_1]
00:01:38
get_property STATUS [get_runs fir_compiler_0_impl_1]
Not started
get_property NEEDS_REFRESH [get_runs fir_compiler_0_impl_1]
0
get_property PROGRESS [get_runs fir_compiler_0_impl_1]
0%
get_property STATS.ELAPSED [get_runs fir_compiler_0_impl_1]
00:00:00
get_property STATUS [get_runs fir_compiler_0_synth_1]
Running synth_design...
get_property NEEDS_REFRESH [get_runs fir_compiler_0_synth_1]
0
get_property PROGRESS [get_runs fir_compiler_0_synth_1]
0%
get_property STATS.ELAPSED [get_runs fir_compiler_0_synth_1]
00:01:07
get_property STATUS [get_runs fmc0_8chan_9g6_impl_1]
Not started
get_property NEEDS_REFRESH [get_runs fmc0_8chan_9g6_impl_1]
0
get_property PROGRESS [get_runs fmc0_8chan_9g6_impl_1]
0%
get_property STATS.ELAPSED [get_runs fmc0_8chan_9g6_impl_1]
00:00:00
get_property STATUS [get_runs fmc0_8chan_9g6_synth_1]
synth_design Complete!
get_property NEEDS_REFRESH [get_runs fmc0_8chan_9g6_synth_1]
0
get_property PROGRESS [get_runs fmc0_8chan_9g6_synth_1]
100%
get_property STATS.ELAPSED [get_runs fmc0_8chan_9g6_synth_1]
00:05:07
get_property STATUS [get_runs fmc0_8chan_9g6_vio_0_impl_1]
Not started
get_property NEEDS_REFRESH [get_runs fmc0_8chan_9g6_vio_0_impl_1]
0
get_property PROGRESS [get_runs fmc0_8chan_9g6_vio_0_impl_1]
0%
get_property STATS.ELAPSED [get_runs fmc0_8chan_9g6_vio_0_impl_1]
00:00:00
get_property STATUS [get_runs fmc0_8chan_9g6_vio_0_synth_1]
synth_design Complete!
get_property NEEDS_REFRESH [get_runs fmc0_8chan_9g6_vio_0_synth_1]
0
get_property PROGRESS [get_runs fmc0_8chan_9g6_vio_0_synth_1]
100%
get_property STATS.ELAPSED [get_runs fmc0_8chan_9g6_vio_0_synth_1]
00:04:05
get_property STATUS [get_runs gig_ethernet_pcs_pma_basex_156_25_impl_1]
Not started
get_property NEEDS_REFRESH [get_runs gig_ethernet_pcs_pma_basex_156_25_impl_1]
0
get_property PROGRESS [get_runs gig_ethernet_pcs_pma_basex_156_25_impl_1]
0%
get_property STATS.ELAPSED [get_runs gig_ethernet_pcs_pma_basex_156_25_impl_1]
00:00:00
get_property STATUS [get_runs gig_ethernet_pcs_pma_basex_156_25_synth_1]
Queued...
get_property NEEDS_REFRESH [get_runs gig_ethernet_pcs_pma_basex_156_25_synth_1]
0
get_property PROGRESS [get_runs gig_ethernet_pcs_pma_basex_156_25_synth_1]
0%
get_property STATS.ELAPSED [get_runs gig_ethernet_pcs_pma_basex_156_25_synth_1]
00:00:00
get_property STATUS [get_runs impl_1]
Not started
get_property NEEDS_REFRESH [get_runs impl_1]
0
get_property PROGRESS [get_runs impl_1]
0%
get_property STATS.ELAPSED [get_runs impl_1]
00:00:00
get_property STATUS [get_runs synth_1]
Queued...
get_property NEEDS_REFRESH [get_runs synth_1]
0
get_property PROGRESS [get_runs synth_1]
0%
get_property STATS.ELAPSED [get_runs synth_1]
00:00:00
get_property STATUS [get_runs temac_gbe_v9_0_impl_1]
Not started
get_property NEEDS_REFRESH [get_runs temac_gbe_v9_0_impl_1]
0
get_property PROGRESS [get_runs temac_gbe_v9_0_impl_1]
0%
get_property STATS.ELAPSED [get_runs temac_gbe_v9_0_impl_1]
00:00:00
get_property STATUS [get_runs temac_gbe_v9_0_synth_1]
Queued...
get_property NEEDS_REFRESH [get_runs temac_gbe_v9_0_synth_1]
0
get_property PROGRESS [get_runs temac_gbe_v9_0_synth_1]
0%
get_property STATS.ELAPSED [get_runs temac_gbe_v9_0_synth_1]
00:00:00
get_property STATUS [get_runs thFMch_input_fifo_impl_1]
Not started
get_property NEEDS_REFRESH [get_runs thFMch_input_fifo_impl_1]
0
get_property PROGRESS [get_runs thFMch_input_fifo_impl_1]
0%
get_property STATS.ELAPSED [get_runs thFMch_input_fifo_impl_1]
00:00:00
get_property STATUS [get_runs thFMch_input_fifo_synth_1]
synth_design Complete!
get_property NEEDS_REFRESH [get_runs thFMch_input_fifo_synth_1]
0
get_property PROGRESS [get_runs thFMch_input_fifo_synth_1]
100%
get_property STATS.ELAPSED [get_runs thFMch_input_fifo_synth_1]
00:06:21
wait_on_run synth_1 -timeout 1
[Wed Jan 20 14:41:02 2021] Waiting for synth_1 to finish (timeout in 1 minute)...
[Wed Jan 20 14:42:02 2021] synth_1 timed out after 1 minute.
wait_on_run: Time (s): cpu = 00:00:00.08 ; elapsed = 00:01:00 . Memory (MB): peak = 2602.773 ; gain = 0.000 ; free physical = 3681 ; free virtual = 87441
get_runs
synth_1 thFMch_input_fifo_synth_1 fmc0_8chan_9g6_synth_1 fmc0_8chan_9g6_vio_0_synth_1 crif_fifo_synth_1 axis_register_slice_fr_synth_1 RAM_2048x12_synth_1 distRAM_64x12_synth_1 Median_distRAM_64x12_synth_1 fir_compiler_0_synth_1 axis_data_fifo_0_synth_1 address_LUT_synth_1 gig_ethernet_pcs_pma_basex_156_25_synth_1 temac_gbe_v9_0_synth_1 impl_1 thFMch_input_fifo_impl_1 fmc0_8chan_9g6_impl_1 fmc0_8chan_9g6_vio_0_impl_1 crif_fifo_impl_1 axis_register_slice_fr_impl_1 RAM_2048x12_impl_1 distRAM_64x12_impl_1 Median_distRAM_64x12_impl_1 fir_compiler_0_impl_1 axis_data_fifo_0_impl_1 address_LUT_impl_1 gig_ethernet_pcs_pma_basex_156_25_impl_1 temac_gbe_v9_0_impl_1
get_property STATUS [get_runs Median_distRAM_64x12_impl_1]
Not started
get_property NEEDS_REFRESH [get_runs Median_distRAM_64x12_impl_1]
0
get_property PROGRESS [get_runs Median_distRAM_64x12_impl_1]
0%
get_property STATS.ELAPSED [get_runs Median_distRAM_64x12_impl_1]
00:00:00
get_property STATUS [get_runs Median_distRAM_64x12_synth_1]
Running synth_design...
get_property NEEDS_REFRESH [get_runs Median_distRAM_64x12_synth_1]
0
get_property PROGRESS [get_runs Median_distRAM_64x12_synth_1]
0%
get_property STATS.ELAPSED [get_runs Median_distRAM_64x12_synth_1]
00:03:43
get_property STATUS [get_runs RAM_2048x12_impl_1]
Not started
get_property NEEDS_REFRESH [get_runs RAM_2048x12_impl_1]
0
get_property PROGRESS [get_runs RAM_2048x12_impl_1]
0%
get_property STATS.ELAPSED [get_runs RAM_2048x12_impl_1]
00:00:00
get_property STATUS [get_runs RAM_2048x12_synth_1]
Running synth_design...
get_property NEEDS_REFRESH [get_runs RAM_2048x12_synth_1]
0
get_property PROGRESS [get_runs RAM_2048x12_synth_1]
0%
get_property STATS.ELAPSED [get_runs RAM_2048x12_synth_1]
00:03:48
get_property STATUS [get_runs address_LUT_impl_1]
Not started
get_property NEEDS_REFRESH [get_runs address_LUT_impl_1]
0
get_property PROGRESS [get_runs address_LUT_impl_1]
0%
get_property STATS.ELAPSED [get_runs address_LUT_impl_1]
00:00:00
get_property STATUS [get_runs address_LUT_synth_1]
Queued...
get_property NEEDS_REFRESH [get_runs address_LUT_synth_1]
0
get_property PROGRESS [get_runs address_LUT_synth_1]
0%
get_property STATS.ELAPSED [get_runs address_LUT_synth_1]
00:00:00
get_property STATUS [get_runs axis_data_fifo_0_impl_1]
Not started
get_property NEEDS_REFRESH [get_runs axis_data_fifo_0_impl_1]
0
get_property PROGRESS [get_runs axis_data_fifo_0_impl_1]
0%
get_property STATS.ELAPSED [get_runs axis_data_fifo_0_impl_1]
00:00:00
get_property STATUS [get_runs axis_data_fifo_0_synth_1]
Queued...
get_property NEEDS_REFRESH [get_runs axis_data_fifo_0_synth_1]
0
get_property PROGRESS [get_runs axis_data_fifo_0_synth_1]
0%
get_property STATS.ELAPSED [get_runs axis_data_fifo_0_synth_1]
00:00:00
get_property STATUS [get_runs axis_register_slice_fr_impl_1]
Not started
get_property NEEDS_REFRESH [get_runs axis_register_slice_fr_impl_1]
0
get_property PROGRESS [get_runs axis_register_slice_fr_impl_1]
0%
get_property STATS.ELAPSED [get_runs axis_register_slice_fr_impl_1]
00:00:00
get_property STATUS [get_runs axis_register_slice_fr_synth_1]
synth_design Complete!
get_property NEEDS_REFRESH [get_runs axis_register_slice_fr_synth_1]
0
get_property PROGRESS [get_runs axis_register_slice_fr_synth_1]
100%
get_property STATS.ELAPSED [get_runs axis_register_slice_fr_synth_1]
00:03:46
get_property STATUS [get_runs crif_fifo_impl_1]
Not started
get_property NEEDS_REFRESH [get_runs crif_fifo_impl_1]
0
get_property PROGRESS [get_runs crif_fifo_impl_1]
0%
get_property STATS.ELAPSED [get_runs crif_fifo_impl_1]
00:00:00
get_property STATUS [get_runs crif_fifo_synth_1]
synth_design Complete!
get_property NEEDS_REFRESH [get_runs crif_fifo_synth_1]
0
get_property PROGRESS [get_runs crif_fifo_synth_1]
100%
get_property STATS.ELAPSED [get_runs crif_fifo_synth_1]
00:06:18
get_property STATUS [get_runs distRAM_64x12_impl_1]
Not started
get_property NEEDS_REFRESH [get_runs distRAM_64x12_impl_1]
0
get_property PROGRESS [get_runs distRAM_64x12_impl_1]
0%
get_property STATS.ELAPSED [get_runs distRAM_64x12_impl_1]
00:00:00
get_property STATUS [get_runs distRAM_64x12_synth_1]
Running synth_design...
get_property NEEDS_REFRESH [get_runs distRAM_64x12_synth_1]
0
get_property PROGRESS [get_runs distRAM_64x12_synth_1]
0%
get_property STATS.ELAPSED [get_runs distRAM_64x12_synth_1]
00:03:46
get_property STATUS [get_runs fir_compiler_0_impl_1]
Not started
get_property NEEDS_REFRESH [get_runs fir_compiler_0_impl_1]
0
get_property PROGRESS [get_runs fir_compiler_0_impl_1]
0%
get_property STATS.ELAPSED [get_runs fir_compiler_0_impl_1]
00:00:00
get_property STATUS [get_runs fir_compiler_0_synth_1]
Running synth_design...
get_property NEEDS_REFRESH [get_runs fir_compiler_0_synth_1]
0
get_property PROGRESS [get_runs fir_compiler_0_synth_1]
0%
get_property STATS.ELAPSED [get_runs fir_compiler_0_synth_1]
00:02:13
get_property STATUS [get_runs fmc0_8chan_9g6_impl_1]
Not started
get_property NEEDS_REFRESH [get_runs fmc0_8chan_9g6_impl_1]
0
get_property PROGRESS [get_runs fmc0_8chan_9g6_impl_1]
0%
get_property STATS.ELAPSED [get_runs fmc0_8chan_9g6_impl_1]
00:00:00
get_property STATUS [get_runs fmc0_8chan_9g6_synth_1]
synth_design Complete!
get_property NEEDS_REFRESH [get_runs fmc0_8chan_9g6_synth_1]
0
get_property PROGRESS [get_runs fmc0_8chan_9g6_synth_1]
100%
get_property STATS.ELAPSED [get_runs fmc0_8chan_9g6_synth_1]
00:05:07
get_property STATUS [get_runs fmc0_8chan_9g6_vio_0_impl_1]
Not started
get_property NEEDS_REFRESH [get_runs fmc0_8chan_9g6_vio_0_impl_1]
0
get_property PROGRESS [get_runs fmc0_8chan_9g6_vio_0_impl_1]
0%
get_property STATS.ELAPSED [get_runs fmc0_8chan_9g6_vio_0_impl_1]
00:00:00
get_property STATUS [get_runs fmc0_8chan_9g6_vio_0_synth_1]
synth_design Complete!
get_property NEEDS_REFRESH [get_runs fmc0_8chan_9g6_vio_0_synth_1]
0
get_property PROGRESS [get_runs fmc0_8chan_9g6_vio_0_synth_1]
100%
get_property STATS.ELAPSED [get_runs fmc0_8chan_9g6_vio_0_synth_1]
00:04:05
get_property STATUS [get_runs gig_ethernet_pcs_pma_basex_156_25_impl_1]
Not started
get_property NEEDS_REFRESH [get_runs gig_ethernet_pcs_pma_basex_156_25_impl_1]
0
get_property PROGRESS [get_runs gig_ethernet_pcs_pma_basex_156_25_impl_1]
0%
get_property STATS.ELAPSED [get_runs gig_ethernet_pcs_pma_basex_156_25_impl_1]
00:00:00
get_property STATUS [get_runs gig_ethernet_pcs_pma_basex_156_25_synth_1]
Queued...
get_property NEEDS_REFRESH [get_runs gig_ethernet_pcs_pma_basex_156_25_synth_1]
0
get_property PROGRESS [get_runs gig_ethernet_pcs_pma_basex_156_25_synth_1]
0%
get_property STATS.ELAPSED [get_runs gig_ethernet_pcs_pma_basex_156_25_synth_1]
00:00:00
get_property STATUS [get_runs impl_1]
Not started
get_property NEEDS_REFRESH [get_runs impl_1]
0
get_property PROGRESS [get_runs impl_1]
0%
get_property STATS.ELAPSED [get_runs impl_1]
00:00:00
get_property STATUS [get_runs synth_1]
Queued...
get_property NEEDS_REFRESH [get_runs synth_1]
0
get_property PROGRESS [get_runs synth_1]
0%
get_property STATS.ELAPSED [get_runs synth_1]
00:00:00
get_property STATUS [get_runs temac_gbe_v9_0_impl_1]
Not started
get_property NEEDS_REFRESH [get_runs temac_gbe_v9_0_impl_1]
0
get_property PROGRESS [get_runs temac_gbe_v9_0_impl_1]
0%
get_property STATS.ELAPSED [get_runs temac_gbe_v9_0_impl_1]
00:00:00
get_property STATUS [get_runs temac_gbe_v9_0_synth_1]
Queued...
get_property NEEDS_REFRESH [get_runs temac_gbe_v9_0_synth_1]
0
get_property PROGRESS [get_runs temac_gbe_v9_0_synth_1]
0%
get_property STATS.ELAPSED [get_runs temac_gbe_v9_0_synth_1]
00:00:00
get_property STATUS [get_runs thFMch_input_fifo_impl_1]
Not started
get_property NEEDS_REFRESH [get_runs thFMch_input_fifo_impl_1]
0
get_property PROGRESS [get_runs thFMch_input_fifo_impl_1]
0%
get_property STATS.ELAPSED [get_runs thFMch_input_fifo_impl_1]
00:00:00
get_property STATUS [get_runs thFMch_input_fifo_synth_1]
synth_design Complete!
get_property NEEDS_REFRESH [get_runs thFMch_input_fifo_synth_1]
0
get_property PROGRESS [get_runs thFMch_input_fifo_synth_1]
100%
get_property STATS.ELAPSED [get_runs thFMch_input_fifo_synth_1]
00:06:21
wait_on_run synth_1 -timeout 1
[Wed Jan 20 14:42:02 2021] Waiting for synth_1 to finish (timeout in 1 minute)...
[Wed Jan 20 14:43:02 2021] synth_1 timed out after 1 minute.
wait_on_run: Time (s): cpu = 00:00:00.15 ; elapsed = 00:01:00 . Memory (MB): peak = 2602.773 ; gain = 0.000 ; free physical = 6636 ; free virtual = 90390
get_runs
synth_1 thFMch_input_fifo_synth_1 fmc0_8chan_9g6_synth_1 fmc0_8chan_9g6_vio_0_synth_1 crif_fifo_synth_1 axis_register_slice_fr_synth_1 RAM_2048x12_synth_1 distRAM_64x12_synth_1 Median_distRAM_64x12_synth_1 fir_compiler_0_synth_1 axis_data_fifo_0_synth_1 address_LUT_synth_1 gig_ethernet_pcs_pma_basex_156_25_synth_1 temac_gbe_v9_0_synth_1 impl_1 thFMch_input_fifo_impl_1 fmc0_8chan_9g6_impl_1 fmc0_8chan_9g6_vio_0_impl_1 crif_fifo_impl_1 axis_register_slice_fr_impl_1 RAM_2048x12_impl_1 distRAM_64x12_impl_1 Median_distRAM_64x12_impl_1 fir_compiler_0_impl_1 axis_data_fifo_0_impl_1 address_LUT_impl_1 gig_ethernet_pcs_pma_basex_156_25_impl_1 temac_gbe_v9_0_impl_1
get_property STATUS [get_runs Median_distRAM_64x12_impl_1]
Not started
get_property NEEDS_REFRESH [get_runs Median_distRAM_64x12_impl_1]
0
get_property PROGRESS [get_runs Median_distRAM_64x12_impl_1]
0%
get_property STATS.ELAPSED [get_runs Median_distRAM_64x12_impl_1]
00:00:00
get_property STATUS [get_runs Median_distRAM_64x12_synth_1]
synth_design Complete!
get_property NEEDS_REFRESH [get_runs Median_distRAM_64x12_synth_1]
0
get_property PROGRESS [get_runs Median_distRAM_64x12_synth_1]
100%
get_property STATS.ELAPSED [get_runs Median_distRAM_64x12_synth_1]
00:03:44
get_property STATUS [get_runs RAM_2048x12_impl_1]
Not started
get_property NEEDS_REFRESH [get_runs RAM_2048x12_impl_1]
0
get_property PROGRESS [get_runs RAM_2048x12_impl_1]
0%
get_property STATS.ELAPSED [get_runs RAM_2048x12_impl_1]
00:00:00
get_property STATUS [get_runs RAM_2048x12_synth_1]
synth_design Complete!
get_property NEEDS_REFRESH [get_runs RAM_2048x12_synth_1]
0
get_property PROGRESS [get_runs RAM_2048x12_synth_1]
100%
get_property STATS.ELAPSED [get_runs RAM_2048x12_synth_1]
00:05:57
get_property STATUS [get_runs address_LUT_impl_1]
Not started
get_property NEEDS_REFRESH [get_runs address_LUT_impl_1]
0
get_property PROGRESS [get_runs address_LUT_impl_1]
0%
get_property STATS.ELAPSED [get_runs address_LUT_impl_1]
00:00:00
get_property STATUS [get_runs address_LUT_synth_1]
Running synth_design...
get_property NEEDS_REFRESH [get_runs address_LUT_synth_1]
0
get_property PROGRESS [get_runs address_LUT_synth_1]
0%
get_property STATS.ELAPSED [get_runs address_LUT_synth_1]
00:00:27
get_property STATUS [get_runs axis_data_fifo_0_impl_1]
Not started
get_property NEEDS_REFRESH [get_runs axis_data_fifo_0_impl_1]
0
get_property PROGRESS [get_runs axis_data_fifo_0_impl_1]
0%
get_property STATS.ELAPSED [get_runs axis_data_fifo_0_impl_1]
00:00:00
get_property STATUS [get_runs axis_data_fifo_0_synth_1]
Running synth_design...
get_property NEEDS_REFRESH [get_runs axis_data_fifo_0_synth_1]
0
get_property PROGRESS [get_runs axis_data_fifo_0_synth_1]
0%
get_property STATS.ELAPSED [get_runs axis_data_fifo_0_synth_1]
00:00:36
get_property STATUS [get_runs axis_register_slice_fr_impl_1]
Not started
get_property NEEDS_REFRESH [get_runs axis_register_slice_fr_impl_1]
0
get_property PROGRESS [get_runs axis_register_slice_fr_impl_1]
0%
get_property STATS.ELAPSED [get_runs axis_register_slice_fr_impl_1]
00:00:00
get_property STATUS [get_runs axis_register_slice_fr_synth_1]
synth_design Complete!
get_property NEEDS_REFRESH [get_runs axis_register_slice_fr_synth_1]
0
get_property PROGRESS [get_runs axis_register_slice_fr_synth_1]
100%
get_property STATS.ELAPSED [get_runs axis_register_slice_fr_synth_1]
00:03:46
get_property STATUS [get_runs crif_fifo_impl_1]
Not started
get_property NEEDS_REFRESH [get_runs crif_fifo_impl_1]
0
get_property PROGRESS [get_runs crif_fifo_impl_1]
0%
get_property STATS.ELAPSED [get_runs crif_fifo_impl_1]
00:00:00
get_property STATUS [get_runs crif_fifo_synth_1]
synth_design Complete!
get_property NEEDS_REFRESH [get_runs crif_fifo_synth_1]
0
get_property PROGRESS [get_runs crif_fifo_synth_1]
100%
get_property STATS.ELAPSED [get_runs crif_fifo_synth_1]
00:06:18
get_property STATUS [get_runs distRAM_64x12_impl_1]
Not started
get_property NEEDS_REFRESH [get_runs distRAM_64x12_impl_1]
0
get_property PROGRESS [get_runs distRAM_64x12_impl_1]
0%
get_property STATS.ELAPSED [get_runs distRAM_64x12_impl_1]
00:00:00
get_property STATUS [get_runs distRAM_64x12_synth_1]
synth_design Complete!
get_property NEEDS_REFRESH [get_runs distRAM_64x12_synth_1]
0
get_property PROGRESS [get_runs distRAM_64x12_synth_1]
100%
get_property STATS.ELAPSED [get_runs distRAM_64x12_synth_1]
00:03:46
get_property STATUS [get_runs fir_compiler_0_impl_1]
Not started
get_property NEEDS_REFRESH [get_runs fir_compiler_0_impl_1]
0
get_property PROGRESS [get_runs fir_compiler_0_impl_1]
0%
get_property STATS.ELAPSED [get_runs fir_compiler_0_impl_1]
00:00:00
get_property STATUS [get_runs fir_compiler_0_synth_1]
Running synth_design...
get_property NEEDS_REFRESH [get_runs fir_compiler_0_synth_1]
0
get_property PROGRESS [get_runs fir_compiler_0_synth_1]
0%
get_property STATS.ELAPSED [get_runs fir_compiler_0_synth_1]
00:02:13
get_property STATUS [get_runs fmc0_8chan_9g6_impl_1]
Not started
get_property NEEDS_REFRESH [get_runs fmc0_8chan_9g6_impl_1]
0
get_property PROGRESS [get_runs fmc0_8chan_9g6_impl_1]
0%
get_property STATS.ELAPSED [get_runs fmc0_8chan_9g6_impl_1]
00:00:00
get_property STATUS [get_runs fmc0_8chan_9g6_synth_1]
synth_design Complete!
get_property NEEDS_REFRESH [get_runs fmc0_8chan_9g6_synth_1]
0
get_property PROGRESS [get_runs fmc0_8chan_9g6_synth_1]
100%
get_property STATS.ELAPSED [get_runs fmc0_8chan_9g6_synth_1]
00:05:07
get_property STATUS [get_runs fmc0_8chan_9g6_vio_0_impl_1]
Not started
get_property NEEDS_REFRESH [get_runs fmc0_8chan_9g6_vio_0_impl_1]
0
get_property PROGRESS [get_runs fmc0_8chan_9g6_vio_0_impl_1]
0%
get_property STATS.ELAPSED [get_runs fmc0_8chan_9g6_vio_0_impl_1]
00:00:00
get_property STATUS [get_runs fmc0_8chan_9g6_vio_0_synth_1]
synth_design Complete!
get_property NEEDS_REFRESH [get_runs fmc0_8chan_9g6_vio_0_synth_1]
0
get_property PROGRESS [get_runs fmc0_8chan_9g6_vio_0_synth_1]
100%
get_property STATS.ELAPSED [get_runs fmc0_8chan_9g6_vio_0_synth_1]
00:04:05
get_property STATUS [get_runs gig_ethernet_pcs_pma_basex_156_25_impl_1]
Not started
get_property NEEDS_REFRESH [get_runs gig_ethernet_pcs_pma_basex_156_25_impl_1]
0
get_property PROGRESS [get_runs gig_ethernet_pcs_pma_basex_156_25_impl_1]
0%
get_property STATS.ELAPSED [get_runs gig_ethernet_pcs_pma_basex_156_25_impl_1]
00:00:00
get_property STATUS [get_runs gig_ethernet_pcs_pma_basex_156_25_synth_1]
Running synth_design...
get_property NEEDS_REFRESH [get_runs gig_ethernet_pcs_pma_basex_156_25_synth_1]
0
get_property PROGRESS [get_runs gig_ethernet_pcs_pma_basex_156_25_synth_1]
0%
get_property STATS.ELAPSED [get_runs gig_ethernet_pcs_pma_basex_156_25_synth_1]
00:00:00
get_property STATUS [get_runs impl_1]
Not started
get_property NEEDS_REFRESH [get_runs impl_1]
0
get_property PROGRESS [get_runs impl_1]
0%
get_property STATS.ELAPSED [get_runs impl_1]
00:00:00
get_property STATUS [get_runs synth_1]
Queued...
get_property NEEDS_REFRESH [get_runs synth_1]
0
get_property PROGRESS [get_runs synth_1]
0%
get_property STATS.ELAPSED [get_runs synth_1]
00:00:00
get_property STATUS [get_runs temac_gbe_v9_0_impl_1]
Not started
get_property NEEDS_REFRESH [get_runs temac_gbe_v9_0_impl_1]
0
get_property PROGRESS [get_runs temac_gbe_v9_0_impl_1]
0%
get_property STATS.ELAPSED [get_runs temac_gbe_v9_0_impl_1]
00:00:00
get_property STATUS [get_runs temac_gbe_v9_0_synth_1]
Queued...
get_property NEEDS_REFRESH [get_runs temac_gbe_v9_0_synth_1]
0
get_property PROGRESS [get_runs temac_gbe_v9_0_synth_1]
0%
get_property STATS.ELAPSED [get_runs temac_gbe_v9_0_synth_1]
00:00:00
get_property STATUS [get_runs thFMch_input_fifo_impl_1]
Not started
get_property NEEDS_REFRESH [get_runs thFMch_input_fifo_impl_1]
0
get_property PROGRESS [get_runs thFMch_input_fifo_impl_1]
0%
get_property STATS.ELAPSED [get_runs thFMch_input_fifo_impl_1]
00:00:00
get_property STATUS [get_runs thFMch_input_fifo_synth_1]
synth_design Complete!
get_property NEEDS_REFRESH [get_runs thFMch_input_fifo_synth_1]
0
get_property PROGRESS [get_runs thFMch_input_fifo_synth_1]
100%
get_property STATS.ELAPSED [get_runs thFMch_input_fifo_synth_1]
00:06:21
wait_on_run synth_1 -timeout 1
[Wed Jan 20 14:43:03 2021] Waiting for synth_1 to finish (timeout in 1 minute)...
[Wed Jan 20 14:44:03 2021] synth_1 timed out after 1 minute.
wait_on_run: Time (s): cpu = 00:00:00.08 ; elapsed = 00:01:00 . Memory (MB): peak = 2602.773 ; gain = 0.000 ; free physical = 5215 ; free virtual = 88973
get_runs
synth_1 thFMch_input_fifo_synth_1 fmc0_8chan_9g6_synth_1 fmc0_8chan_9g6_vio_0_synth_1 crif_fifo_synth_1 axis_register_slice_fr_synth_1 RAM_2048x12_synth_1 distRAM_64x12_synth_1 Median_distRAM_64x12_synth_1 fir_compiler_0_synth_1 axis_data_fifo_0_synth_1 address_LUT_synth_1 gig_ethernet_pcs_pma_basex_156_25_synth_1 temac_gbe_v9_0_synth_1 impl_1 thFMch_input_fifo_impl_1 fmc0_8chan_9g6_impl_1 fmc0_8chan_9g6_vio_0_impl_1 crif_fifo_impl_1 axis_register_slice_fr_impl_1 RAM_2048x12_impl_1 distRAM_64x12_impl_1 Median_distRAM_64x12_impl_1 fir_compiler_0_impl_1 axis_data_fifo_0_impl_1 address_LUT_impl_1 gig_ethernet_pcs_pma_basex_156_25_impl_1 temac_gbe_v9_0_impl_1
get_property STATUS [get_runs Median_distRAM_64x12_impl_1]
Not started
get_property NEEDS_REFRESH [get_runs Median_distRAM_64x12_impl_1]
0
get_property PROGRESS [get_runs Median_distRAM_64x12_impl_1]
0%
get_property STATS.ELAPSED [get_runs Median_distRAM_64x12_impl_1]
00:00:00
get_property STATUS [get_runs Median_distRAM_64x12_synth_1]
synth_design Complete!
get_property NEEDS_REFRESH [get_runs Median_distRAM_64x12_synth_1]
0
get_property PROGRESS [get_runs Median_distRAM_64x12_synth_1]
100%
get_property STATS.ELAPSED [get_runs Median_distRAM_64x12_synth_1]
00:03:44
get_property STATUS [get_runs RAM_2048x12_impl_1]
Not started
get_property NEEDS_REFRESH [get_runs RAM_2048x12_impl_1]
0
get_property PROGRESS [get_runs RAM_2048x12_impl_1]
0%
get_property STATS.ELAPSED [get_runs RAM_2048x12_impl_1]
00:00:00
get_property STATUS [get_runs RAM_2048x12_synth_1]
synth_design Complete!
get_property NEEDS_REFRESH [get_runs RAM_2048x12_synth_1]
0
get_property PROGRESS [get_runs RAM_2048x12_synth_1]
100%
get_property STATS.ELAPSED [get_runs RAM_2048x12_synth_1]
00:05:57
get_property STATUS [get_runs address_LUT_impl_1]
Not started
get_property NEEDS_REFRESH [get_runs address_LUT_impl_1]
0
get_property PROGRESS [get_runs address_LUT_impl_1]
0%
get_property STATS.ELAPSED [get_runs address_LUT_impl_1]
00:00:00
get_property STATUS [get_runs address_LUT_synth_1]
Running synth_design...
get_property NEEDS_REFRESH [get_runs address_LUT_synth_1]
0
get_property PROGRESS [get_runs address_LUT_synth_1]
0%
get_property STATS.ELAPSED [get_runs address_LUT_synth_1]
00:01:00
get_property STATUS [get_runs axis_data_fifo_0_impl_1]
Not started
get_property NEEDS_REFRESH [get_runs axis_data_fifo_0_impl_1]
0
get_property PROGRESS [get_runs axis_data_fifo_0_impl_1]
0%
get_property STATS.ELAPSED [get_runs axis_data_fifo_0_impl_1]
00:00:00
get_property STATUS [get_runs axis_data_fifo_0_synth_1]
Running synth_design...
get_property NEEDS_REFRESH [get_runs axis_data_fifo_0_synth_1]
0
get_property PROGRESS [get_runs axis_data_fifo_0_synth_1]
0%
get_property STATS.ELAPSED [get_runs axis_data_fifo_0_synth_1]
00:01:40
get_property STATUS [get_runs axis_register_slice_fr_impl_1]
Not started
get_property NEEDS_REFRESH [get_runs axis_register_slice_fr_impl_1]
0
get_property PROGRESS [get_runs axis_register_slice_fr_impl_1]
0%
get_property STATS.ELAPSED [get_runs axis_register_slice_fr_impl_1]
00:00:00
get_property STATUS [get_runs axis_register_slice_fr_synth_1]
synth_design Complete!
get_property NEEDS_REFRESH [get_runs axis_register_slice_fr_synth_1]
0
get_property PROGRESS [get_runs axis_register_slice_fr_synth_1]
100%
get_property STATS.ELAPSED [get_runs axis_register_slice_fr_synth_1]
00:03:46
get_property STATUS [get_runs crif_fifo_impl_1]
Not started
get_property NEEDS_REFRESH [get_runs crif_fifo_impl_1]
0
get_property PROGRESS [get_runs crif_fifo_impl_1]
0%
get_property STATS.ELAPSED [get_runs crif_fifo_impl_1]
00:00:00
get_property STATUS [get_runs crif_fifo_synth_1]
synth_design Complete!
get_property NEEDS_REFRESH [get_runs crif_fifo_synth_1]
0
get_property PROGRESS [get_runs crif_fifo_synth_1]
100%
get_property STATS.ELAPSED [get_runs crif_fifo_synth_1]
00:06:18
get_property STATUS [get_runs distRAM_64x12_impl_1]
Not started
get_property NEEDS_REFRESH [get_runs distRAM_64x12_impl_1]
0
get_property PROGRESS [get_runs distRAM_64x12_impl_1]
0%
get_property STATS.ELAPSED [get_runs distRAM_64x12_impl_1]
00:00:00
get_property STATUS [get_runs distRAM_64x12_synth_1]
synth_design Complete!
get_property NEEDS_REFRESH [get_runs distRAM_64x12_synth_1]
0
get_property PROGRESS [get_runs distRAM_64x12_synth_1]
100%
get_property STATS.ELAPSED [get_runs distRAM_64x12_synth_1]
00:03:46
get_property STATUS [get_runs fir_compiler_0_impl_1]
Not started
get_property NEEDS_REFRESH [get_runs fir_compiler_0_impl_1]
0
get_property PROGRESS [get_runs fir_compiler_0_impl_1]
0%
get_property STATS.ELAPSED [get_runs fir_compiler_0_impl_1]
00:00:00
get_property STATUS [get_runs fir_compiler_0_synth_1]
Running synth_design...
get_property NEEDS_REFRESH [get_runs fir_compiler_0_synth_1]
0
get_property PROGRESS [get_runs fir_compiler_0_synth_1]
0%
get_property STATS.ELAPSED [get_runs fir_compiler_0_synth_1]
00:02:13
get_property STATUS [get_runs fmc0_8chan_9g6_impl_1]
Not started
get_property NEEDS_REFRESH [get_runs fmc0_8chan_9g6_impl_1]
0
get_property PROGRESS [get_runs fmc0_8chan_9g6_impl_1]
0%
get_property STATS.ELAPSED [get_runs fmc0_8chan_9g6_impl_1]
00:00:00
get_property STATUS [get_runs fmc0_8chan_9g6_synth_1]
synth_design Complete!
get_property NEEDS_REFRESH [get_runs fmc0_8chan_9g6_synth_1]
0
get_property PROGRESS [get_runs fmc0_8chan_9g6_synth_1]
100%
get_property STATS.ELAPSED [get_runs fmc0_8chan_9g6_synth_1]
00:05:07
get_property STATUS [get_runs fmc0_8chan_9g6_vio_0_impl_1]
Not started
get_property NEEDS_REFRESH [get_runs fmc0_8chan_9g6_vio_0_impl_1]
0
get_property PROGRESS [get_runs fmc0_8chan_9g6_vio_0_impl_1]
0%
get_property STATS.ELAPSED [get_runs fmc0_8chan_9g6_vio_0_impl_1]
00:00:00
get_property STATUS [get_runs fmc0_8chan_9g6_vio_0_synth_1]
synth_design Complete!
get_property NEEDS_REFRESH [get_runs fmc0_8chan_9g6_vio_0_synth_1]
0
get_property PROGRESS [get_runs fmc0_8chan_9g6_vio_0_synth_1]
100%
get_property STATS.ELAPSED [get_runs fmc0_8chan_9g6_vio_0_synth_1]
00:04:05
get_property STATUS [get_runs gig_ethernet_pcs_pma_basex_156_25_impl_1]
Not started
get_property NEEDS_REFRESH [get_runs gig_ethernet_pcs_pma_basex_156_25_impl_1]
0
get_property PROGRESS [get_runs gig_ethernet_pcs_pma_basex_156_25_impl_1]
0%
get_property STATS.ELAPSED [get_runs gig_ethernet_pcs_pma_basex_156_25_impl_1]
00:00:00
get_property STATUS [get_runs gig_ethernet_pcs_pma_basex_156_25_synth_1]
Running synth_design...
get_property NEEDS_REFRESH [get_runs gig_ethernet_pcs_pma_basex_156_25_synth_1]
0
get_property PROGRESS [get_runs gig_ethernet_pcs_pma_basex_156_25_synth_1]
0%
get_property STATS.ELAPSED [get_runs gig_ethernet_pcs_pma_basex_156_25_synth_1]
00:00:47
get_property STATUS [get_runs impl_1]
Not started
get_property NEEDS_REFRESH [get_runs impl_1]
0
get_property PROGRESS [get_runs impl_1]
0%
get_property STATS.ELAPSED [get_runs impl_1]
00:00:00
get_property STATUS [get_runs synth_1]
Queued...
get_property NEEDS_REFRESH [get_runs synth_1]
0
get_property PROGRESS [get_runs synth_1]
0%
get_property STATS.ELAPSED [get_runs synth_1]
00:00:00
get_property STATUS [get_runs temac_gbe_v9_0_impl_1]
Not started
get_property NEEDS_REFRESH [get_runs temac_gbe_v9_0_impl_1]
0
get_property PROGRESS [get_runs temac_gbe_v9_0_impl_1]
0%
get_property STATS.ELAPSED [get_runs temac_gbe_v9_0_impl_1]
00:00:00
get_property STATUS [get_runs temac_gbe_v9_0_synth_1]
Queued...
get_property NEEDS_REFRESH [get_runs temac_gbe_v9_0_synth_1]
0
get_property PROGRESS [get_runs temac_gbe_v9_0_synth_1]
0%
get_property STATS.ELAPSED [get_runs temac_gbe_v9_0_synth_1]
00:00:00
get_property STATUS [get_runs thFMch_input_fifo_impl_1]
Not started
get_property NEEDS_REFRESH [get_runs thFMch_input_fifo_impl_1]
0
get_property PROGRESS [get_runs thFMch_input_fifo_impl_1]
0%
get_property STATS.ELAPSED [get_runs thFMch_input_fifo_impl_1]
00:00:00
get_property STATUS [get_runs thFMch_input_fifo_synth_1]
synth_design Complete!
get_property NEEDS_REFRESH [get_runs thFMch_input_fifo_synth_1]
0
get_property PROGRESS [get_runs thFMch_input_fifo_synth_1]
100%
get_property STATS.ELAPSED [get_runs thFMch_input_fifo_synth_1]
00:06:21
wait_on_run synth_1 -timeout 1
[Wed Jan 20 14:44:03 2021] Waiting for synth_1 to finish (timeout in 1 minute)...
[Wed Jan 20 14:45:03 2021] synth_1 timed out after 1 minute.
wait_on_run: Time (s): cpu = 00:00:00.09 ; elapsed = 00:01:00 . Memory (MB): peak = 2602.773 ; gain = 0.000 ; free physical = 5532 ; free virtual = 89301
get_runs
synth_1 thFMch_input_fifo_synth_1 fmc0_8chan_9g6_synth_1 fmc0_8chan_9g6_vio_0_synth_1 crif_fifo_synth_1 axis_register_slice_fr_synth_1 RAM_2048x12_synth_1 distRAM_64x12_synth_1 Median_distRAM_64x12_synth_1 fir_compiler_0_synth_1 axis_data_fifo_0_synth_1 address_LUT_synth_1 gig_ethernet_pcs_pma_basex_156_25_synth_1 temac_gbe_v9_0_synth_1 impl_1 thFMch_input_fifo_impl_1 fmc0_8chan_9g6_impl_1 fmc0_8chan_9g6_vio_0_impl_1 crif_fifo_impl_1 axis_register_slice_fr_impl_1 RAM_2048x12_impl_1 distRAM_64x12_impl_1 Median_distRAM_64x12_impl_1 fir_compiler_0_impl_1 axis_data_fifo_0_impl_1 address_LUT_impl_1 gig_ethernet_pcs_pma_basex_156_25_impl_1 temac_gbe_v9_0_impl_1
get_property STATUS [get_runs Median_distRAM_64x12_impl_1]
Not started
get_property NEEDS_REFRESH [get_runs Median_distRAM_64x12_impl_1]
0
get_property PROGRESS [get_runs Median_distRAM_64x12_impl_1]
0%
get_property STATS.ELAPSED [get_runs Median_distRAM_64x12_impl_1]
00:00:00
get_property STATUS [get_runs Median_distRAM_64x12_synth_1]
synth_design Complete!
get_property NEEDS_REFRESH [get_runs Median_distRAM_64x12_synth_1]
0
get_property PROGRESS [get_runs Median_distRAM_64x12_synth_1]
100%
get_property STATS.ELAPSED [get_runs Median_distRAM_64x12_synth_1]
00:03:44
get_property STATUS [get_runs RAM_2048x12_impl_1]
Not started
get_property NEEDS_REFRESH [get_runs RAM_2048x12_impl_1]
0
get_property PROGRESS [get_runs RAM_2048x12_impl_1]
0%
get_property STATS.ELAPSED [get_runs RAM_2048x12_impl_1]
00:00:00
get_property STATUS [get_runs RAM_2048x12_synth_1]
synth_design Complete!
get_property NEEDS_REFRESH [get_runs RAM_2048x12_synth_1]
0
get_property PROGRESS [get_runs RAM_2048x12_synth_1]
100%
get_property STATS.ELAPSED [get_runs RAM_2048x12_synth_1]
00:05:57
get_property STATUS [get_runs address_LUT_impl_1]
Not started
get_property NEEDS_REFRESH [get_runs address_LUT_impl_1]
0
get_property PROGRESS [get_runs address_LUT_impl_1]
0%
get_property STATS.ELAPSED [get_runs address_LUT_impl_1]
00:00:00
get_property STATUS [get_runs address_LUT_synth_1]
Running synth_design...
get_property NEEDS_REFRESH [get_runs address_LUT_synth_1]
0
get_property PROGRESS [get_runs address_LUT_synth_1]
0%
get_property STATS.ELAPSED [get_runs address_LUT_synth_1]
00:02:44
get_property STATUS [get_runs axis_data_fifo_0_impl_1]
Not started
get_property NEEDS_REFRESH [get_runs axis_data_fifo_0_impl_1]
0
get_property PROGRESS [get_runs axis_data_fifo_0_impl_1]
0%
get_property STATS.ELAPSED [get_runs axis_data_fifo_0_impl_1]
00:00:00
get_property STATUS [get_runs axis_data_fifo_0_synth_1]
Running synth_design...
get_property NEEDS_REFRESH [get_runs axis_data_fifo_0_synth_1]
0
get_property PROGRESS [get_runs axis_data_fifo_0_synth_1]
0%
get_property STATS.ELAPSED [get_runs axis_data_fifo_0_synth_1]
00:01:40
get_property STATUS [get_runs axis_register_slice_fr_impl_1]
Not started
get_property NEEDS_REFRESH [get_runs axis_register_slice_fr_impl_1]
0
get_property PROGRESS [get_runs axis_register_slice_fr_impl_1]
0%
get_property STATS.ELAPSED [get_runs axis_register_slice_fr_impl_1]
00:00:00
get_property STATUS [get_runs axis_register_slice_fr_synth_1]
synth_design Complete!
get_property NEEDS_REFRESH [get_runs axis_register_slice_fr_synth_1]
0
get_property PROGRESS [get_runs axis_register_slice_fr_synth_1]
100%
get_property STATS.ELAPSED [get_runs axis_register_slice_fr_synth_1]
00:03:46
get_property STATUS [get_runs crif_fifo_impl_1]
Not started
get_property NEEDS_REFRESH [get_runs crif_fifo_impl_1]
0
get_property PROGRESS [get_runs crif_fifo_impl_1]
0%
get_property STATS.ELAPSED [get_runs crif_fifo_impl_1]
00:00:00
get_property STATUS [get_runs crif_fifo_synth_1]
synth_design Complete!
get_property NEEDS_REFRESH [get_runs crif_fifo_synth_1]
0
get_property PROGRESS [get_runs crif_fifo_synth_1]
100%
get_property STATS.ELAPSED [get_runs crif_fifo_synth_1]
00:06:18
get_property STATUS [get_runs distRAM_64x12_impl_1]
Not started
get_property NEEDS_REFRESH [get_runs distRAM_64x12_impl_1]
0
get_property PROGRESS [get_runs distRAM_64x12_impl_1]
0%
get_property STATS.ELAPSED [get_runs distRAM_64x12_impl_1]
00:00:00
get_property STATUS [get_runs distRAM_64x12_synth_1]
synth_design Complete!
get_property NEEDS_REFRESH [get_runs distRAM_64x12_synth_1]
0
get_property PROGRESS [get_runs distRAM_64x12_synth_1]
100%
get_property STATS.ELAPSED [get_runs distRAM_64x12_synth_1]
00:03:46
get_property STATUS [get_runs fir_compiler_0_impl_1]
Not started
get_property NEEDS_REFRESH [get_runs fir_compiler_0_impl_1]
0
get_property PROGRESS [get_runs fir_compiler_0_impl_1]
0%
get_property STATS.ELAPSED [get_runs fir_compiler_0_impl_1]
00:00:00
get_property STATUS [get_runs fir_compiler_0_synth_1]
synth_design Complete!
get_property NEEDS_REFRESH [get_runs fir_compiler_0_synth_1]
0
get_property PROGRESS [get_runs fir_compiler_0_synth_1]
100%
get_property STATS.ELAPSED [get_runs fir_compiler_0_synth_1]
00:04:33
get_property STATUS [get_runs fmc0_8chan_9g6_impl_1]
Not started
get_property NEEDS_REFRESH [get_runs fmc0_8chan_9g6_impl_1]
0
get_property PROGRESS [get_runs fmc0_8chan_9g6_impl_1]
0%
get_property STATS.ELAPSED [get_runs fmc0_8chan_9g6_impl_1]
00:00:00
get_property STATUS [get_runs fmc0_8chan_9g6_synth_1]
synth_design Complete!
get_property NEEDS_REFRESH [get_runs fmc0_8chan_9g6_synth_1]
0
get_property PROGRESS [get_runs fmc0_8chan_9g6_synth_1]
100%
get_property STATS.ELAPSED [get_runs fmc0_8chan_9g6_synth_1]
00:05:07
get_property STATUS [get_runs fmc0_8chan_9g6_vio_0_impl_1]
Not started
get_property NEEDS_REFRESH [get_runs fmc0_8chan_9g6_vio_0_impl_1]
0
get_property PROGRESS [get_runs fmc0_8chan_9g6_vio_0_impl_1]
0%
get_property STATS.ELAPSED [get_runs fmc0_8chan_9g6_vio_0_impl_1]
00:00:00
get_property STATUS [get_runs fmc0_8chan_9g6_vio_0_synth_1]
synth_design Complete!
get_property NEEDS_REFRESH [get_runs fmc0_8chan_9g6_vio_0_synth_1]
0
get_property PROGRESS [get_runs fmc0_8chan_9g6_vio_0_synth_1]
100%
get_property STATS.ELAPSED [get_runs fmc0_8chan_9g6_vio_0_synth_1]
00:04:05
get_property STATUS [get_runs gig_ethernet_pcs_pma_basex_156_25_impl_1]
Not started
get_property NEEDS_REFRESH [get_runs gig_ethernet_pcs_pma_basex_156_25_impl_1]
0
get_property PROGRESS [get_runs gig_ethernet_pcs_pma_basex_156_25_impl_1]
0%
get_property STATS.ELAPSED [get_runs gig_ethernet_pcs_pma_basex_156_25_impl_1]
00:00:00
get_property STATUS [get_runs gig_ethernet_pcs_pma_basex_156_25_synth_1]
Running synth_design...
get_property NEEDS_REFRESH [get_runs gig_ethernet_pcs_pma_basex_156_25_synth_1]
0
get_property PROGRESS [get_runs gig_ethernet_pcs_pma_basex_156_25_synth_1]
0%
get_property STATS.ELAPSED [get_runs gig_ethernet_pcs_pma_basex_156_25_synth_1]
00:01:58
get_property STATUS [get_runs impl_1]
Not started
get_property NEEDS_REFRESH [get_runs impl_1]
0
get_property PROGRESS [get_runs impl_1]
0%
get_property STATS.ELAPSED [get_runs impl_1]
00:00:00
get_property STATUS [get_runs synth_1]
Queued...
get_property NEEDS_REFRESH [get_runs synth_1]
0
get_property PROGRESS [get_runs synth_1]
0%
get_property STATS.ELAPSED [get_runs synth_1]
00:00:00
get_property STATUS [get_runs temac_gbe_v9_0_impl_1]
Not started
get_property NEEDS_REFRESH [get_runs temac_gbe_v9_0_impl_1]
0
get_property PROGRESS [get_runs temac_gbe_v9_0_impl_1]
0%
get_property STATS.ELAPSED [get_runs temac_gbe_v9_0_impl_1]
00:00:00
get_property STATUS [get_runs temac_gbe_v9_0_synth_1]
Running synth_design...
get_property NEEDS_REFRESH [get_runs temac_gbe_v9_0_synth_1]
0
get_property PROGRESS [get_runs temac_gbe_v9_0_synth_1]
0%
get_property STATS.ELAPSED [get_runs temac_gbe_v9_0_synth_1]
00:00:39
get_property STATUS [get_runs thFMch_input_fifo_impl_1]
Not started
get_property NEEDS_REFRESH [get_runs thFMch_input_fifo_impl_1]
0
get_property PROGRESS [get_runs thFMch_input_fifo_impl_1]
0%
get_property STATS.ELAPSED [get_runs thFMch_input_fifo_impl_1]
00:00:00
get_property STATUS [get_runs thFMch_input_fifo_synth_1]
synth_design Complete!
get_property NEEDS_REFRESH [get_runs thFMch_input_fifo_synth_1]
0
get_property PROGRESS [get_runs thFMch_input_fifo_synth_1]
100%
get_property STATS.ELAPSED [get_runs thFMch_input_fifo_synth_1]
00:06:21
wait_on_run synth_1 -timeout 1
[Wed Jan 20 14:45:03 2021] Waiting for synth_1 to finish (timeout in 1 minute)...
[Wed Jan 20 14:46:04 2021] synth_1 timed out after 1 minute.
wait_on_run: Time (s): cpu = 00:00:00.07 ; elapsed = 00:01:00 . Memory (MB): peak = 2602.773 ; gain = 0.000 ; free physical = 5480 ; free virtual = 89254
get_runs
synth_1 thFMch_input_fifo_synth_1 fmc0_8chan_9g6_synth_1 fmc0_8chan_9g6_vio_0_synth_1 crif_fifo_synth_1 axis_register_slice_fr_synth_1 RAM_2048x12_synth_1 distRAM_64x12_synth_1 Median_distRAM_64x12_synth_1 fir_compiler_0_synth_1 axis_data_fifo_0_synth_1 address_LUT_synth_1 gig_ethernet_pcs_pma_basex_156_25_synth_1 temac_gbe_v9_0_synth_1 impl_1 thFMch_input_fifo_impl_1 fmc0_8chan_9g6_impl_1 fmc0_8chan_9g6_vio_0_impl_1 crif_fifo_impl_1 axis_register_slice_fr_impl_1 RAM_2048x12_impl_1 distRAM_64x12_impl_1 Median_distRAM_64x12_impl_1 fir_compiler_0_impl_1 axis_data_fifo_0_impl_1 address_LUT_impl_1 gig_ethernet_pcs_pma_basex_156_25_impl_1 temac_gbe_v9_0_impl_1
get_property STATUS [get_runs Median_distRAM_64x12_impl_1]
Not started
get_property NEEDS_REFRESH [get_runs Median_distRAM_64x12_impl_1]
0
get_property PROGRESS [get_runs Median_distRAM_64x12_impl_1]
0%
get_property STATS.ELAPSED [get_runs Median_distRAM_64x12_impl_1]
00:00:00
get_property STATUS [get_runs Median_distRAM_64x12_synth_1]
synth_design Complete!
get_property NEEDS_REFRESH [get_runs Median_distRAM_64x12_synth_1]
0
get_property PROGRESS [get_runs Median_distRAM_64x12_synth_1]
100%
get_property STATS.ELAPSED [get_runs Median_distRAM_64x12_synth_1]
00:03:44
get_property STATUS [get_runs RAM_2048x12_impl_1]
Not started
get_property NEEDS_REFRESH [get_runs RAM_2048x12_impl_1]
0
get_property PROGRESS [get_runs RAM_2048x12_impl_1]
0%
get_property STATS.ELAPSED [get_runs RAM_2048x12_impl_1]
00:00:00
get_property STATUS [get_runs RAM_2048x12_synth_1]
synth_design Complete!
get_property NEEDS_REFRESH [get_runs RAM_2048x12_synth_1]
0
get_property PROGRESS [get_runs RAM_2048x12_synth_1]
100%
get_property STATS.ELAPSED [get_runs RAM_2048x12_synth_1]
00:05:57
get_property STATUS [get_runs address_LUT_impl_1]
Not started
get_property NEEDS_REFRESH [get_runs address_LUT_impl_1]
0
get_property PROGRESS [get_runs address_LUT_impl_1]
0%
get_property STATS.ELAPSED [get_runs address_LUT_impl_1]
00:00:00
get_property STATUS [get_runs address_LUT_synth_1]
Running synth_design...
get_property NEEDS_REFRESH [get_runs address_LUT_synth_1]
0
get_property PROGRESS [get_runs address_LUT_synth_1]
0%
get_property STATS.ELAPSED [get_runs address_LUT_synth_1]
00:03:46
get_property STATUS [get_runs axis_data_fifo_0_impl_1]
Not started
get_property NEEDS_REFRESH [get_runs axis_data_fifo_0_impl_1]
0
get_property PROGRESS [get_runs axis_data_fifo_0_impl_1]
0%
get_property STATS.ELAPSED [get_runs axis_data_fifo_0_impl_1]
00:00:00
get_property STATUS [get_runs axis_data_fifo_0_synth_1]
synth_design Complete!
get_property NEEDS_REFRESH [get_runs axis_data_fifo_0_synth_1]
0
get_property PROGRESS [get_runs axis_data_fifo_0_synth_1]
100%
get_property STATS.ELAPSED [get_runs axis_data_fifo_0_synth_1]
00:03:50
get_property STATUS [get_runs axis_register_slice_fr_impl_1]
Not started
get_property NEEDS_REFRESH [get_runs axis_register_slice_fr_impl_1]
0
get_property PROGRESS [get_runs axis_register_slice_fr_impl_1]
0%
get_property STATS.ELAPSED [get_runs axis_register_slice_fr_impl_1]
00:00:00
get_property STATUS [get_runs axis_register_slice_fr_synth_1]
synth_design Complete!
get_property NEEDS_REFRESH [get_runs axis_register_slice_fr_synth_1]
0
get_property PROGRESS [get_runs axis_register_slice_fr_synth_1]
100%
get_property STATS.ELAPSED [get_runs axis_register_slice_fr_synth_1]
00:03:46
get_property STATUS [get_runs crif_fifo_impl_1]
Not started
get_property NEEDS_REFRESH [get_runs crif_fifo_impl_1]
0
get_property PROGRESS [get_runs crif_fifo_impl_1]
0%
get_property STATS.ELAPSED [get_runs crif_fifo_impl_1]
00:00:00
get_property STATUS [get_runs crif_fifo_synth_1]
synth_design Complete!
get_property NEEDS_REFRESH [get_runs crif_fifo_synth_1]
0
get_property PROGRESS [get_runs crif_fifo_synth_1]
100%
get_property STATS.ELAPSED [get_runs crif_fifo_synth_1]
00:06:18
get_property STATUS [get_runs distRAM_64x12_impl_1]
Not started
get_property NEEDS_REFRESH [get_runs distRAM_64x12_impl_1]
0
get_property PROGRESS [get_runs distRAM_64x12_impl_1]
0%
get_property STATS.ELAPSED [get_runs distRAM_64x12_impl_1]
00:00:00
get_property STATUS [get_runs distRAM_64x12_synth_1]
synth_design Complete!
get_property NEEDS_REFRESH [get_runs distRAM_64x12_synth_1]
0
get_property PROGRESS [get_runs distRAM_64x12_synth_1]
100%
get_property STATS.ELAPSED [get_runs distRAM_64x12_synth_1]
00:03:46
get_property STATUS [get_runs fir_compiler_0_impl_1]
Not started
get_property NEEDS_REFRESH [get_runs fir_compiler_0_impl_1]
0
get_property PROGRESS [get_runs fir_compiler_0_impl_1]
0%
get_property STATS.ELAPSED [get_runs fir_compiler_0_impl_1]
00:00:00
get_property STATUS [get_runs fir_compiler_0_synth_1]
synth_design Complete!
get_property NEEDS_REFRESH [get_runs fir_compiler_0_synth_1]
0
get_property PROGRESS [get_runs fir_compiler_0_synth_1]
100%
get_property STATS.ELAPSED [get_runs fir_compiler_0_synth_1]
00:04:33
get_property STATUS [get_runs fmc0_8chan_9g6_impl_1]
Not started
get_property NEEDS_REFRESH [get_runs fmc0_8chan_9g6_impl_1]
0
get_property PROGRESS [get_runs fmc0_8chan_9g6_impl_1]
0%
get_property STATS.ELAPSED [get_runs fmc0_8chan_9g6_impl_1]
00:00:00
get_property STATUS [get_runs fmc0_8chan_9g6_synth_1]
synth_design Complete!
get_property NEEDS_REFRESH [get_runs fmc0_8chan_9g6_synth_1]
0
get_property PROGRESS [get_runs fmc0_8chan_9g6_synth_1]
100%
get_property STATS.ELAPSED [get_runs fmc0_8chan_9g6_synth_1]
00:05:07
get_property STATUS [get_runs fmc0_8chan_9g6_vio_0_impl_1]
Not started
get_property NEEDS_REFRESH [get_runs fmc0_8chan_9g6_vio_0_impl_1]
0
get_property PROGRESS [get_runs fmc0_8chan_9g6_vio_0_impl_1]
0%
get_property STATS.ELAPSED [get_runs fmc0_8chan_9g6_vio_0_impl_1]
00:00:00
get_property STATUS [get_runs fmc0_8chan_9g6_vio_0_synth_1]
synth_design Complete!
get_property NEEDS_REFRESH [get_runs fmc0_8chan_9g6_vio_0_synth_1]
0
get_property PROGRESS [get_runs fmc0_8chan_9g6_vio_0_synth_1]
100%
get_property STATS.ELAPSED [get_runs fmc0_8chan_9g6_vio_0_synth_1]
00:04:05
get_property STATUS [get_runs gig_ethernet_pcs_pma_basex_156_25_impl_1]
Not started
get_property NEEDS_REFRESH [get_runs gig_ethernet_pcs_pma_basex_156_25_impl_1]
0
get_property PROGRESS [get_runs gig_ethernet_pcs_pma_basex_156_25_impl_1]
0%
get_property STATS.ELAPSED [get_runs gig_ethernet_pcs_pma_basex_156_25_impl_1]
00:00:00
get_property STATUS [get_runs gig_ethernet_pcs_pma_basex_156_25_synth_1]
Running synth_design...
get_property NEEDS_REFRESH [get_runs gig_ethernet_pcs_pma_basex_156_25_synth_1]
0
get_property PROGRESS [get_runs gig_ethernet_pcs_pma_basex_156_25_synth_1]
0%
get_property STATS.ELAPSED [get_runs gig_ethernet_pcs_pma_basex_156_25_synth_1]
00:01:58
get_property STATUS [get_runs impl_1]
Not started
get_property NEEDS_REFRESH [get_runs impl_1]
0
get_property PROGRESS [get_runs impl_1]
0%
get_property STATS.ELAPSED [get_runs impl_1]
00:00:00
get_property STATUS [get_runs synth_1]
Queued...
get_property NEEDS_REFRESH [get_runs synth_1]
0
get_property PROGRESS [get_runs synth_1]
0%
get_property STATS.ELAPSED [get_runs synth_1]
00:00:00
get_property STATUS [get_runs temac_gbe_v9_0_impl_1]
Not started
get_property NEEDS_REFRESH [get_runs temac_gbe_v9_0_impl_1]
0
get_property PROGRESS [get_runs temac_gbe_v9_0_impl_1]
0%
get_property STATS.ELAPSED [get_runs temac_gbe_v9_0_impl_1]
00:00:00
get_property STATUS [get_runs temac_gbe_v9_0_synth_1]
Running synth_design...
get_property NEEDS_REFRESH [get_runs temac_gbe_v9_0_synth_1]
0
get_property PROGRESS [get_runs temac_gbe_v9_0_synth_1]
0%
get_property STATS.ELAPSED [get_runs temac_gbe_v9_0_synth_1]
00:00:51
get_property STATUS [get_runs thFMch_input_fifo_impl_1]
Not started
get_property NEEDS_REFRESH [get_runs thFMch_input_fifo_impl_1]
0
get_property PROGRESS [get_runs thFMch_input_fifo_impl_1]
0%
get_property STATS.ELAPSED [get_runs thFMch_input_fifo_impl_1]
00:00:00
get_property STATUS [get_runs thFMch_input_fifo_synth_1]
synth_design Complete!
get_property NEEDS_REFRESH [get_runs thFMch_input_fifo_synth_1]
0
get_property PROGRESS [get_runs thFMch_input_fifo_synth_1]
100%
get_property STATS.ELAPSED [get_runs thFMch_input_fifo_synth_1]
00:06:21
wait_on_run synth_1 -timeout 1
[Wed Jan 20 14:46:04 2021] Waiting for synth_1 to finish (timeout in 1 minute)...
[Wed Jan 20 14:47:04 2021] synth_1 timed out after 1 minute.
wait_on_run: Time (s): cpu = 00:00:00.06 ; elapsed = 00:01:00 . Memory (MB): peak = 2602.773 ; gain = 0.000 ; free physical = 4746 ; free virtual = 88525
get_runs
synth_1 thFMch_input_fifo_synth_1 fmc0_8chan_9g6_synth_1 fmc0_8chan_9g6_vio_0_synth_1 crif_fifo_synth_1 axis_register_slice_fr_synth_1 RAM_2048x12_synth_1 distRAM_64x12_synth_1 Median_distRAM_64x12_synth_1 fir_compiler_0_synth_1 axis_data_fifo_0_synth_1 address_LUT_synth_1 gig_ethernet_pcs_pma_basex_156_25_synth_1 temac_gbe_v9_0_synth_1 impl_1 thFMch_input_fifo_impl_1 fmc0_8chan_9g6_impl_1 fmc0_8chan_9g6_vio_0_impl_1 crif_fifo_impl_1 axis_register_slice_fr_impl_1 RAM_2048x12_impl_1 distRAM_64x12_impl_1 Median_distRAM_64x12_impl_1 fir_compiler_0_impl_1 axis_data_fifo_0_impl_1 address_LUT_impl_1 gig_ethernet_pcs_pma_basex_156_25_impl_1 temac_gbe_v9_0_impl_1
get_property STATUS [get_runs Median_distRAM_64x12_impl_1]
Not started
get_property NEEDS_REFRESH [get_runs Median_distRAM_64x12_impl_1]
0
get_property PROGRESS [get_runs Median_distRAM_64x12_impl_1]
0%
get_property STATS.ELAPSED [get_runs Median_distRAM_64x12_impl_1]
00:00:00
get_property STATUS [get_runs Median_distRAM_64x12_synth_1]
synth_design Complete!
get_property NEEDS_REFRESH [get_runs Median_distRAM_64x12_synth_1]
0
get_property PROGRESS [get_runs Median_distRAM_64x12_synth_1]
100%
get_property STATS.ELAPSED [get_runs Median_distRAM_64x12_synth_1]
00:03:44
get_property STATUS [get_runs RAM_2048x12_impl_1]
Not started
get_property NEEDS_REFRESH [get_runs RAM_2048x12_impl_1]
0
get_property PROGRESS [get_runs RAM_2048x12_impl_1]
0%
get_property STATS.ELAPSED [get_runs RAM_2048x12_impl_1]
00:00:00
get_property STATUS [get_runs RAM_2048x12_synth_1]
synth_design Complete!
get_property NEEDS_REFRESH [get_runs RAM_2048x12_synth_1]
0
get_property PROGRESS [get_runs RAM_2048x12_synth_1]
100%
get_property STATS.ELAPSED [get_runs RAM_2048x12_synth_1]
00:05:57
get_property STATUS [get_runs address_LUT_impl_1]
Not started
get_property NEEDS_REFRESH [get_runs address_LUT_impl_1]
0
get_property PROGRESS [get_runs address_LUT_impl_1]
0%
get_property STATS.ELAPSED [get_runs address_LUT_impl_1]
00:00:00
get_property STATUS [get_runs address_LUT_synth_1]
Running synth_design...
get_property NEEDS_REFRESH [get_runs address_LUT_synth_1]
0
get_property PROGRESS [get_runs address_LUT_synth_1]
0%
get_property STATS.ELAPSED [get_runs address_LUT_synth_1]
00:03:46
get_property STATUS [get_runs axis_data_fifo_0_impl_1]
Not started
get_property NEEDS_REFRESH [get_runs axis_data_fifo_0_impl_1]
0
get_property PROGRESS [get_runs axis_data_fifo_0_impl_1]
0%
get_property STATS.ELAPSED [get_runs axis_data_fifo_0_impl_1]
00:00:00
get_property STATUS [get_runs axis_data_fifo_0_synth_1]
synth_design Complete!
get_property NEEDS_REFRESH [get_runs axis_data_fifo_0_synth_1]
0
get_property PROGRESS [get_runs axis_data_fifo_0_synth_1]
100%
get_property STATS.ELAPSED [get_runs axis_data_fifo_0_synth_1]
00:03:50
get_property STATUS [get_runs axis_register_slice_fr_impl_1]
Not started
get_property NEEDS_REFRESH [get_runs axis_register_slice_fr_impl_1]
0
get_property PROGRESS [get_runs axis_register_slice_fr_impl_1]
0%
get_property STATS.ELAPSED [get_runs axis_register_slice_fr_impl_1]
00:00:00
get_property STATUS [get_runs axis_register_slice_fr_synth_1]
synth_design Complete!
get_property NEEDS_REFRESH [get_runs axis_register_slice_fr_synth_1]
0
get_property PROGRESS [get_runs axis_register_slice_fr_synth_1]
100%
get_property STATS.ELAPSED [get_runs axis_register_slice_fr_synth_1]
00:03:46
get_property STATUS [get_runs crif_fifo_impl_1]
Not started
get_property NEEDS_REFRESH [get_runs crif_fifo_impl_1]
0
get_property PROGRESS [get_runs crif_fifo_impl_1]
0%
get_property STATS.ELAPSED [get_runs crif_fifo_impl_1]
00:00:00
get_property STATUS [get_runs crif_fifo_synth_1]
synth_design Complete!
get_property NEEDS_REFRESH [get_runs crif_fifo_synth_1]
0
get_property PROGRESS [get_runs crif_fifo_synth_1]
100%
get_property STATS.ELAPSED [get_runs crif_fifo_synth_1]
00:06:18
get_property STATUS [get_runs distRAM_64x12_impl_1]
Not started
get_property NEEDS_REFRESH [get_runs distRAM_64x12_impl_1]
0
get_property PROGRESS [get_runs distRAM_64x12_impl_1]
0%
get_property STATS.ELAPSED [get_runs distRAM_64x12_impl_1]
00:00:00
get_property STATUS [get_runs distRAM_64x12_synth_1]
synth_design Complete!
get_property NEEDS_REFRESH [get_runs distRAM_64x12_synth_1]
0
get_property PROGRESS [get_runs distRAM_64x12_synth_1]
100%
get_property STATS.ELAPSED [get_runs distRAM_64x12_synth_1]
00:03:46
get_property STATUS [get_runs fir_compiler_0_impl_1]
Not started
get_property NEEDS_REFRESH [get_runs fir_compiler_0_impl_1]
0
get_property PROGRESS [get_runs fir_compiler_0_impl_1]
0%
get_property STATS.ELAPSED [get_runs fir_compiler_0_impl_1]
00:00:00
get_property STATUS [get_runs fir_compiler_0_synth_1]
synth_design Complete!
get_property NEEDS_REFRESH [get_runs fir_compiler_0_synth_1]
0
get_property PROGRESS [get_runs fir_compiler_0_synth_1]
100%
get_property STATS.ELAPSED [get_runs fir_compiler_0_synth_1]
00:04:33
get_property STATUS [get_runs fmc0_8chan_9g6_impl_1]
Not started
get_property NEEDS_REFRESH [get_runs fmc0_8chan_9g6_impl_1]
0
get_property PROGRESS [get_runs fmc0_8chan_9g6_impl_1]
0%
get_property STATS.ELAPSED [get_runs fmc0_8chan_9g6_impl_1]
00:00:00
get_property STATUS [get_runs fmc0_8chan_9g6_synth_1]
synth_design Complete!
get_property NEEDS_REFRESH [get_runs fmc0_8chan_9g6_synth_1]
0
get_property PROGRESS [get_runs fmc0_8chan_9g6_synth_1]
100%
get_property STATS.ELAPSED [get_runs fmc0_8chan_9g6_synth_1]
00:05:07
get_property STATUS [get_runs fmc0_8chan_9g6_vio_0_impl_1]
Not started
get_property NEEDS_REFRESH [get_runs fmc0_8chan_9g6_vio_0_impl_1]
0
get_property PROGRESS [get_runs fmc0_8chan_9g6_vio_0_impl_1]
0%
get_property STATS.ELAPSED [get_runs fmc0_8chan_9g6_vio_0_impl_1]
00:00:00
get_property STATUS [get_runs fmc0_8chan_9g6_vio_0_synth_1]
synth_design Complete!
get_property NEEDS_REFRESH [get_runs fmc0_8chan_9g6_vio_0_synth_1]
0
get_property PROGRESS [get_runs fmc0_8chan_9g6_vio_0_synth_1]
100%
get_property STATS.ELAPSED [get_runs fmc0_8chan_9g6_vio_0_synth_1]
00:04:05
get_property STATUS [get_runs gig_ethernet_pcs_pma_basex_156_25_impl_1]
Not started
get_property NEEDS_REFRESH [get_runs gig_ethernet_pcs_pma_basex_156_25_impl_1]
0
get_property PROGRESS [get_runs gig_ethernet_pcs_pma_basex_156_25_impl_1]
0%
get_property STATS.ELAPSED [get_runs gig_ethernet_pcs_pma_basex_156_25_impl_1]
00:00:00
get_property STATUS [get_runs gig_ethernet_pcs_pma_basex_156_25_synth_1]
Running synth_design...
get_property NEEDS_REFRESH [get_runs gig_ethernet_pcs_pma_basex_156_25_synth_1]
0
get_property PROGRESS [get_runs gig_ethernet_pcs_pma_basex_156_25_synth_1]
0%
get_property STATS.ELAPSED [get_runs gig_ethernet_pcs_pma_basex_156_25_synth_1]
00:04:02
get_property STATUS [get_runs impl_1]
Not started
get_property NEEDS_REFRESH [get_runs impl_1]
0
get_property PROGRESS [get_runs impl_1]
0%
get_property STATS.ELAPSED [get_runs impl_1]
00:00:00
get_property STATUS [get_runs synth_1]
Queued...
get_property NEEDS_REFRESH [get_runs synth_1]
0
get_property PROGRESS [get_runs synth_1]
0%
get_property STATS.ELAPSED [get_runs synth_1]
00:00:00
get_property STATUS [get_runs temac_gbe_v9_0_impl_1]
Not started
get_property NEEDS_REFRESH [get_runs temac_gbe_v9_0_impl_1]
0
get_property PROGRESS [get_runs temac_gbe_v9_0_impl_1]
0%
get_property STATS.ELAPSED [get_runs temac_gbe_v9_0_impl_1]
00:00:00
get_property STATUS [get_runs temac_gbe_v9_0_synth_1]
Running synth_design...
get_property NEEDS_REFRESH [get_runs temac_gbe_v9_0_synth_1]
0
get_property PROGRESS [get_runs temac_gbe_v9_0_synth_1]
0%
get_property STATS.ELAPSED [get_runs temac_gbe_v9_0_synth_1]
00:02:00
get_property STATUS [get_runs thFMch_input_fifo_impl_1]
Not started
get_property NEEDS_REFRESH [get_runs thFMch_input_fifo_impl_1]
0
get_property PROGRESS [get_runs thFMch_input_fifo_impl_1]
0%
get_property STATS.ELAPSED [get_runs thFMch_input_fifo_impl_1]
00:00:00
get_property STATUS [get_runs thFMch_input_fifo_synth_1]
synth_design Complete!
get_property NEEDS_REFRESH [get_runs thFMch_input_fifo_synth_1]
0
get_property PROGRESS [get_runs thFMch_input_fifo_synth_1]
100%
get_property STATS.ELAPSED [get_runs thFMch_input_fifo_synth_1]
00:06:21
wait_on_run synth_1 -timeout 1
[Wed Jan 20 14:47:04 2021] Waiting for synth_1 to finish (timeout in 1 minute)...
[Wed Jan 20 14:48:04 2021] synth_1 timed out after 1 minute.
wait_on_run: Time (s): cpu = 00:00:00.15 ; elapsed = 00:01:00 . Memory (MB): peak = 2602.773 ; gain = 0.000 ; free physical = 7547 ; free virtual = 91319
get_runs
synth_1 thFMch_input_fifo_synth_1 fmc0_8chan_9g6_synth_1 fmc0_8chan_9g6_vio_0_synth_1 crif_fifo_synth_1 axis_register_slice_fr_synth_1 RAM_2048x12_synth_1 distRAM_64x12_synth_1 Median_distRAM_64x12_synth_1 fir_compiler_0_synth_1 axis_data_fifo_0_synth_1 address_LUT_synth_1 gig_ethernet_pcs_pma_basex_156_25_synth_1 temac_gbe_v9_0_synth_1 impl_1 thFMch_input_fifo_impl_1 fmc0_8chan_9g6_impl_1 fmc0_8chan_9g6_vio_0_impl_1 crif_fifo_impl_1 axis_register_slice_fr_impl_1 RAM_2048x12_impl_1 distRAM_64x12_impl_1 Median_distRAM_64x12_impl_1 fir_compiler_0_impl_1 axis_data_fifo_0_impl_1 address_LUT_impl_1 gig_ethernet_pcs_pma_basex_156_25_impl_1 temac_gbe_v9_0_impl_1
get_property STATUS [get_runs Median_distRAM_64x12_impl_1]
Not started
get_property NEEDS_REFRESH [get_runs Median_distRAM_64x12_impl_1]
0
get_property PROGRESS [get_runs Median_distRAM_64x12_impl_1]
0%
get_property STATS.ELAPSED [get_runs Median_distRAM_64x12_impl_1]
00:00:00
get_property STATUS [get_runs Median_distRAM_64x12_synth_1]
synth_design Complete!
get_property NEEDS_REFRESH [get_runs Median_distRAM_64x12_synth_1]
0
get_property PROGRESS [get_runs Median_distRAM_64x12_synth_1]
100%
get_property STATS.ELAPSED [get_runs Median_distRAM_64x12_synth_1]
00:03:44
get_property STATUS [get_runs RAM_2048x12_impl_1]
Not started
get_property NEEDS_REFRESH [get_runs RAM_2048x12_impl_1]
0
get_property PROGRESS [get_runs RAM_2048x12_impl_1]
0%
get_property STATS.ELAPSED [get_runs RAM_2048x12_impl_1]
00:00:00
get_property STATUS [get_runs RAM_2048x12_synth_1]
synth_design Complete!
get_property NEEDS_REFRESH [get_runs RAM_2048x12_synth_1]
0
get_property PROGRESS [get_runs RAM_2048x12_synth_1]
100%
get_property STATS.ELAPSED [get_runs RAM_2048x12_synth_1]
00:05:57
get_property STATUS [get_runs address_LUT_impl_1]
Not started
get_property NEEDS_REFRESH [get_runs address_LUT_impl_1]
0
get_property PROGRESS [get_runs address_LUT_impl_1]
0%
get_property STATS.ELAPSED [get_runs address_LUT_impl_1]
00:00:00
get_property STATUS [get_runs address_LUT_synth_1]
synth_design Complete!
get_property NEEDS_REFRESH [get_runs address_LUT_synth_1]
0
get_property PROGRESS [get_runs address_LUT_synth_1]
100%
get_property STATS.ELAPSED [get_runs address_LUT_synth_1]
00:05:52
get_property STATUS [get_runs axis_data_fifo_0_impl_1]
Not started
get_property NEEDS_REFRESH [get_runs axis_data_fifo_0_impl_1]
0
get_property PROGRESS [get_runs axis_data_fifo_0_impl_1]
0%
get_property STATS.ELAPSED [get_runs axis_data_fifo_0_impl_1]
00:00:00
get_property STATUS [get_runs axis_data_fifo_0_synth_1]
synth_design Complete!
get_property NEEDS_REFRESH [get_runs axis_data_fifo_0_synth_1]
0
get_property PROGRESS [get_runs axis_data_fifo_0_synth_1]
100%
get_property STATS.ELAPSED [get_runs axis_data_fifo_0_synth_1]
00:03:50
get_property STATUS [get_runs axis_register_slice_fr_impl_1]
Not started
get_property NEEDS_REFRESH [get_runs axis_register_slice_fr_impl_1]
0
get_property PROGRESS [get_runs axis_register_slice_fr_impl_1]
0%
get_property STATS.ELAPSED [get_runs axis_register_slice_fr_impl_1]
00:00:00
get_property STATUS [get_runs axis_register_slice_fr_synth_1]
synth_design Complete!
get_property NEEDS_REFRESH [get_runs axis_register_slice_fr_synth_1]
0
get_property PROGRESS [get_runs axis_register_slice_fr_synth_1]
100%
get_property STATS.ELAPSED [get_runs axis_register_slice_fr_synth_1]
00:03:46
get_property STATUS [get_runs crif_fifo_impl_1]
Not started
get_property NEEDS_REFRESH [get_runs crif_fifo_impl_1]
0
get_property PROGRESS [get_runs crif_fifo_impl_1]
0%
get_property STATS.ELAPSED [get_runs crif_fifo_impl_1]
00:00:00
get_property STATUS [get_runs crif_fifo_synth_1]
synth_design Complete!
get_property NEEDS_REFRESH [get_runs crif_fifo_synth_1]
0
get_property PROGRESS [get_runs crif_fifo_synth_1]
100%
get_property STATS.ELAPSED [get_runs crif_fifo_synth_1]
00:06:18
get_property STATUS [get_runs distRAM_64x12_impl_1]
Not started
get_property NEEDS_REFRESH [get_runs distRAM_64x12_impl_1]
0
get_property PROGRESS [get_runs distRAM_64x12_impl_1]
0%
get_property STATS.ELAPSED [get_runs distRAM_64x12_impl_1]
00:00:00
get_property STATUS [get_runs distRAM_64x12_synth_1]
synth_design Complete!
get_property NEEDS_REFRESH [get_runs distRAM_64x12_synth_1]
0
get_property PROGRESS [get_runs distRAM_64x12_synth_1]
100%
get_property STATS.ELAPSED [get_runs distRAM_64x12_synth_1]
00:03:46
get_property STATUS [get_runs fir_compiler_0_impl_1]
Not started
get_property NEEDS_REFRESH [get_runs fir_compiler_0_impl_1]
0
get_property PROGRESS [get_runs fir_compiler_0_impl_1]
0%
get_property STATS.ELAPSED [get_runs fir_compiler_0_impl_1]
00:00:00
get_property STATUS [get_runs fir_compiler_0_synth_1]
synth_design Complete!
get_property NEEDS_REFRESH [get_runs fir_compiler_0_synth_1]
0
get_property PROGRESS [get_runs fir_compiler_0_synth_1]
100%
get_property STATS.ELAPSED [get_runs fir_compiler_0_synth_1]
00:04:33
get_property STATUS [get_runs fmc0_8chan_9g6_impl_1]
Not started
get_property NEEDS_REFRESH [get_runs fmc0_8chan_9g6_impl_1]
0
get_property PROGRESS [get_runs fmc0_8chan_9g6_impl_1]
0%
get_property STATS.ELAPSED [get_runs fmc0_8chan_9g6_impl_1]
00:00:00
get_property STATUS [get_runs fmc0_8chan_9g6_synth_1]
synth_design Complete!
get_property NEEDS_REFRESH [get_runs fmc0_8chan_9g6_synth_1]
0
get_property PROGRESS [get_runs fmc0_8chan_9g6_synth_1]
100%
get_property STATS.ELAPSED [get_runs fmc0_8chan_9g6_synth_1]
00:05:07
get_property STATUS [get_runs fmc0_8chan_9g6_vio_0_impl_1]
Not started
get_property NEEDS_REFRESH [get_runs fmc0_8chan_9g6_vio_0_impl_1]
0
get_property PROGRESS [get_runs fmc0_8chan_9g6_vio_0_impl_1]
0%
get_property STATS.ELAPSED [get_runs fmc0_8chan_9g6_vio_0_impl_1]
00:00:00
get_property STATUS [get_runs fmc0_8chan_9g6_vio_0_synth_1]
synth_design Complete!
get_property NEEDS_REFRESH [get_runs fmc0_8chan_9g6_vio_0_synth_1]
0
get_property PROGRESS [get_runs fmc0_8chan_9g6_vio_0_synth_1]
100%
get_property STATS.ELAPSED [get_runs fmc0_8chan_9g6_vio_0_synth_1]
00:04:05
get_property STATUS [get_runs gig_ethernet_pcs_pma_basex_156_25_impl_1]
Not started
get_property NEEDS_REFRESH [get_runs gig_ethernet_pcs_pma_basex_156_25_impl_1]
0
get_property PROGRESS [get_runs gig_ethernet_pcs_pma_basex_156_25_impl_1]
0%
get_property STATS.ELAPSED [get_runs gig_ethernet_pcs_pma_basex_156_25_impl_1]
00:00:00
get_property STATUS [get_runs gig_ethernet_pcs_pma_basex_156_25_synth_1]
synth_design Complete!
get_property NEEDS_REFRESH [get_runs gig_ethernet_pcs_pma_basex_156_25_synth_1]
0
get_property PROGRESS [get_runs gig_ethernet_pcs_pma_basex_156_25_synth_1]
100%
get_property STATS.ELAPSED [get_runs gig_ethernet_pcs_pma_basex_156_25_synth_1]
00:04:12
get_property STATUS [get_runs impl_1]
Not started
get_property NEEDS_REFRESH [get_runs impl_1]
0
get_property PROGRESS [get_runs impl_1]
0%
get_property STATS.ELAPSED [get_runs impl_1]
00:00:00
get_property STATUS [get_runs synth_1]
Queued...
get_property NEEDS_REFRESH [get_runs synth_1]
0
get_property PROGRESS [get_runs synth_1]
0%
get_property STATS.ELAPSED [get_runs synth_1]
00:00:00
get_property STATUS [get_runs temac_gbe_v9_0_impl_1]
Not started
get_property NEEDS_REFRESH [get_runs temac_gbe_v9_0_impl_1]
0
get_property PROGRESS [get_runs temac_gbe_v9_0_impl_1]
0%
get_property STATS.ELAPSED [get_runs temac_gbe_v9_0_impl_1]
00:00:00
get_property STATUS [get_runs temac_gbe_v9_0_synth_1]
Running synth_design...
get_property NEEDS_REFRESH [get_runs temac_gbe_v9_0_synth_1]
0
get_property PROGRESS [get_runs temac_gbe_v9_0_synth_1]
0%
get_property STATS.ELAPSED [get_runs temac_gbe_v9_0_synth_1]
00:02:00
get_property STATUS [get_runs thFMch_input_fifo_impl_1]
Not started
get_property NEEDS_REFRESH [get_runs thFMch_input_fifo_impl_1]
0
get_property PROGRESS [get_runs thFMch_input_fifo_impl_1]
0%
get_property STATS.ELAPSED [get_runs thFMch_input_fifo_impl_1]
00:00:00
get_property STATUS [get_runs thFMch_input_fifo_synth_1]
synth_design Complete!
get_property NEEDS_REFRESH [get_runs thFMch_input_fifo_synth_1]
0
get_property PROGRESS [get_runs thFMch_input_fifo_synth_1]
100%
get_property STATS.ELAPSED [get_runs thFMch_input_fifo_synth_1]
00:06:21
wait_on_run synth_1 -timeout 1
[Wed Jan 20 14:48:05 2021] Waiting for synth_1 to finish (timeout in 1 minute)...

*** Running vivado
    with args -log top.vds -m64 -product Vivado -mode batch -messageDb vivado.pb -notrace -source top.tcl


****** Vivado v2018.3 (64-bit)
  **** SW Build 2405991 on Thu Dec  6 23:36:41 MST 2018
  **** IP Build 2404404 on Fri Dec  7 01:43:56 MST 2018
    ** Copyright 1986-2018 Xilinx, Inc. All Rights Reserved.

source top.tcl -notrace
[Wed Jan 20 14:49:05 2021] synth_1 timed out after 1 minute.
wait_on_run: Time (s): cpu = 00:00:00.10 ; elapsed = 00:01:00 . Memory (MB): peak = 2602.773 ; gain = 0.000 ; free physical = 8728 ; free virtual = 92498
get_runs
synth_1 thFMch_input_fifo_synth_1 fmc0_8chan_9g6_synth_1 fmc0_8chan_9g6_vio_0_synth_1 crif_fifo_synth_1 axis_register_slice_fr_synth_1 RAM_2048x12_synth_1 distRAM_64x12_synth_1 Median_distRAM_64x12_synth_1 fir_compiler_0_synth_1 axis_data_fifo_0_synth_1 address_LUT_synth_1 gig_ethernet_pcs_pma_basex_156_25_synth_1 temac_gbe_v9_0_synth_1 impl_1 thFMch_input_fifo_impl_1 fmc0_8chan_9g6_impl_1 fmc0_8chan_9g6_vio_0_impl_1 crif_fifo_impl_1 axis_register_slice_fr_impl_1 RAM_2048x12_impl_1 distRAM_64x12_impl_1 Median_distRAM_64x12_impl_1 fir_compiler_0_impl_1 axis_data_fifo_0_impl_1 address_LUT_impl_1 gig_ethernet_pcs_pma_basex_156_25_impl_1 temac_gbe_v9_0_impl_1
get_property STATUS [get_runs Median_distRAM_64x12_impl_1]
Not started
get_property NEEDS_REFRESH [get_runs Median_distRAM_64x12_impl_1]
0
get_property PROGRESS [get_runs Median_distRAM_64x12_impl_1]
0%
get_property STATS.ELAPSED [get_runs Median_distRAM_64x12_impl_1]
00:00:00
get_property STATUS [get_runs Median_distRAM_64x12_synth_1]
synth_design Complete!
get_property NEEDS_REFRESH [get_runs Median_distRAM_64x12_synth_1]
0
get_property PROGRESS [get_runs Median_distRAM_64x12_synth_1]
100%
get_property STATS.ELAPSED [get_runs Median_distRAM_64x12_synth_1]
00:03:44
get_property STATUS [get_runs RAM_2048x12_impl_1]
Not started
get_property NEEDS_REFRESH [get_runs RAM_2048x12_impl_1]
0
get_property PROGRESS [get_runs RAM_2048x12_impl_1]
0%
get_property STATS.ELAPSED [get_runs RAM_2048x12_impl_1]
00:00:00
get_property STATUS [get_runs RAM_2048x12_synth_1]
synth_design Complete!
get_property NEEDS_REFRESH [get_runs RAM_2048x12_synth_1]
0
get_property PROGRESS [get_runs RAM_2048x12_synth_1]
100%
get_property STATS.ELAPSED [get_runs RAM_2048x12_synth_1]
00:05:57
get_property STATUS [get_runs address_LUT_impl_1]
Not started
get_property NEEDS_REFRESH [get_runs address_LUT_impl_1]
0
get_property PROGRESS [get_runs address_LUT_impl_1]
0%
get_property STATS.ELAPSED [get_runs address_LUT_impl_1]
00:00:00
get_property STATUS [get_runs address_LUT_synth_1]
synth_design Complete!
get_property NEEDS_REFRESH [get_runs address_LUT_synth_1]
0
get_property PROGRESS [get_runs address_LUT_synth_1]
100%
get_property STATS.ELAPSED [get_runs address_LUT_synth_1]
00:05:52
get_property STATUS [get_runs axis_data_fifo_0_impl_1]
Not started
get_property NEEDS_REFRESH [get_runs axis_data_fifo_0_impl_1]
0
get_property PROGRESS [get_runs axis_data_fifo_0_impl_1]
0%
get_property STATS.ELAPSED [get_runs axis_data_fifo_0_impl_1]
00:00:00
get_property STATUS [get_runs axis_data_fifo_0_synth_1]
synth_design Complete!
get_property NEEDS_REFRESH [get_runs axis_data_fifo_0_synth_1]
0
get_property PROGRESS [get_runs axis_data_fifo_0_synth_1]
100%
get_property STATS.ELAPSED [get_runs axis_data_fifo_0_synth_1]
00:03:50
get_property STATUS [get_runs axis_register_slice_fr_impl_1]
Not started
get_property NEEDS_REFRESH [get_runs axis_register_slice_fr_impl_1]
0
get_property PROGRESS [get_runs axis_register_slice_fr_impl_1]
0%
get_property STATS.ELAPSED [get_runs axis_register_slice_fr_impl_1]
00:00:00
get_property STATUS [get_runs axis_register_slice_fr_synth_1]
synth_design Complete!
get_property NEEDS_REFRESH [get_runs axis_register_slice_fr_synth_1]
0
get_property PROGRESS [get_runs axis_register_slice_fr_synth_1]
100%
get_property STATS.ELAPSED [get_runs axis_register_slice_fr_synth_1]
00:03:46
get_property STATUS [get_runs crif_fifo_impl_1]
Not started
get_property NEEDS_REFRESH [get_runs crif_fifo_impl_1]
0
get_property PROGRESS [get_runs crif_fifo_impl_1]
0%
get_property STATS.ELAPSED [get_runs crif_fifo_impl_1]
00:00:00
get_property STATUS [get_runs crif_fifo_synth_1]
synth_design Complete!
get_property NEEDS_REFRESH [get_runs crif_fifo_synth_1]
0
get_property PROGRESS [get_runs crif_fifo_synth_1]
100%
get_property STATS.ELAPSED [get_runs crif_fifo_synth_1]
00:06:18
get_property STATUS [get_runs distRAM_64x12_impl_1]
Not started
get_property NEEDS_REFRESH [get_runs distRAM_64x12_impl_1]
0
get_property PROGRESS [get_runs distRAM_64x12_impl_1]
0%
get_property STATS.ELAPSED [get_runs distRAM_64x12_impl_1]
00:00:00
get_property STATUS [get_runs distRAM_64x12_synth_1]
synth_design Complete!
get_property NEEDS_REFRESH [get_runs distRAM_64x12_synth_1]
0
get_property PROGRESS [get_runs distRAM_64x12_synth_1]
100%
get_property STATS.ELAPSED [get_runs distRAM_64x12_synth_1]
00:03:46
get_property STATUS [get_runs fir_compiler_0_impl_1]
Not started
get_property NEEDS_REFRESH [get_runs fir_compiler_0_impl_1]
0
get_property PROGRESS [get_runs fir_compiler_0_impl_1]
0%
get_property STATS.ELAPSED [get_runs fir_compiler_0_impl_1]
00:00:00
get_property STATUS [get_runs fir_compiler_0_synth_1]
synth_design Complete!
get_property NEEDS_REFRESH [get_runs fir_compiler_0_synth_1]
0
get_property PROGRESS [get_runs fir_compiler_0_synth_1]
100%
get_property STATS.ELAPSED [get_runs fir_compiler_0_synth_1]
00:04:33
get_property STATUS [get_runs fmc0_8chan_9g6_impl_1]
Not started
get_property NEEDS_REFRESH [get_runs fmc0_8chan_9g6_impl_1]
0
get_property PROGRESS [get_runs fmc0_8chan_9g6_impl_1]
0%
get_property STATS.ELAPSED [get_runs fmc0_8chan_9g6_impl_1]
00:00:00
get_property STATUS [get_runs fmc0_8chan_9g6_synth_1]
synth_design Complete!
get_property NEEDS_REFRESH [get_runs fmc0_8chan_9g6_synth_1]
0
get_property PROGRESS [get_runs fmc0_8chan_9g6_synth_1]
100%
get_property STATS.ELAPSED [get_runs fmc0_8chan_9g6_synth_1]
00:05:07
get_property STATUS [get_runs fmc0_8chan_9g6_vio_0_impl_1]
Not started
get_property NEEDS_REFRESH [get_runs fmc0_8chan_9g6_vio_0_impl_1]
0
get_property PROGRESS [get_runs fmc0_8chan_9g6_vio_0_impl_1]
0%
get_property STATS.ELAPSED [get_runs fmc0_8chan_9g6_vio_0_impl_1]
00:00:00
get_property STATUS [get_runs fmc0_8chan_9g6_vio_0_synth_1]
synth_design Complete!
get_property NEEDS_REFRESH [get_runs fmc0_8chan_9g6_vio_0_synth_1]
0
get_property PROGRESS [get_runs fmc0_8chan_9g6_vio_0_synth_1]
100%
get_property STATS.ELAPSED [get_runs fmc0_8chan_9g6_vio_0_synth_1]
00:04:05
get_property STATUS [get_runs gig_ethernet_pcs_pma_basex_156_25_impl_1]
Not started
get_property NEEDS_REFRESH [get_runs gig_ethernet_pcs_pma_basex_156_25_impl_1]
0
get_property PROGRESS [get_runs gig_ethernet_pcs_pma_basex_156_25_impl_1]
0%
get_property STATS.ELAPSED [get_runs gig_ethernet_pcs_pma_basex_156_25_impl_1]
00:00:00
get_property STATUS [get_runs gig_ethernet_pcs_pma_basex_156_25_synth_1]
synth_design Complete!
get_property NEEDS_REFRESH [get_runs gig_ethernet_pcs_pma_basex_156_25_synth_1]
0
get_property PROGRESS [get_runs gig_ethernet_pcs_pma_basex_156_25_synth_1]
100%
get_property STATS.ELAPSED [get_runs gig_ethernet_pcs_pma_basex_156_25_synth_1]
00:04:12
get_property STATUS [get_runs impl_1]
Not started
get_property NEEDS_REFRESH [get_runs impl_1]
0
get_property PROGRESS [get_runs impl_1]
0%
get_property STATS.ELAPSED [get_runs impl_1]
00:00:00
get_property STATUS [get_runs synth_1]
Running synth_design...
get_property NEEDS_REFRESH [get_runs synth_1]
0
get_property PROGRESS [get_runs synth_1]
0%
get_property STATS.ELAPSED [get_runs synth_1]
00:00:13
get_property STATUS [get_runs temac_gbe_v9_0_impl_1]
Not started
get_property NEEDS_REFRESH [get_runs temac_gbe_v9_0_impl_1]
0
get_property PROGRESS [get_runs temac_gbe_v9_0_impl_1]
0%
get_property STATS.ELAPSED [get_runs temac_gbe_v9_0_impl_1]
00:00:00
get_property STATUS [get_runs temac_gbe_v9_0_synth_1]
synth_design Complete!
get_property NEEDS_REFRESH [get_runs temac_gbe_v9_0_synth_1]
0
get_property PROGRESS [get_runs temac_gbe_v9_0_synth_1]
100%
get_property STATS.ELAPSED [get_runs temac_gbe_v9_0_synth_1]
00:04:14
get_property STATUS [get_runs thFMch_input_fifo_impl_1]
Not started
get_property NEEDS_REFRESH [get_runs thFMch_input_fifo_impl_1]
0
get_property PROGRESS [get_runs thFMch_input_fifo_impl_1]
0%
get_property STATS.ELAPSED [get_runs thFMch_input_fifo_impl_1]
00:00:00
get_property STATUS [get_runs thFMch_input_fifo_synth_1]
synth_design Complete!
get_property NEEDS_REFRESH [get_runs thFMch_input_fifo_synth_1]
0
get_property PROGRESS [get_runs thFMch_input_fifo_synth_1]
100%
get_property STATS.ELAPSED [get_runs thFMch_input_fifo_synth_1]
00:06:21
wait_on_run synth_1 -timeout 1
[Wed Jan 20 14:49:05 2021] Waiting for synth_1 to finish (timeout in 1 minute)...

*** Running vivado
    with args -log top.vds -m64 -product Vivado -mode batch -messageDb vivado.pb -notrace -source top.tcl


****** Vivado v2018.3 (64-bit)
  **** SW Build 2405991 on Thu Dec  6 23:36:41 MST 2018
  **** IP Build 2404404 on Fri Dec  7 01:43:56 MST 2018
    ** Copyright 1986-2018 Xilinx, Inc. All Rights Reserved.

source top.tcl -notrace
Command: synth_design -top top -part xczu9eg-ffvb1156-2-e -flatten_hierarchy none
Starting synth_design
Attempting to get a license for feature 'Synthesis' and/or device 'xczu9eg'
INFO: [Common 17-349] Got license for feature 'Synthesis' and/or device 'xczu9eg'
INFO: Launching helper process for spawning children vivado processes
INFO: Helper process launched with PID 31449 
---------------------------------------------------------------------------------
Starting RTL Elaboration : Time (s): cpu = 00:00:02 ; elapsed = 00:00:04 . Memory (MB): peak = 1590.977 ; gain = 90.969 ; free physical = 8584 ; free virtual = 92354
---------------------------------------------------------------------------------
ERROR: [Synth 8-1779] cannot read from 'out' object m_axis_data_w ; use 'buffer' or 'inout' [/data2/hmo31799/dune_project/ped_sub/tpg_core/src/dataflow-firmware/components/processing/firmware/hdl/PedSub_HLS_wrapper.vhd:136]
WARNING: [Synth 8-2040] formal port tlast of mode in cannot be associated with actual port m_axis_data_w of mode out [/data2/hmo31799/dune_project/ped_sub/tpg_core/src/dataflow-firmware/components/processing/firmware/hdl/PedSub_HLS_wrapper.vhd:136]
ERROR: [Synth 8-1085] m_axis_data_w with mode 'out' cannot be read [/data2/hmo31799/dune_project/ped_sub/tpg_core/src/dataflow-firmware/components/processing/firmware/hdl/PedSub_HLS_wrapper.vhd:136]
INFO: [Synth 8-2810] unit behavioral ignored due to previous errors [/data2/hmo31799/dune_project/ped_sub/tpg_core/src/dataflow-firmware/components/processing/firmware/hdl/PedSub_HLS_wrapper.vhd:45]
---------------------------------------------------------------------------------
Finished RTL Elaboration : Time (s): cpu = 00:00:03 ; elapsed = 00:00:06 . Memory (MB): peak = 1638.727 ; gain = 138.719 ; free physical = 8597 ; free virtual = 92368
---------------------------------------------------------------------------------
RTL Elaboration failed
INFO: [Common 17-83] Releasing license: Synthesis
3 Infos, 1 Warnings, 0 Critical Warnings and 3 Errors encountered.
synth_design failed
ERROR: [Common 17-69] Command failed: Synthesis failed - please see the console or run log file for details
INFO: [Common 17-206] Exiting Vivado at Wed Jan 20 14:49:14 2021...
[Wed Jan 20 14:49:14 2021] synth_1 finished
wait_on_run: Time (s): cpu = 00:25:15 ; elapsed = 00:00:09 . Memory (MB): peak = 2602.773 ; gain = 0.000 ; free physical = 8982 ; free virtual = 92752
quit
INFO: [Common 17-206] Exiting Vivado at Wed Jan 20 14:49:14 2021...
